company,location,city,phone,source,profile_url
White Arch General Contracting & Maintenance LLC More Info,"White Arch General Contracting & Maintenance LLC More Info Location : Office 203, 2nd Floor, Saeed Nasser Al Junaibi Building, Tourist Club Area City : Abu Dhabi P.O Box : 27612 Phone : 02 64... 02 6437371 Mobile : 055 4 ... 055 4645888 Products & Services : Electromechanical Contractors , Electromechanical Engineers And Consultants , HVAC Contractors , Read More...",Abu Dhabi,02 6437371,https://www.yellowpages-uae.com/uae/electromechanical-contractors,/white-arch-general-contracting-maintenance-llc-177815?p=U2FsdGVkX18WnX6al0ORoTpmIfQ5DDSLQmWHEJIlnpR31aLaOfx4RBkI8bqimLcq
Electromechanical Contractors,"Electromechanical Contractors ,",,,https://www.yellowpages-uae.com/uae/electromechanical-contractors,https://www.yellowpages-uae.com/uae/electromechanical-contractors
Electromechanical Engineers And Consultants,"Electromechanical Engineers And Consultants ,",,,https://www.yellowpages-uae.com/uae/electromechanical-contractors,https://www.yellowpages-uae.com/uae/electromechanical-engineers-and-consultants
HVAC Contractors,"HVAC Contractors ,",,,https://www.yellowpages-uae.com/uae/electromechanical-contractors,https://www.yellowpages-uae.com/uae/hvac-contractors
Top Line Electromechanical Engineering LLC More Info,"Top Line Electromechanical Engineering LLC More Info Location : 112, Granada Building 7, Al Hudaiba St, Near Indian Public School, Al Nakheel City : Ras Al Khaimah P.O Box : 13230 Phone : 07 22... 07 2213806 Mobile : 050 5 ... 050 5391038 Products & Services : Electromechanical Contractors , Electromechanical Engineers and Consultants , Contractors Electromechanical , Read More...",Ras Al Khaimah,07 2213806,https://www.yellowpages-uae.com/uae/electromechanical-contractors,/top-line-electromechanical-engineering-llc-168922?p=U2FsdGVkX18gH2GFBL6ggCUK5oaAldfGvo7sxSbyKvPQpGBDamSWpnnd5gr6jbaL
Contractors Electromechanical,"Contractors Electromechanical ,",,,https://www.yellowpages-uae.com/uae/electromechanical-contractors,https://www.yellowpages-uae.com/uae/contractors-electromechanical
Power Way Electromechanical Contracting More Info,"Power Way Electromechanical Contracting More Info Location : 203, Sheikh Faisal Building, Al Nakheel Street, Al Nakheel City : Ras Al Khaimah P.O Box : 36527 Phone : 07 23... 07 2356848 Mobile : 056 8 ... 056 8389996 Products & Services : Electromechanical Contractors , Infrastructure MEP Contractors , Lighting Contractors , Read More...",Ras Al Khaimah,07 2356848,https://www.yellowpages-uae.com/uae/electromechanical-contractors,/power-way-electromechanical-contracting-179763?p=U2FsdGVkX1%252FkpCiunkLcoABYoGrtQmVXV2Odh2Xxfbuib9jol1dsuqGipWjsjTib
Infrastructure MEP Contractors,"Infrastructure MEP Contractors ,",,,https://www.yellowpages-uae.com/uae/electromechanical-contractors,https://www.yellowpages-uae.com/uae/infrastructure-mep-contractors
Verger Delporte UAE Limited More Info,"Verger Delporte UAE Limited More Info Location : Indl Area 5 City : Sharjah P.O Box : 5629 Phone : 06 54... 06 5432436 Mobile : 050 4 ... 050 4821538 , 050 4 050 4620874 Products & Services : Electromechanical Contractors , Electrical Traders , Electrical Switchgear , Read More... Brands : SCHNEIDER Electric Products | SCHNEIDER Electrical Devices",Sharjah,06 5432436,https://www.yellowpages-uae.com/uae/electromechanical-contractors,/verger-delporte-uae-limited-104432?p=U2FsdGVkX18YKM9esZIQ5Zs0bySb69Z7HuIcYnbAvd4PB1x8KKoZtVLcTB9aaY4f
Electrical Traders,"Electrical Traders ,",,,https://www.yellowpages-uae.com/uae/electromechanical-contractors,https://www.yellowpages-uae.com/uae/electrical-traders
Electrical Switchgear,"Electrical Switchgear ,",,,https://www.yellowpages-uae.com/uae/electromechanical-contractors,https://www.yellowpages-uae.com/uae/electrical-switchgear
SCHNEIDER Electrical Devices,SCHNEIDER Electrical Devices,,,https://www.yellowpages-uae.com/uae/electromechanical-contractors,https://www.yellowpages-uae.com/uae/schneider-electrical-devices
Equation Electromechanical Works LLC More Info,"Equation Electromechanical Works LLC More Info Location : Office 311, Garhoud Community, Garhoud City : Dubai P.O Box : 31714 Phone : 04 27... 04 2727028 Mobile : 050 4 ... 050 4506272 , 050 4 050 4805063 Products & Services : Electromechanical Contractors , Electrical Contractors , Cable Laying Contractors , Read More...",Dubai,04 2727028,https://www.yellowpages-uae.com/uae/electromechanical-contractors,/equation-electromechanical-works-llc-130022?p=U2FsdGVkX19LupwJc0YOamKBgqTdziygo2wR8Xd1U7TlNLL4BI1ipH9dEmS6M3xo
Electrical Contractors,"Electrical Contractors ,",,,https://www.yellowpages-uae.com/uae/electromechanical-contractors,https://www.yellowpages-uae.com/uae/electrical-contractors
A C M E Electromechanical Works LLC More Info,"A C M E Electromechanical Works LLC More Info Location : Al Qusais Industrial Area 1 City : Dubai P.O Box : 120656 Phone : 04 25... 04 2583122 Products & Services : Electromechanical Contractors , MEP Contractors , Electrical Contractors , Read More...",Dubai,04 2583122,https://www.yellowpages-uae.com/uae/electromechanical-contractors,/a-c-m-e-electromechanical-works-llc-155891?p=U2FsdGVkX1%252F%252BdK1iFtpyywX%252B1ImsAI%252FSZgl%252Bvj8huZ99Xgpp6Gso6QjcMNwYjtKU
MEP Contractors,"MEP Contractors ,",,,https://www.yellowpages-uae.com/uae/electromechanical-contractors,https://www.yellowpages-uae.com/uae/mep-contractors
Taurus Group More Info,"Taurus Group More Info Location : Block 1, D 153, M 33, Sanaya Road, Musaffah City : Abu Dhabi P.O Box : 778380 Phone : 02 55... 02 5582800 Mobile : 050 4 ... 050 4075151 , 054 5 054 5817080 Products & Services : Electromechanical Contractors , MEP Contractors , Electromechanical , Read More... Brands : DETECTOMAT GMBH Fire Control Panels | HASSANTUK Fire Alarm Monitor | DETECTOMAT GMBH Fire Alarm Systems | Read More...",Abu Dhabi,02 5582800,https://www.yellowpages-uae.com/uae/electromechanical-contractors,/taurus-group-178819?p=U2FsdGVkX188D93Q4EZwZ5Ml0Vd3QIrQ7%252Fn6PGU7ttZhJzdLOeeM8IV%252FT6lxvqhZ
Electromechanical,"Electromechanical ,",,,https://www.yellowpages-uae.com/uae/electromechanical-contractors,https://www.yellowpages-uae.com/uae/electromechanical
Proconnect Technical Services LLC More Info,"Proconnect Technical Services LLC More Info Location : Office 409, Al Fahad Building 4, Al Qusais City : Dubai Mobile : 058 5 ... 058 5934044 Products & Services : Electromechanical Contractors , Electromechanical , HVAC Contractors , Read More...",Dubai,058 5934044,https://www.yellowpages-uae.com/uae/electromechanical-contractors,/proconnect-technical-services-llc-196708?p=U2FsdGVkX18sqbv5gZyR%252FqjHwN8xjQYtAUKStlbMhEgYydfc2l2fwWqwLoDYwIQr
Shalom Group Of Companies Established: 2011 | More Info,"Shalom Group Of Companies Established: 2011 | More Info Location : Office 220, Abdullah Saeed Belhab Building, Damascus Street, Al Qusais City : Dubai P.O Box : 123266 Phone : 04 32... 04 3263536 Mobile : 052 1 ... 052 1039393 , 058 1 058 1223900 Products & Services : Electromechanical Contractors , MEP Contractors , Fitout Contractors , Read More...",Dubai,04 3263536,https://www.yellowpages-uae.com/uae/electromechanical-contractors,/shalom-group-of-companies-101366?p=U2FsdGVkX19mdYPF4c8cVkxmSHMrq%252B6Ul4xU2ZOCoArkkb8z9701TdnO5hC6M6Yw
Avanzo Electromechanical Contracting LLC More Info,"Avanzo Electromechanical Contracting LLC More Info Location : Office 411, Al Fahim Building Musaffah, M4 City : Abu Dhabi Mobile : 050 2 ... 050 2525180 Products & Services : Electromechanical Contractors , Fitout Contractors , Electrical Contractors , Read More...",Abu Dhabi,050 2525180,https://www.yellowpages-uae.com/uae/electromechanical-contractors,/avanzo-electromechanical-contracting-llc-194436?p=U2FsdGVkX1%252BASvcO8XpSt3a8O0rVCV3WbAO40lX5WhfLD7Bw3O0jTEW9ee0kk5HE
Al Waseef Electromechanical Works More Info,"Al Waseef Electromechanical Works More Info Location : Near Sante Fitnesss, Umm Al Thoub, New Industrial Area City : Umm Al Quwain Mobile : 056 7 ... 056 7341243 , 056 3 056 3607989 Products & Services : Electromechanical Contractors , MEP Contractors , Plumbing And Sanitary Contractors , Read More...",Umm Al Quwain,056 7341243,https://www.yellowpages-uae.com/uae/electromechanical-contractors,/al-waseef-electromechanical-works-191633?p=U2FsdGVkX1%252BiCbq99q%252BfFqm5sqDzBGb25JuLrZ3BcmI58c%252Fx84pA9oJzX41G0PHO
Plumbing And Sanitary Contractors,"Plumbing And Sanitary Contractors ,",,,https://www.yellowpages-uae.com/uae/electromechanical-contractors,https://www.yellowpages-uae.com/uae/plumbing-and-sanitary-contractors
Aspec Air Conditioning & Refrigeration Company LLC More Info,"Aspec Air Conditioning & Refrigeration Company LLC More Info Location : Office 3084, Al Alam Building, King Faizal Road City : Umm Al Quwain Phone : 06 76... 06 7647830 Mobile : 050 5 ... 050 5672467 Products & Services : Electromechanical Contractors , HVAC Contractors , AC Contractors , Read More... Brands : TRANE AC | TRANE AC Parts | CARRIER AC Units | Read More...",Umm Al Quwain,06 7647830,https://www.yellowpages-uae.com/uae/electromechanical-contractors,/aspec-air-conditioning-refrigeration-company-llc-199911?p=U2FsdGVkX19v%252BxknRZC3t57p9bExzNw1tUKHbOpW1zTN%252FUiOdft6Fx%252BYOtlydJz%252B
Enercon Electromechanical Works LLC More Info,"Enercon Electromechanical Works LLC More Info Location : United Gulf Office Building, Al Ittihad Street, Al Muqta, Al Madr 3 City : Umm Al Quwain P.O Box : 4918 Phone : 06 76... 06 7663492 Mobile : 055 5 ... 055 5899265 Products & Services : Electromechanical Contractors , Electrical Contractors , Plumbing Contractors , Read More...",Umm Al Quwain,06 7663492,https://www.yellowpages-uae.com/uae/electromechanical-contractors,/enercon-electromechanical-works-llc-200189?p=U2FsdGVkX1%252BwTY7xbuufbfrP9ommXnIKprVcsOeEVByzKv87omvHRN%252FUNp3YJAXZ
Plumbing Contractors,"Plumbing Contractors ,",,,https://www.yellowpages-uae.com/uae/electromechanical-contractors,https://www.yellowpages-uae.com/uae/plumbing-contractors
Al Habara Electromechanical Contg More Info,"Al Habara Electromechanical Contg More Info Location : Al Nakheel City : Ras Al Khaimah P.O Box : 30696 Phone : 07 22... 07 2234934 Mobile : 055 7 ... 055 7624183 Products & Services : Electromechanical Contractors , Electromechanical Engineers and Consultants , HVAC Contractors , Read More...",Ras Al Khaimah,07 2234934,https://www.yellowpages-uae.com/uae/electromechanical-contractors,/al-habara-electromechanical-contg-178330?p=U2FsdGVkX1%252B0cNR8WRMYRTIxv83%252BtG64D3D9LaxiI6qwPCcl%252BKbQ6eULiiGlyOuw
Asset Electromechanical LLC OPC More Info,"Asset Electromechanical LLC OPC More Info Location : Opp Smartline Cash and Carry, Plot 57, Mussafah 33 City : Abu Dhabi Phone : 055 9... 055 9810221 Mobile : 056 9 ... 056 9620204 , 055 6 055 6601455 Products & Services : Electromechanical Contractors , Electromechanical , Cold Room Maintenance , Read More...",Abu Dhabi,055 9810221,https://www.yellowpages-uae.com/uae/electromechanical-contractors,/asset-electromechanical-llc-opc-196572?p=U2FsdGVkX1%252FOpxjlmAIGdjeUrRaJFbnMTohr89TLmFuP2quh599z4NYSDGGIwO78
Elite Energy Electromechanical LLC SPC More Info,"Elite Energy Electromechanical LLC SPC More Info Location : 10th Floor, Mazyad Tower 1, Mazyad Mall, Musaffa City : Abu Dhabi Mobile : 058 5 ... 058 5772599 Products & Services : Electromechanical Contractors , Electrical Contractors , HVAC Contractors , Read More...",Abu Dhabi,058 5772599,https://www.yellowpages-uae.com/uae/electromechanical-contractors,/elite-energy-electromechanical-llc-spc-201133?p=U2FsdGVkX1%252B3Nd3Z%252FNvMLxM7P371NcZZPTXhEraHiAA31Wx0Ck04Mi4adRcMk3%252F3
Tahani Al Bahir Contracting LLC More Info,"Tahani Al Bahir Contracting LLC More Info Location : WH- 10, Ras Al Khor Ind Area City : Dubai P.O Box : 124681 Phone : 04 33... 04 3316600 Mobile : 050 1 ... 050 1289100 Products & Services : Electromechanical Contractors , HVAC Contractors , MEP Contractors , Read More... Brands : STONIM Solid Surfaces",Dubai,04 3316600,https://www.yellowpages-uae.com/uae/electromechanical-contractors,/tahani-al-bahir-contracting-llc-197565?p=U2FsdGVkX19Lrtlz%252F8VcmPuA5AY3EsWp6GhhJVqD7PWDiEIs2C5KIdYLKqSID0hw
Bris Electromechanical Works More Info,"Bris Electromechanical Works More Info Location : Musaffah City : Abu Dhabi P.O Box : 133185 Phone : 02 54... 02 5465600 Mobile : 056 4 ... 056 4666031 , 054 4 054 4417007 Products & Services : Electromechanical Contractors , Electromechanical Engineers and Consultants , General Contractors , Read More...",Abu Dhabi,02 5465600,https://www.yellowpages-uae.com/uae/electromechanical-contractors,/bris-electromechanical-works-181767?p=U2FsdGVkX19CVv7JoIj4HFfDJ1MEfsBMn3L%252BEbsJqZ99kjVE0P86CfACRn%252FB6mid
Goodtech Electromechanical Works LLC More Info,"Goodtech Electromechanical Works LLC More Info Location : Shaikha Mahara Building, Al Qusais Industrial Area 2 City : Dubai Phone : 058 5... 058 5672898 Products & Services : Electromechanical Contractors , Electrical Contractors , Electromechanical Maintenance , Read More...",Dubai,058 5672898,https://www.yellowpages-uae.com/uae/electromechanical-contractors,/goodtech-electromechanical-works-llc-199092?p=U2FsdGVkX1%252BwPf%252FLRahEWhuBt49pcPXW44PEyQqH9fKrQXURdWhDkMFvzaur0B8q
Electromechanical Maintenance,"Electromechanical Maintenance ,",,,https://www.yellowpages-uae.com/uae/electromechanical-contractors,https://www.yellowpages-uae.com/uae/electromechanical-maintenance
Al Ghaima Engineering Company LLC More Info,"Al Ghaima Engineering Company LLC More Info Location : Street 14, Behind Macro Emirates Hypermarket, Industrial Area 6 City : Sharjah P.O Box : 4701 Phone : 06 54... 06 5431164 Mobile : 056 3 ... 056 3359005 Products & Services : Electromechanical Contractors , Electrical Motor Testing , Mechanical Services , Read More... Brands : WEG Motors",Sharjah,06 5431164,https://www.yellowpages-uae.com/uae/electromechanical-contractors,/al-ghaima-engineering-company-llc-117517?p=U2FsdGVkX19eeMOTSwYk5dX4%252FeiZRAhoPJ45YRYPH1NNCnmYXj2AfK%252F9raMiDonK
Electrical Motor Testing,"Electrical Motor Testing ,",,,https://www.yellowpages-uae.com/uae/electromechanical-contractors,https://www.yellowpages-uae.com/uae/electrical-motor-testing
Mechanical Services,"Mechanical Services ,",,,https://www.yellowpages-uae.com/uae/electromechanical-contractors,https://www.yellowpages-uae.com/uae/mechanical-services
Clinics,Clinics Digital Printing Concrete Products Electrical Exhibition Stands Generators Hardware and Tools H Frame Scaffolding,,,https://www.yellowpages-uae.com/uae/electromechanical-contractors,/uae/clinics
Digital Printing,Clinics Digital Printing Concrete Products Electrical Exhibition Stands Generators Hardware and Tools H Frame Scaffolding,,,https://www.yellowpages-uae.com/uae/electromechanical-contractors,/uae/digital-printing-large-format
Concrete Products,Clinics Digital Printing Concrete Products Electrical Exhibition Stands Generators Hardware and Tools H Frame Scaffolding,,,https://www.yellowpages-uae.com/uae/electromechanical-contractors,/uae/concrete-products
Electrical,Clinics Digital Printing Concrete Products Electrical Exhibition Stands Generators Hardware and Tools H Frame Scaffolding,,,https://www.yellowpages-uae.com/uae/electromechanical-contractors,/uae/electric-equipment
Exhibition Stands,Clinics Digital Printing Concrete Products Electrical Exhibition Stands Generators Hardware and Tools H Frame Scaffolding,,,https://www.yellowpages-uae.com/uae/electromechanical-contractors,/uae/exhibition-stand
Generators,Clinics Digital Printing Concrete Products Electrical Exhibition Stands Generators Hardware and Tools H Frame Scaffolding,,,https://www.yellowpages-uae.com/uae/electromechanical-contractors,/uae/generators
Hardware and Tools,Clinics Digital Printing Concrete Products Electrical Exhibition Stands Generators Hardware and Tools H Frame Scaffolding,,,https://www.yellowpages-uae.com/uae/electromechanical-contractors,/uae/hardware
H Frame Scaffolding,Clinics Digital Printing Concrete Products Electrical Exhibition Stands Generators Hardware and Tools H Frame Scaffolding,,,https://www.yellowpages-uae.com/uae/electromechanical-contractors,/uae/h-frame-scaffolding
Al Inayah Electro-mechanical Works LLC More Info,"Al Inayah Electro-mechanical Works LLC More Info Location : 105-106, 1st Flr, Old JVC Bldg, Opp Etisalat, Airport Rd City : Abu Dhabi P.O Box : 71611 Phone : 02 63... 02 6337921 Products & Services : Electromechanical Contractors , MEP Contractors , Air Conditioning Contractors , Read More...",Abu Dhabi,02 6337921,https://www.yellowpages-uae.com/uae/electromechanical-contractors?page=2,/al-inayah-electro-mechanical-works-llc-153152?p=U2FsdGVkX1%252BFhVnHpYiVtAh0y4U1hiaYaokndlxhu7eUgMvDiCzoSvIlli3%252Fpl66
Electromechanical Contractors,"Electromechanical Contractors ,",,,https://www.yellowpages-uae.com/uae/electromechanical-contractors?page=2,https://www.yellowpages-uae.com/uae/electromechanical-contractors
MEP Contractors,"MEP Contractors ,",,,https://www.yellowpages-uae.com/uae/electromechanical-contractors?page=2,https://www.yellowpages-uae.com/uae/mep-contractors
Al Thamer Electromechanical Works LLC More Info,"Al Thamer Electromechanical Works LLC More Info Location : Shk Ahmed Bldg, 2nd Dec Rd, Satwa City : Dubai P.O Box : 44913 Phone : 04 39... 04 3987840 Products & Services : Electromechanical Contractors , Electrical Contractors And Electricians , Contractors Electromechanical",Dubai,04 3987840,https://www.yellowpages-uae.com/uae/electromechanical-contractors?page=2,/al-thamer-electromechanical-works-llc-142311?p=U2FsdGVkX181pFnVedRkj%252FDAPdrLftTEagGqZwtC%252FOMWCRYNY%252FzkUx7yxjrVRRS5
Electrical Contractors And Electricians,"Electrical Contractors And Electricians ,",,,https://www.yellowpages-uae.com/uae/electromechanical-contractors?page=2,https://www.yellowpages-uae.com/uae/electrical-contractors-and-electricians
Contractors Electromechanical,Contractors Electromechanical,,,https://www.yellowpages-uae.com/uae/electromechanical-contractors?page=2,https://www.yellowpages-uae.com/uae/contractors-electromechanical
Al Zahriah Electro Mechanical Contracting More Info,"Al Zahriah Electro Mechanical Contracting More Info Location : Office 1, City Tower, Abu Shagara City : Sharjah P.O Box : 20394 Phone : 06 55... 06 5535811 Products & Services : Electromechanical Contractors , Electromechanical Engineers And Consultants , Contractors Electromechanical , Read More...",Sharjah,06 5535811,https://www.yellowpages-uae.com/uae/electromechanical-contractors?page=2,/al-zahriah-electro-mechanical-contracting-130686?p=U2FsdGVkX1%252Bz6Hd2bs1CptZ2EGILvJWeOyH5tCRjhQydfp3MUPRBbOK4AD%252FXzBst
Electromechanical Engineers And Consultants,"Electromechanical Engineers And Consultants ,",,,https://www.yellowpages-uae.com/uae/electromechanical-contractors?page=2,https://www.yellowpages-uae.com/uae/electromechanical-engineers-and-consultants
Aldebaran Technical Services LLC More Info,"Aldebaran Technical Services LLC More Info Location : Shop #5, Block R6, Sheikh Hamdan Colony, Karama City : Dubai P.O Box : 122820 Phone : 055 3... 055 3494942 Mobile : 056 1 ... 056 1885529 Products & Services : Electromechanical Contractors , Air Conditioning Contractors , Painting Contractors , Read More...",Dubai,055 3494942,https://www.yellowpages-uae.com/uae/electromechanical-contractors?page=2,/aldebaran-technical-services-llc-174955?p=U2FsdGVkX1%252BwwGjYKlw5g4M6fq69Q%252F3STZlF665jr8SoL%252FLOS48DEqOKLSKjy30P
Alyunbou MEP Contracting LLC More Info,Alyunbou MEP Contracting LLC More Info Location : Al Qusais Industrial Area 3 City : Dubai P.O Box : 247714 Phone : 04 83... 04 8321901 Mobile : 055 2 ... 055 2101038 Products & Services : Electromechanical Contractors,Dubai,04 8321901,https://www.yellowpages-uae.com/uae/electromechanical-contractors?page=2,/alyunbou-mep-contracting-llc-198549?p=U2FsdGVkX19GHCSmgQRILjhjOFIRV87L1XKrYOFqGtpCRz494CbmIPHd%252FVb1wwcR
Amenco Electromechanical Work More Info,"Amenco Electromechanical Work More Info Location : 11th Floor, Mazyad Tower 2, Mohamed Bin Zayed City City : Abu Dhabi Phone : 050 1... 050 1771244 Mobile : 050 1 ... 050 1771244 Products & Services : Electromechanical Contractors , Electromechanical Maintenance , Electromechanical Works",Abu Dhabi,050 1771244,https://www.yellowpages-uae.com/uae/electromechanical-contractors?page=2,/amenco-electromechanical-work-201137?p=U2FsdGVkX1%252FC9W5Ra%252Fb%252FR0eacbB4rTqR0cIV1ibKs%252F2krGMGnrruZ96OgaCXNiIN
Electromechanical Maintenance,"Electromechanical Maintenance ,",,,https://www.yellowpages-uae.com/uae/electromechanical-contractors?page=2,https://www.yellowpages-uae.com/uae/electromechanical-maintenance
Electromechanical Works,Electromechanical Works,,,https://www.yellowpages-uae.com/uae/electromechanical-contractors?page=2,https://www.yellowpages-uae.com/uae/electromechanical-works
Amiri Electromechanical Cont Co LLC More Info,"Amiri Electromechanical Cont Co LLC More Info Location : Shed 11, Bhnd Al Wahda St, Indl Area 4 City : Sharjah P.O Box : 34273 Phone : 06 53... 06 5323442 Mobile : 050 2 ... 050 2740150 Products & Services : Electromechanical Contractors , Electrical , Plumbing , Read More...",Sharjah,06 5323442,https://www.yellowpages-uae.com/uae/electromechanical-contractors?page=2,/amiri-electromechanical-cont-co-llc-130061?p=U2FsdGVkX18iNRmf8pmWoSBEqogpD8ZIH2gPfj9uJ03qB4wnF%252FtrZChf%252FcUqO7yj
Electrical,"Electrical ,",,,https://www.yellowpages-uae.com/uae/electromechanical-contractors?page=2,https://www.yellowpages-uae.com/uae/electrical
Plumbing,"Plumbing ,",,,https://www.yellowpages-uae.com/uae/electromechanical-contractors?page=2,https://www.yellowpages-uae.com/uae/plumbing
Basmat Alreem Electromechanical LLC More Info,"Basmat Alreem Electromechanical LLC More Info Location : Office No.317, Block 3, Bin Shabib Mall, Baghdad Street, Al Qusais Industrial Area 1 City : Dubai Phone : 052 9... 052 9049371 Mobile : 052 1 ... 052 1144820 Products & Services : Electromechanical Contractors",Dubai,052 9049371,https://www.yellowpages-uae.com/uae/electromechanical-contractors?page=2,/basmat-alreem-electromechanical-llc-194407?p=U2FsdGVkX19cSEdgEQvoBEhe%252Fk5Xw6NAgU9BKWEQWflMnEdodhQ7id%252BoJJ%252FmhLoo
Blue Triangle Electromechanical Contracting LLC More Info,"Blue Triangle Electromechanical Contracting LLC More Info Location : Airport Road City : Abu Dhabi P.O Box : 113161 Phone : 02 58... 02 5833860 Mobile : 056 4 ... 056 4601460 Products & Services : Electromechanical Contractors , HVAC Contractors , MEP Contractors , Read More... Brands : APCOFLEX AC Spare Parts | MITSUBISHI AC Spare Parts | CARRIER Air Conditioner And Spare Parts | Read More...",Abu Dhabi,02 5833860,https://www.yellowpages-uae.com/uae/electromechanical-contractors?page=2,/blue-triangle-electromechanical-contracting-llc-188293?p=U2FsdGVkX19seDgMU9ix%252FRoe%252FvLqtONB9iKheo%252BgCK0gV%252BOZVc11%252FBeTwqXaz05J
HVAC Contractors,"HVAC Contractors ,",,,https://www.yellowpages-uae.com/uae/electromechanical-contractors?page=2,https://www.yellowpages-uae.com/uae/hvac-contractors
Borge General Contracting & Electro Mechanical More Info,"Borge General Contracting & Electro Mechanical More Info Location : 401, ADCP Tower C, Electra Street City : Abu Dhabi P.O Box : 109063 Phone : 02 66... 02 6656898 Mobile : 050 9 ... 050 9116778 Products & Services : Electromechanical Contractors",Abu Dhabi,02 6656898,https://www.yellowpages-uae.com/uae/electromechanical-contractors?page=2,/borge-general-contracting-electro-mechanical-194299?p=U2FsdGVkX1%252BFaxFV4zmaCIL4%252Bws46l9gnYohS3etDnuYyachHCJJybX2rsZ7wVXi
Capricorn General Maintenance More Info,"Capricorn General Maintenance More Info Location : Office 34, Mazyad Mall Business Center, Tower 1, Musaffah City : Abu Dhabi Mobile : 050 5 ... 050 5071276 Products & Services : Electromechanical Contractors , MEP Contractors , HVAC Contractors , Read More...",Abu Dhabi,050 5071276,https://www.yellowpages-uae.com/uae/electromechanical-contractors?page=2,/capricorn-general-maintenance-180191?p=U2FsdGVkX1%252FkDIq%252BBaRtWIx2q5tDDLabhlJ1ur1qsdYQuvMNc%252F6N7g3GdlTkTaCs
Centaur Electro Mechanical Contracting Company LLC More Info,"Centaur Electro Mechanical Contracting Company LLC More Info Location : Office #210, 2nd Floor, Bayan Business Center, Dubai Investment Park 1 City : Dubai P.O Box : 25024 Phone : 04 35... 04 3541955 Products & Services : Electromechanical Contractors , Electromechanical Equipment , Contractors Electromechanical , Read More...",Dubai,04 3541955,https://www.yellowpages-uae.com/uae/electromechanical-contractors?page=2,/centaur-electro-mechanical-contracting-company-llc-144806?p=U2FsdGVkX1%252FU6rPCZKjnpqiVZDWSzC61ab6FkZHk8hrgGRRE8ULlgRC%252FEdBvxbdz
Electromechanical Equipment,"Electromechanical Equipment ,",,,https://www.yellowpages-uae.com/uae/electromechanical-contractors?page=2,https://www.yellowpages-uae.com/uae/electromechanical-equipment
Chugtai Technical Services Company More Info,"Chugtai Technical Services Company More Info Location : Al Qusais Indl Area 3 City : Dubai P.O Box : 7102 Phone : 04 26... 04 2671412 Products & Services : Electromechanical Contractors , Contractors Electromechanical",Dubai,04 2671412,https://www.yellowpages-uae.com/uae/electromechanical-contractors?page=2,/chugtai-technical-services-company-121899?p=U2FsdGVkX1%252BnbiepKA%252F8nDBkpM79Lfber7LKHGFzbuS1ZUztuVaAN08pm9r4x4jc
Circuit Plus Electromechanical Contracting LLC More Info,"Circuit Plus Electromechanical Contracting LLC More Info Location : Office No. 1104, ADCP Tower-D, Behind City Seasons Hotel, Electra Street, Al Danah, Zone 1 City : Abu Dhabi Phone : 02 67... 02 6799373 Mobile : 056 4 ... 056 4985794 Products & Services : Electromechanical Contractors , MEP Contractors , HVAC Contractors , Read More...",Abu Dhabi,02 6799373,https://www.yellowpages-uae.com/uae/electromechanical-contractors?page=2,/circuit-plus-electromechanical-contracting-llc-195956?p=U2FsdGVkX18etbWtcJ0KsrImxqhILJ4ckF9L6Gb2u28yNJTMiLhhXv%252FoeEn7MHUQ
Daar Al Taaqa Technical Works More Info,"Daar Al Taaqa Technical Works More Info Location : 12, M32/1, Near Malayalam Samaj, Musaffah City : Abu Dhabi Mobile : 050 2 ... 050 2104144 Products & Services : Electromechanical Contractors , Air Conditioning Contractors , MEP Contractors , Read More...",Abu Dhabi,050 2104144,https://www.yellowpages-uae.com/uae/electromechanical-contractors?page=2,/daar-al-taaqa-technical-works-180247?p=U2FsdGVkX18fr0kmKdkgoHvigPzt6IfIVYe3nUHOX0Leid27z3Tc9IQmkAl3VeJV
Daikin Middle East and Africa FZE More Info,"Daikin Middle East and Africa FZE More Info Location : 11th Floor, Galleries 4, Jebel Ali Down Town City : Dubai P.O Box : 18674 Phone : 04 81... 04 8159300 Mobile : 056 7 ... 056 7367536 Products & Services : Electromechanical Contractors , Air Conditioning Contractors , Domestic and Commercial Chillers , Read More...",Dubai,04 8159300,https://www.yellowpages-uae.com/uae/electromechanical-contractors?page=2,/daikin-middle-east-and-africa-fze-176122?p=U2FsdGVkX19mXexdq79evPjysLvlaBBQUgNSJiSgYB2ULepY3H6ba2N5VElU%252FODf
Datco International Electromechanical Works Contracting LLC More Info,Datco International Electromechanical Works Contracting LLC More Info City : Dubai P.O Box : 11155 Phone : 050 5... 050 5904198 Mobile : 050 4 ... 050 4663987 Products & Services : Electromechanical Contractors,Dubai,050 5904198,https://www.yellowpages-uae.com/uae/electromechanical-contractors?page=2,/datco-international-electromechanical-works-contracting-llc-192072?p=U2FsdGVkX1%252F3kTGR%252BHPvcSOAXPTD1rSe2cgRJ9xsR0uz5NAT1kBh%252FrbDqKec27QX
Dolphin Euro Electromechanical Contracting LLC More Info,Dolphin Euro Electromechanical Contracting LLC More Info City : Abu Dhabi P.O Box : 114815 Phone : 02 63... 02 6323626 Mobile : 055 1 ... 055 1529606 Products & Services : Electromechanical Contractors,Abu Dhabi,02 6323626,https://www.yellowpages-uae.com/uae/electromechanical-contractors?page=2,/dolphin-euro-electromechanical-contracting-llc-195697?p=U2FsdGVkX1%252BNGCjssUq5hos11isbS6Ryn6RSAs7s%252BxITrTVEUFVSBGI5HwOllJvI
Falcon Group More Info,Falcon Group More Info Location : Dubai Investment Park 2 City : Jebel Ali P.O Box : 28210 Phone : 058 2... 058 2234244 Products & Services : Electromechanical Contractors,Dubai,058 2234244,https://www.yellowpages-uae.com/uae/electromechanical-contractors?page=2,/falcon-group-193799?p=U2FsdGVkX1%252BToQUdveIKUZU3obtNZ37Nen2LqUeIyP5gapm6IEAD3kHKbQfQzr9N
Fast MEP Technical Services More Info,"Fast MEP Technical Services More Info Location : Office 1, Tanvi Business Centre, Deira City : Dubai P.O Box : 237517 Phone : 055 1... 055 1184202 Mobile : 050 4 ... 050 4703202 Products & Services : Electromechanical Contractors , HVAC Contractors , MEP Contractors , Read More...",Dubai,055 1184202,https://www.yellowpages-uae.com/uae/electromechanical-contractors?page=2,/fast-mep-technical-services-182046?p=U2FsdGVkX1%252BsXY80rvmlITR6FAFSfNEBplnUIhbcflsLq7VPiOEmJsG9KUk10Rbt
Clinics,Clinics Digital Printing Concrete Products Electrical Exhibition Stands Generators Hardware and Tools H Frame Scaffolding,,,https://www.yellowpages-uae.com/uae/electromechanical-contractors?page=2,/uae/clinics
Digital Printing,Clinics Digital Printing Concrete Products Electrical Exhibition Stands Generators Hardware and Tools H Frame Scaffolding,,,https://www.yellowpages-uae.com/uae/electromechanical-contractors?page=2,/uae/digital-printing-large-format
Concrete Products,Clinics Digital Printing Concrete Products Electrical Exhibition Stands Generators Hardware and Tools H Frame Scaffolding,,,https://www.yellowpages-uae.com/uae/electromechanical-contractors?page=2,/uae/concrete-products
Exhibition Stands,Clinics Digital Printing Concrete Products Electrical Exhibition Stands Generators Hardware and Tools H Frame Scaffolding,,,https://www.yellowpages-uae.com/uae/electromechanical-contractors?page=2,/uae/exhibition-stand
Generators,Clinics Digital Printing Concrete Products Electrical Exhibition Stands Generators Hardware and Tools H Frame Scaffolding,,,https://www.yellowpages-uae.com/uae/electromechanical-contractors?page=2,/uae/generators
Hardware and Tools,Clinics Digital Printing Concrete Products Electrical Exhibition Stands Generators Hardware and Tools H Frame Scaffolding,,,https://www.yellowpages-uae.com/uae/electromechanical-contractors?page=2,/uae/hardware
H Frame Scaffolding,Clinics Digital Printing Concrete Products Electrical Exhibition Stands Generators Hardware and Tools H Frame Scaffolding,,,https://www.yellowpages-uae.com/uae/electromechanical-contractors?page=2,/uae/h-frame-scaffolding
Ghumman Electromechanical Equipment Installation LLC More Info,"Ghumman Electromechanical Equipment Installation LLC More Info Location : DIP 1 City : Jebel Ali P.O Box : 294594 Phone : 04 88... 04 8847447 Products & Services : Electromechanical Contractors , Contractors Electromechanical , Air Conditioning Engineers Installation And Maintenance , Read More...",,04 8847447,https://www.yellowpages-uae.com/uae/electromechanical-contractors?page=3,/ghumman-electromechanical-equipment-installation-llc-146333?p=U2FsdGVkX1%252F1SCCR5bUGzxv7reLQSkaVN4yik%252B3LO7Vudj1mPDSNn4udMavHq6Bx
Electromechanical Contractors,"Electromechanical Contractors ,",,,https://www.yellowpages-uae.com/uae/electromechanical-contractors?page=3,https://www.yellowpages-uae.com/uae/electromechanical-contractors
Contractors Electromechanical,"Contractors Electromechanical ,",,,https://www.yellowpages-uae.com/uae/electromechanical-contractors?page=3,https://www.yellowpages-uae.com/uae/contractors-electromechanical
Global Petromac Project LLC More Info,"Global Petromac Project LLC More Info Location : Elite Business Zone, Mussafah 44 City : Abu Dhabi P.O Box : 111395 Phone : 02 55... 02 5525002 Mobile : 050 5 ... 050 5163356 Products & Services : Electromechanical Contractors , Electrical Contractors , Construction Company , Read More...",Abu Dhabi,02 5525002,https://www.yellowpages-uae.com/uae/electromechanical-contractors?page=3,/global-petromac-project-llc-196479?p=U2FsdGVkX1%252Ftq17OEU2V4qFUb%252FcnYER2MiMPE4G5HtdxvhoDdwHc%252FJZZPGFpyEDu
Electrical Contractors,"Electrical Contractors ,",,,https://www.yellowpages-uae.com/uae/electromechanical-contractors?page=3,https://www.yellowpages-uae.com/uae/electrical-contractors
Goodwill Buildings Maintenance LLC More Info,"Goodwill Buildings Maintenance LLC More Info Location : Office Number 1140, Mazyed Mall, Mohamed Bin Zayed City City : Abu Dhabi Mobile : 056 8 ... 056 8044072 Products & Services : Electromechanical Contractors , Electromechanical Maintenance , General Maintenances",Abu Dhabi,056 8044072,https://www.yellowpages-uae.com/uae/electromechanical-contractors?page=3,/goodwill-buildings-maintenance-llc-199091?p=U2FsdGVkX1%252FG5ftHA6%252BaxDxEdmlKfcRRvo3QfNtGDEHw5F5uPh6y%252FY%252BId0rYY3mH
Electromechanical Maintenance,"Electromechanical Maintenance ,",,,https://www.yellowpages-uae.com/uae/electromechanical-contractors?page=3,https://www.yellowpages-uae.com/uae/electromechanical-maintenance
IG Electromech Technical Services LLC More Info,"IG Electromech Technical Services LLC More Info City : Dubai Mobile : 055 2 ... 055 2341649 , 052 5 052 5183123 Products & Services : Electromechanical Contractors , Electrical Maintenance , Electrical Installation , Read More...",Dubai,055 2341649,https://www.yellowpages-uae.com/uae/electromechanical-contractors?page=3,/ig-electromech-technical-services-llc-198464?p=U2FsdGVkX182a2MLCVZHSJMVYuyeyKPthqlaar7PYwpX3dTEpcc5JANb%252BrvyyClF
Electrical Maintenance,"Electrical Maintenance ,",,,https://www.yellowpages-uae.com/uae/electromechanical-contractors?page=3,https://www.yellowpages-uae.com/uae/electrical-maintenance
Electrical Installation,"Electrical Installation ,",,,https://www.yellowpages-uae.com/uae/electromechanical-contractors?page=3,https://www.yellowpages-uae.com/uae/electrical-installation
Infinite Keys Electromechanical Contracting More Info,"Infinite Keys Electromechanical Contracting More Info Location : Office No.F12, Plot 10, Musaffah-03 City : Abu Dhabi P.O Box : 112576 Phone : 056 5... 056 5645213 Mobile : 056 5 ... 056 5645213 , 052 2 052 2113602 Products & Services : Electromechanical Contractors , Electromechanical AMC , Electromechanical Maintenance",Abu Dhabi,056 5645213,https://www.yellowpages-uae.com/uae/electromechanical-contractors?page=3,/infinite-keys-electromechanical-contracting-201464?p=U2FsdGVkX196voqvZ4D4h3LuJMH3cN5zZbQeUTq32B2wWFdOxmK%252BsAgvO%252FKk17%252FN
Electromechanical AMC,"Electromechanical AMC ,",,,https://www.yellowpages-uae.com/uae/electromechanical-contractors?page=3,https://www.yellowpages-uae.com/uae/electromechanical-amc
International Electro-Mech Services Company LLC More Info,"International Electro-Mech Services Company LLC More Info Location : Office# 407, R338 Oud Metha Offices, Next to CITI Bank, Opposite Raffles Hotel, Dubai Healthcare Cit City : Dubai P.O Box : 3223 Phone : 04 33... 04 3344003 Products & Services : Electromechanical Contractors , Contractors Electromechanical",Dubai,04 3344003,https://www.yellowpages-uae.com/uae/electromechanical-contractors?page=3,/international-electro-mech-services-company-llc-126936?p=U2FsdGVkX1%252B4NuaR631%252F6%252FGm7iynTR%252BmQbHeyDvgU63Gsj6EzzmPlgzvS8BZhuKb
JST Electromechanical LLC More Info,"JST Electromechanical LLC More Info City : Dubai P.O Box : 172883 Phone : 04 32... 04 3204772 Mobile : 050 6 ... 050 6407971 Products & Services : Electromechanical Contractors , Air Conditioning Equipment and Systems",Dubai,04 3204772,https://www.yellowpages-uae.com/uae/electromechanical-contractors?page=3,/jst-electromechanical-llc-141340?p=U2FsdGVkX1%252FYZZXLLCyij1EZhfUW2ODq0UqgOQYiuzsBEze4iXTH5AI9djcFIJo2
Keletron Electromechanical Works LLC More Info,"Keletron Electromechanical Works LLC More Info Location : Warehouse 4, 26th Street, Al Quoz Industrial Area 4 City : Dubai P.O Box : 63245 Phone : 04 33... 04 3332185 Mobile : 052 2 ... 052 2473124 Products & Services : Electromechanical Contractors , Electrical Contractors , MEP Contractors , Read More...",Dubai,04 3332185,https://www.yellowpages-uae.com/uae/electromechanical-contractors?page=3,/keletron-electromechanical-works-llc-185533?p=U2FsdGVkX19j475GmCK1EozO8kuZHVQNJWKklUER63Wi3SZf3dJnBGWc9vu3iq2o
MEP Contractors,"MEP Contractors ,",,,https://www.yellowpages-uae.com/uae/electromechanical-contractors?page=3,https://www.yellowpages-uae.com/uae/mep-contractors
Multiline Design and Contracting LLC More Info,"Multiline Design and Contracting LLC More Info Location : Opp Al Reyami W/House, Al Quoz Indl Area 4 City : Dubai P.O Box : 26581 Mobile : 056 4 ... 056 4648091 , 050 6 050 6599768 Products & Services : Electromechanical Contractors , Electromechanical Engineers And Consultants , Contractors Turnkey Projects , Read More...",Dubai,056 4648091,https://www.yellowpages-uae.com/uae/electromechanical-contractors?page=3,/multiline-design-and-contracting-llc-130906?p=U2FsdGVkX19Z07d2WXeGoa9S2npYGUEmi5ANloUxjrACx1SVrIMEn8aduRjhoNUs
Electromechanical Engineers And Consultants,"Electromechanical Engineers And Consultants ,",,,https://www.yellowpages-uae.com/uae/electromechanical-contractors?page=3,https://www.yellowpages-uae.com/uae/electromechanical-engineers-and-consultants
Multilines Electro Mechanical LLC More Info,"Multilines Electro Mechanical LLC More Info Location : Suite 602, Al Attar Towers, Sheikh Zayed Road City : Dubai P.O Box : 111362 Phone : 04 34... 04 3434498 Mobile : 055 2 ... 055 2171395 Products & Services : Electromechanical Contractors",Dubai,04 3434498,https://www.yellowpages-uae.com/uae/electromechanical-contractors?page=3,/multilines-electro-mechanical-llc-189821?p=U2FsdGVkX1%252FiSvAejIkrUxOjAiluaxeLiXZPYsMQY7%252FdagaaQADjfJ8zHdsBUHi4
Najmat Al Ras Electro Mechanical Works LLC More Info,"Najmat Al Ras Electro Mechanical Works LLC More Info Location : 205, PTC Bldg, Damascus St, Al Qusais City : Dubai P.O Box : 113650 Phone : 04 25... 04 2511708 Mobile : 055 5 ... 055 5564892 Products & Services : Electromechanical Contractors , Contractors Electromechanical , Plumbing and Electrical Contractors , Read More...",Dubai,04 2511708,https://www.yellowpages-uae.com/uae/electromechanical-contractors?page=3,/najmat-al-ras-electro-mechanical-works-llc-163163?p=U2FsdGVkX1%252FS8z1Zu%252F%252Fedws7vY2uGTooOF5dOenYHCa0Gw%252FhPxQkwSxpKm66sW7r
Plumbing and Electrical Contractors,"Plumbing and Electrical Contractors ,",,,https://www.yellowpages-uae.com/uae/electromechanical-contractors?page=3,https://www.yellowpages-uae.com/uae/plumbing-and-electrical-contractors
Najmat Group Of Companies More Info,"Najmat Group Of Companies More Info Location : Galadari Bldg, Opp Mazda Showroom, Deira City : Dubai P.O Box : 112155 Products & Services : Electromechanical Contractors , Contractors Electromechanical",Dubai,,https://www.yellowpages-uae.com/uae/electromechanical-contractors?page=3,/najmat-group-of-companies-149268?p=U2FsdGVkX1%252BHbbf6Crc3oi7Etlta0rnbWzvuRt%252BmQZ40BwU0D%252BpR5Up0X%252B8LX9Xg
Neutral Ground Technical Services LLC More Info,"Neutral Ground Technical Services LLC More Info Location : Al Muteena, Deira City : Dubai Mobile : 052 3 ... 052 3860547 Products & Services : Electromechanical Contractors , Electrical Contractors , HVAC Contractors , Read More...",Dubai,052 3860547,https://www.yellowpages-uae.com/uae/electromechanical-contractors?page=3,/neutral-ground-technical-services-llc-193205?p=U2FsdGVkX1%252FtJi%252F85bq%252F%252F3QOM0jCE8u9Af8IjlMqzHV09Glko0CRWnd1CN%252B3aA4y
HVAC Contractors,"HVAC Contractors ,",,,https://www.yellowpages-uae.com/uae/electromechanical-contractors?page=3,https://www.yellowpages-uae.com/uae/hvac-contractors
New Age Technology LLC More Info,"New Age Technology LLC More Info Location : M1, Concord Salon Bldg, Khalidiya City : Abu Dhabi P.O Box : 42355 Phone : 02 66... 02 6662004 Mobile : 050 7 ... 050 7868158 Products & Services : Electromechanical Contractors , Contractors Electromechanical , CCTV , Read More...",Abu Dhabi,02 6662004,https://www.yellowpages-uae.com/uae/electromechanical-contractors?page=3,/new-age-technology-llc-153523?p=U2FsdGVkX1%252FHhLJiKWQXHaCfcA9G7L58geLAVEAAQUqgU7w3DIAX6aNH7%252FRuTSmc
Pathak Middle East Electromechanical LLC More Info,"Pathak Middle East Electromechanical LLC More Info Location : 705, Damac Business Tower, Business Bay City : Dubai P.O Box : 89350 Phone : 04 35... 04 3586520 Products & Services : Electromechanical Contractors , Electromechanical Engineers And Consultants , Fitout Contractors , Read More...",Dubai,04 3586520,https://www.yellowpages-uae.com/uae/electromechanical-contractors?page=3,/pathak-middle-east-electromechanical-llc-18460?p=U2FsdGVkX1%252BtLgfG0axyKNG4ZWpRU%252FiTbzzzKjD%252Bw4Ew8Mu0f7WZxaM6%252FWGfRbB7
Power Logic Electro Mechanical LLC More Info,"Power Logic Electro Mechanical LLC More Info Location : Office 04, ME-10, Shabiya Near UAE Exchange City : Abu Dhabi P.O Box : 110348 Phone : 02 55... 02 5519720 Products & Services : Electromechanical Contractors , Electromechanical Engineers And Consultants , Cable Laying Contractors , Read More...",Abu Dhabi,02 5519720,https://www.yellowpages-uae.com/uae/electromechanical-contractors?page=3,/power-logic-electro-mechanical-llc-153631?p=U2FsdGVkX190q4kwZXB%252B%252BLbMEsjSLmzuLlrI7YzaVLMLvHmBP9Esb87o5FefH3Z0
Power Spray Electromechanical Sole Proprietorship LLC More Info,"Power Spray Electromechanical Sole Proprietorship LLC More Info Location : Suite No. 902, 9th Floor, Al Masraf Bank Building City : Abu Dhabi P.O Box : 29276 Phone : 02 44... 02 4444650 Products & Services : Electromechanical Contractors",Abu Dhabi,02 4444650,https://www.yellowpages-uae.com/uae/electromechanical-contractors?page=3,/power-spray-electromechanical-sole-proprietorship-llc-192225?p=U2FsdGVkX1%252F%252FE%252B3LKxH7NXl9Y94slD4Yl2VjCGGKGEcR4PN00lhRgBhDOO%252BB6ClV
RSK Technical Services LLC More Info,"RSK Technical Services LLC More Info Location : Sony Building, Al Ras, Bur Dubai City : Dubai Mobile : 056 2 ... 056 2728162 Products & Services : Electromechanical Contractors , Plumbing Contractors , Electric Contractors , Read More...",Dubai,056 2728162,https://www.yellowpages-uae.com/uae/electromechanical-contractors?page=3,/rsk-technical-services-llc-192765?p=U2FsdGVkX1%252FFM7jkL4vSZQh%252BFyvDMoAnPyj8%252B3cobm4I%252F69KbaWC2KmVACm6UL53
Plumbing Contractors,"Plumbing Contractors ,",,,https://www.yellowpages-uae.com/uae/electromechanical-contractors?page=3,https://www.yellowpages-uae.com/uae/plumbing-contractors
Sayed Fayyaz Hussain Technical Services LLC More Info,"Sayed Fayyaz Hussain Technical Services LLC More Info Location : Near To Golden Square Hotel, Al-Nakheel Road, Deira City : Dubai P.O Box : 381049 Phone : 055 5... 055 5667214 Products & Services : Electromechanical Contractors , Painters And Painting Contractors , Plumbing And Sanitary Contractors , Read More...",Dubai,055 5667214,https://www.yellowpages-uae.com/uae/electromechanical-contractors?page=3,/sayed-fayyaz-hussain-technical-services-llc-154505?p=U2FsdGVkX18VBWcYrENpePbJ%252FOWSmaB3ou4ezH5bGWI27o99PbsYasCH2sEGlthC
Plumbing And Sanitary Contractors,"Plumbing And Sanitary Contractors ,",,,https://www.yellowpages-uae.com/uae/electromechanical-contractors?page=3,https://www.yellowpages-uae.com/uae/plumbing-and-sanitary-contractors
Scan Electromechanical Contracting Company LLC More Info,"Scan Electromechanical Contracting Company LLC More Info Location : Scan Electromechanical Building, Behind Tuba Intl, Indl Area No 5 City : Sharjah P.O Box : 31599 Phone : 06 54... 06 5422773 Products & Services : Electromechanical Contractors , Cable Laying Contractors , Contractors Electromechanical , Read More... Brands : MCCLOSKEY HDD",Sharjah,06 5422773,https://www.yellowpages-uae.com/uae/electromechanical-contractors?page=3,/scan-electromechanical-contracting-company-llc-128089?p=U2FsdGVkX1%252FblNSt6G875EnJkgKe%252F8DdYlkXNdIadZVEQsaLpZXTp4gXcAxL8U3%252F
Clinics,Clinics Digital Printing Concrete Products Electrical Exhibition Stands Generators Hardware and Tools H Frame Scaffolding,,,https://www.yellowpages-uae.com/uae/electromechanical-contractors?page=3,/uae/clinics
Digital Printing,Clinics Digital Printing Concrete Products Electrical Exhibition Stands Generators Hardware and Tools H Frame Scaffolding,,,https://www.yellowpages-uae.com/uae/electromechanical-contractors?page=3,/uae/digital-printing-large-format
Concrete Products,Clinics Digital Printing Concrete Products Electrical Exhibition Stands Generators Hardware and Tools H Frame Scaffolding,,,https://www.yellowpages-uae.com/uae/electromechanical-contractors?page=3,/uae/concrete-products
Electrical,Clinics Digital Printing Concrete Products Electrical Exhibition Stands Generators Hardware and Tools H Frame Scaffolding,,,https://www.yellowpages-uae.com/uae/electromechanical-contractors?page=3,/uae/electric-equipment
Exhibition Stands,Clinics Digital Printing Concrete Products Electrical Exhibition Stands Generators Hardware and Tools H Frame Scaffolding,,,https://www.yellowpages-uae.com/uae/electromechanical-contractors?page=3,/uae/exhibition-stand
Generators,Clinics Digital Printing Concrete Products Electrical Exhibition Stands Generators Hardware and Tools H Frame Scaffolding,,,https://www.yellowpages-uae.com/uae/electromechanical-contractors?page=3,/uae/generators
Hardware and Tools,Clinics Digital Printing Concrete Products Electrical Exhibition Stands Generators Hardware and Tools H Frame Scaffolding,,,https://www.yellowpages-uae.com/uae/electromechanical-contractors?page=3,/uae/hardware
H Frame Scaffolding,Clinics Digital Printing Concrete Products Electrical Exhibition Stands Generators Hardware and Tools H Frame Scaffolding,,,https://www.yellowpages-uae.com/uae/electromechanical-contractors?page=3,/uae/h-frame-scaffolding
Sigma Electromechanical Contracting And Construction More Info,"Sigma Electromechanical Contracting And Construction More Info Location : Suite No. 1103, Escape Tower City : Ajman Mobile : 06 74 ... 06 744 557 Products & Services : Electromechanical Contractors , Drainage , Water Supply , Read More...",Ajman,,https://www.yellowpages-uae.com/uae/electromechanical-contractors?page=4,/sigma-electromechanical-contracting-and-construction-182498?p=U2FsdGVkX1%252FoQN%252FRKCaiuv1475HMtnAML%252Fdx2fIaA8UdW52lz9PS8Zb8bWK6VujN
Electromechanical Contractors,"Electromechanical Contractors ,",,,https://www.yellowpages-uae.com/uae/electromechanical-contractors?page=4,https://www.yellowpages-uae.com/uae/electromechanical-contractors
Silver Lake Electromechanical Works LLC More Info,"Silver Lake Electromechanical Works LLC More Info Location : Mussafah 34 City : Abu Dhabi P.O Box : 89144 Phone : 050 6... 050 6723547 Mobile : 050 1 ... 050 1119028 Products & Services : Electromechanical Contractors , AC Contractors , Air Conditioning Contractors , Read More...",Abu Dhabi,050 6723547,https://www.yellowpages-uae.com/uae/electromechanical-contractors?page=4,/silver-lake-electromechanical-works-llc-154114?p=U2FsdGVkX18XIxtjKYeZEMR3DM8Rl3k7HZ3uRVcBU6z7Q1%252FY7KUh%252FMytTxolYvPB
Stars Electro Mechanical Cont Co LLC More Info,"Stars Electro Mechanical Cont Co LLC More Info Location : Mussafah 15 City : Abu Dhabi P.O Box : 25480 Phone : 02 20... 02 2079888 Mobile : 056 5 ... 056 5259665 Products & Services : Electromechanical Contractors , Plumbing Contractors , Contractors Electromechanical , Read More...",Abu Dhabi,02 2079888,https://www.yellowpages-uae.com/uae/electromechanical-contractors?page=4,/stars-electro-mechanical-cont-co-llc-172428?p=U2FsdGVkX198FZ4r088kMeGazEgpyS23j1lND%252BjTdjUidF5IEK8F06e2JLDh3Z9N
Plumbing Contractors,"Plumbing Contractors ,",,,https://www.yellowpages-uae.com/uae/electromechanical-contractors?page=4,https://www.yellowpages-uae.com/uae/plumbing-contractors
Contractors Electromechanical,"Contractors Electromechanical ,",,,https://www.yellowpages-uae.com/uae/electromechanical-contractors?page=4,https://www.yellowpages-uae.com/uae/contractors-electromechanical
STECON Group More Info,"STECON Group More Info City : Abu Dhabi P.O Box : 26361 Phone : 02 58... 02 5865869 Products & Services : Electromechanical Contractors , Overseas Recruitment",Abu Dhabi,02 5865869,https://www.yellowpages-uae.com/uae/electromechanical-contractors?page=4,/stecon-group-181390?p=U2FsdGVkX19w9VgHNqWyPdTFnJGj4i%252B7a%252BdkBv3fk4TWDyOZ0jtmT8MuIL1qYAms
Streamline Electromechanical Works LLC More Info,"Streamline Electromechanical Works LLC More Info Location : Warehouse No. 6, Opp Tasjeel, Al Qusais Industrial Area 5 City : Dubai P.O Box : 14749 Phone : 04 28... 04 2838414 Mobile : 050 4 ... 050 4510865 Products & Services : Electromechanical Contractors , MEP Contractors , Electrical Contractors , Read More...",Dubai,04 2838414,https://www.yellowpages-uae.com/uae/electromechanical-contractors?page=4,/streamline-electromechanical-works-llc-177663?p=U2FsdGVkX18TKN2Q4hp1qJNCeDFY5WHa%252FqptiOqSR8ZQR09TVBftx7sKdstg1YZh
MEP Contractors,"MEP Contractors ,",,,https://www.yellowpages-uae.com/uae/electromechanical-contractors?page=4,https://www.yellowpages-uae.com/uae/mep-contractors
Electrical Contractors,"Electrical Contractors ,",,,https://www.yellowpages-uae.com/uae/electromechanical-contractors?page=4,https://www.yellowpages-uae.com/uae/electrical-contractors
Sun Shine Technical Works LLC More Info,"Sun Shine Technical Works LLC More Info Location : Office # 206, City Avenue Bldg, Opp to City Center, Deira City : Dubai P.O Box : 93907 Phone : 04 26... 04 2695808 Mobile : 054 4 ... 054 4043189 Products & Services : Electromechanical Contractors",Dubai,04 2695808,https://www.yellowpages-uae.com/uae/electromechanical-contractors?page=4,/sun-shine-technical-works-llc-181369?p=U2FsdGVkX1%252Buu4zmjTMP4C3DOI98wrYOTbxvXmAufAjBzKGKhGmxxF5%252Fk2vX7tu4
Swift Tech Electromechanical Contracting More Info,"Swift Tech Electromechanical Contracting More Info Location : Office 10, Plot No.8, Mussafah M17 City : Abu Dhabi Phone : 050 9... 050 9623022 Products & Services : Electromechanical Contractors",Abu Dhabi,050 9623022,https://www.yellowpages-uae.com/uae/electromechanical-contractors?page=4,/swift-tech-electromechanical-contracting-191853?p=U2FsdGVkX18nOydsYFQ0V6nnx1%252FlbM6cgFrbf8sU%252FYY%252BwmYK7pDUcDYm63fBXkLg
Trans Works Electromechanical Contracting LLC More Info,Trans Works Electromechanical Contracting LLC More Info City : Ajman P.O Box : 12745 Phone : 06 74... 06 7415707 Mobile : 052 9 ... 052 9736999 Products & Services : Electromechanical Contractors,Ajman,06 7415707,https://www.yellowpages-uae.com/uae/electromechanical-contractors?page=4,/trans-works-electromechanical-contracting-llc-191527?p=U2FsdGVkX1%252Bef4IIJ%252B%252Bun41aACgwJ0TgdjY4uNoGdrCy7ljTiuoqB1%252B3MctPP2p%252B
Trinity Mech Services LLC More Info,"Trinity Mech Services LLC More Info Location : Near Grand City Mall, Al Quoz City : Dubai P.O Box : 8807 Phone : 04 34... 04 3466644 Products & Services : Electromechanical Contractors , Machine Shops",Dubai,04 3466644,https://www.yellowpages-uae.com/uae/electromechanical-contractors?page=4,/trinity-mech-services-llc-129231?p=U2FsdGVkX1%252B3uHHDkFuqmKaIhPkUcfvzCGGeUNXmeO82BqBZhGpgMI9P6LuJo7U9
Unique Style General Transport & Contracting More Info,"Unique Style General Transport & Contracting More Info Location : 6, First Floor, Times Coffee Shop Bldg, Near Jumbo Plastic, Mussafah-43, Sanaya City : Abu Dhabi P.O Box : 30586 Phone : 02 55... 02 5593514 Mobile : 055 3 ... 055 3882921 Products & Services : Electromechanical Contractors , Painters and Painting Contractors , Electrical Contractors , Read More...",Abu Dhabi,02 5593514,https://www.yellowpages-uae.com/uae/electromechanical-contractors?page=4,/unique-style-general-transport-contracting-153765?p=U2FsdGVkX189%252B4mTJN8WvZGgnpI5euyfuueiUfEmJ%252Bd5fuZ5MeJ%252FiZyNkmqaXlve
Uptown Technical Services LLC More Info,"Uptown Technical Services LLC More Info Location : Office 404, Happy Textile Building, Al Dhafra Dental Clinic, Hamdan Street City : Abu Dhabi P.O Box : 112808 Phone : 02 63... 02 6394336 Mobile : 056 6 ... 056 6777552 Products & Services : Electromechanical Contractors , Contractors Turnkey Projects , MEP Contractors , Read More...",Abu Dhabi,02 6394336,https://www.yellowpages-uae.com/uae/electromechanical-contractors?page=4,/uptown-technical-services-llc-178682?p=U2FsdGVkX1%252Be04%252BtS77IwW4TFxf%252FGERV6Xftpao8oNjECwLZhaq9a7451qvdEa48
A Al Hamadi Electromechanical Works LLC More Info,"A Al Hamadi Electromechanical Works LLC More Info Location : #4 Warehouse ,Al Quoz Ind. Area City : Dubai P.O Box : 23199 Phone : 04 33... 04 3394742 Products & Services : Electromechanical Engineers and Consultants",Dubai,04 3394742,https://www.yellowpages-uae.com/uae/electromechanical-contractors?page=4,/a-al-hamadi-electromechanical-works-llc-158887?p=U2FsdGVkX1%252FUmYTdDqD7zeLuTQ3Kc0Fqi5lLS5diX1JHHuC0c8833c4dO4O6id9s
Electromechanical Engineers and Consultants,Electromechanical Engineers and Consultants,,,https://www.yellowpages-uae.com/uae/electromechanical-contractors?page=4,https://www.yellowpages-uae.com/uae/electromechanical-engineers-and-consultants
Abdul Rahim Architectural Consultants More Info,"Abdul Rahim Architectural Consultants More Info Location : 607, Latifa Towers, Near World Trade Centre, Sheikh Zayed Rd City : Dubai P.O Box : 13424 Phone : 04 22... 04 2235455 Products & Services : Electromechanical Engineers and Consultants , Architectural Consultants , Electrical Engineers , Read More...",Dubai,04 2235455,https://www.yellowpages-uae.com/uae/electromechanical-contractors?page=4,/abdul-rahim-architectural-consultants-112736?p=U2FsdGVkX1%252Bsg7agKJIvQFyVLPJn%252FgOa2hIK6hdgvdRY%252B0%252BJkyCkLfMYFCvvMUY7
Electrical Engineers,"Electrical Engineers ,",,,https://www.yellowpages-uae.com/uae/electromechanical-contractors?page=4,https://www.yellowpages-uae.com/uae/electrical-engineers
Aden Contracting More Info,"Aden Contracting More Info Location : Near Pan Emirates, Indl Area 17 City : Sharjah P.O Box : 33767 Phone : 06 53... 06 5348255 Products & Services : Electromechanical Engineers and Consultants , Swimming Pool Equipment Manufacturers , Swimming Pool Installation and Maintenance",Sharjah,06 5348255,https://www.yellowpages-uae.com/uae/electromechanical-contractors?page=4,/aden-contracting-136653?p=U2FsdGVkX197eKBiVWz0OTlbiJvqNtGA1bhhL72oGC75WSiPz3OcG7QMZkRxSCq0
ADG Architectural Design Group More Info,"ADG Architectural Design Group More Info Location : DIP - 2 City : Dubai P.O Box : 63943 Phone : 04 32... 04 3240447 Products & Services : Electromechanical Engineers And Consultants , Architectural Consultants , Project Management Consulting , Read More... Brands : ANDREWTEXTILES High Temperature Fabric Filters | BERTI Wooden Floor and Laminate Floor | BONAX Maintenance Products | Read More...",Dubai,04 3240447,https://www.yellowpages-uae.com/uae/electromechanical-contractors?page=4,/adg-architectural-design-group-150957?p=U2FsdGVkX190umEJvWf9b7jGmPjl2GdcdoJz%252BKI0pjEs%252BZilqK2Q%252BVOzjleXM9Y9
Advanced Electro-Technical Services More Info,Advanced Electro-Technical Services More Info Location : Sh Zayed 1st St City : Abu Dhabi P.O Box : 52270 Phone : 02 63... 02 6326807 Products & Services : Electromechanical Engineers and Consultants,Abu Dhabi,02 6326807,https://www.yellowpages-uae.com/uae/electromechanical-contractors?page=4,/advanced-electro-technical-services-118827?p=U2FsdGVkX1%252Fb0W48Ks5RWUmZ8T7z9rW6OazCw%252B1vk4ur3aE6ehFYWXbYvaweG9vr
Adym Mechanical and A/C Works More Info,"Adym Mechanical and A/C Works More Info Location : 9, Al Nadeem Complex, Indl Area 1, Al Qusais City : Dubai P.O Box : 51902 Phone : 04 26... 04 2672006 Products & Services : Electromechanical Engineers and Consultants",Dubai,04 2672006,https://www.yellowpages-uae.com/uae/electromechanical-contractors?page=4,/adym-mechanical-and-a-c-works-119568?p=U2FsdGVkX1%252FC2IM6cktNFJLUsI0kh4L5uNZ3GuBh7%252FRVjlLzVMCyQy%252BqJiv%252BZS66
Al Arabia Electro Mechanical LLC More Info,"Al Arabia Electro Mechanical LLC More Info Location : 58 Marakech St, Umm Ramool City : Dubai P.O Box : 60204 Phone : 04 28... 04 2851145 Products & Services : Electromechanical Engineers and Consultants Brands : MOLLER Electro Mechanical Equipment | GENERALELECTRIC Water Treatment Systems | RETUBEPEXPIPE ABS Pipes and Fittings | Read More...",Dubai,04 2851145,https://www.yellowpages-uae.com/uae/electromechanical-contractors?page=4,/al-arabia-electro-mechanical-llc-169678?p=U2FsdGVkX18rxBxtDWCv%252Bqvorc6Tn5WJ%252BmFMT9lsKLHYjCfs7JlOWxUsrMagz%252Fyr
MOLLER Electro Mechanical Equipment,MOLLER Electro Mechanical Equipment |,,,https://www.yellowpages-uae.com/uae/electromechanical-contractors?page=4,https://www.yellowpages-uae.com/uae/moller-electro-mechanical-equipment
Al Fajr Al Baeed LLC More Info,"Al Fajr Al Baeed LLC More Info Location : Near Palm Beach Hotel, Bur Dubai City : Dubai P.O Box : 45960 Phone : 04 39... 04 3937856 Products & Services : Electromechanical Engineers and Consultants",Dubai,04 3937856,https://www.yellowpages-uae.com/uae/electromechanical-contractors?page=4,/al-fajr-al-baeed-llc-128700?p=U2FsdGVkX1%252B%252B4K1MA4s7r4oslNiOE92WLOpo5sg71Z9cgPOhiqZhWJiV0cTrUQnZ
Al Faniah Air Conditioning System Cont LLC More Info,"Al Faniah Air Conditioning System Cont LLC More Info Location : Office 2009, Falcon Tower B1, Rashidiya City : Ajman P.O Box : 23657 Phone : 06 74... 06 7483667 Products & Services : Electromechanical Engineers and Consultants , Air Conditioning Engineers Installation And Maintenance",Ajman,06 7483667,https://www.yellowpages-uae.com/uae/electromechanical-contractors?page=4,/al-faniah-air-conditioning-system-cont-llc-116690?p=U2FsdGVkX1%252FlIypVCKhELOxGYe2XPfy2ymCUI1Bv9%252FJ4jz31sVEt%252BIHBeDNQYR5E
Clinics,Clinics Digital Printing Concrete Products Electrical Exhibition Stands Generators Hardware and Tools H Frame Scaffolding,,,https://www.yellowpages-uae.com/uae/electromechanical-contractors?page=4,/uae/clinics
Digital Printing,Clinics Digital Printing Concrete Products Electrical Exhibition Stands Generators Hardware and Tools H Frame Scaffolding,,,https://www.yellowpages-uae.com/uae/electromechanical-contractors?page=4,/uae/digital-printing-large-format
Concrete Products,Clinics Digital Printing Concrete Products Electrical Exhibition Stands Generators Hardware and Tools H Frame Scaffolding,,,https://www.yellowpages-uae.com/uae/electromechanical-contractors?page=4,/uae/concrete-products
Electrical,Clinics Digital Printing Concrete Products Electrical Exhibition Stands Generators Hardware and Tools H Frame Scaffolding,,,https://www.yellowpages-uae.com/uae/electromechanical-contractors?page=4,/uae/electric-equipment
Exhibition Stands,Clinics Digital Printing Concrete Products Electrical Exhibition Stands Generators Hardware and Tools H Frame Scaffolding,,,https://www.yellowpages-uae.com/uae/electromechanical-contractors?page=4,/uae/exhibition-stand
Generators,Clinics Digital Printing Concrete Products Electrical Exhibition Stands Generators Hardware and Tools H Frame Scaffolding,,,https://www.yellowpages-uae.com/uae/electromechanical-contractors?page=4,/uae/generators
Hardware and Tools,Clinics Digital Printing Concrete Products Electrical Exhibition Stands Generators Hardware and Tools H Frame Scaffolding,,,https://www.yellowpages-uae.com/uae/electromechanical-contractors?page=4,/uae/hardware
H Frame Scaffolding,Clinics Digital Printing Concrete Products Electrical Exhibition Stands Generators Hardware and Tools H Frame Scaffolding,,,https://www.yellowpages-uae.com/uae/electromechanical-contractors?page=4,/uae/h-frame-scaffolding
Al Fina Electromechanical Contg More Info,"Al Fina Electromechanical Contg More Info Location : Near Palm Beach Hotel, Khalid Bin Waleed St, Bur Dubai City : Dubai P.O Box : 118382 Phone : 04 39... 04 3936676 Products & Services : Electromechanical Engineers and Consultants",Dubai,04 3936676,https://www.yellowpages-uae.com/uae/electromechanical-contractors?page=5,/al-fina-electromechanical-contg-129396?p=U2FsdGVkX1%252Bx0tWApIb8yZ3CXKWS0bJQ1aDEcFIqLD5d5MX9DQhBVU4mhmeZcOcH
Electromechanical Engineers and Consultants,Electromechanical Engineers and Consultants,,,https://www.yellowpages-uae.com/uae/electromechanical-contractors?page=5,https://www.yellowpages-uae.com/uae/electromechanical-engineers-and-consultants
Al Husam Electrical Control System More Info,"Al Husam Electrical Control System More Info Location : Behind Baby Shop, Indl Area 4 City : Sharjah P.O Box : 28387 Phone : 06 53... 06 5330023 Products & Services : Electromechanical Engineers and Consultants , Electrical Traders , Electrical Switchgear , Read More...",Sharjah,06 5330023,https://www.yellowpages-uae.com/uae/electromechanical-contractors?page=5,/al-husam-electrical-control-system-140963?p=U2FsdGVkX18sYpphBAMhZ1cJQBFuOKthK0O6rygaTrboP8qSGUyfSaGvOllEpxrW
Electrical Traders,"Electrical Traders ,",,,https://www.yellowpages-uae.com/uae/electromechanical-contractors?page=5,https://www.yellowpages-uae.com/uae/electrical-traders
Electrical Switchgear,"Electrical Switchgear ,",,,https://www.yellowpages-uae.com/uae/electromechanical-contractors?page=5,https://www.yellowpages-uae.com/uae/electrical-switchgear
Al Injazat Technical Services More Info,"Al Injazat Technical Services More Info Location : 2nd Floor, Natl Bank of Abu Dhabi Bldg, Corniche Rd City : Abu Dhabi P.O Box : 42895 Phone : 02 62... 02 6226030 Products & Services : Electromechanical Engineers and Consultants",Abu Dhabi,02 6226030,https://www.yellowpages-uae.com/uae/electromechanical-contractors?page=5,/al-injazat-technical-services-121697?p=U2FsdGVkX1%252Bn06xQ1TfuU9Hx%252FP8A3XlDDLXVkIP3sK%252B8e3qPYJA%252FGJjBLHbT371i
Al Jadeed Engineering and Contracting Company LLC More Info,"Al Jadeed Engineering and Contracting Company LLC More Info Location : UNB Bldg, Airport Rd City : Abu Dhabi P.O Box : 32288 Phone : 02 64... 02 6420011 Products & Services : Electromechanical Engineers and Consultants , Contractors Electromechanical , Electrical Contractors and Electricians , Read More...",Abu Dhabi,02 6420011,https://www.yellowpages-uae.com/uae/electromechanical-contractors?page=5,/al-jadeed-engineering-and-contracting-company-llc-138788?p=U2FsdGVkX19hn6oM4JZexEJ4CDH%252BRhE%252FjRJ3leqqJ5rmSC47vkCcnbglTX76y9ZR
Contractors Electromechanical,"Contractors Electromechanical ,",,,https://www.yellowpages-uae.com/uae/electromechanical-contractors?page=5,https://www.yellowpages-uae.com/uae/contractors-electromechanical
Electrical Contractors and Electricians,"Electrical Contractors and Electricians ,",,,https://www.yellowpages-uae.com/uae/electromechanical-contractors?page=5,https://www.yellowpages-uae.com/uae/electrical-contractors-and-electricians
Al Mahasin Electric Contracting Company LLC More Info,"Al Mahasin Electric Contracting Company LLC More Info Location : 101, Yasmeen Bldg 4, Opp Sharjah Cricket Stadium, Indl Area City : Sharjah P.O Box : 40280 Phone : 06 53... 06 5359662 Mobile : 050 6 ... 050 6336295 Products & Services : Electromechanical Engineers and Consultants , Contractors Electromechanical , Electrical Contractors and Electricians , Read More...",Sharjah,06 5359662,https://www.yellowpages-uae.com/uae/electromechanical-contractors?page=5,/al-mahasin-electric-contracting-company-llc-122467?p=U2FsdGVkX1%252Fa8wTQ1h4mC4bq7Z36L1pqI1eJ4JTmPxTu%252Bu5ZCxQkejqxLuP%252F3DhT
Al Manhad Electro Mechanical More Info,Al Manhad Electro Mechanical More Info Location : Ras Al Khor Industrial Area 2 City : Dubai P.O Box : 84612 Phone : 04 32... 04 3201104 Mobile : 050 4 ... 050 4969730 Products & Services : Electromechanical Engineers and Consultants,Dubai,04 3201104,https://www.yellowpages-uae.com/uae/electromechanical-contractors?page=5,/al-manhad-electro-mechanical-146660?p=U2FsdGVkX1%252BnkD%252Br7zj3cKfxj%252BNyindnaI8VNf%252BszemzNbyfPPMiiZ6QTNbd38zl
Al Mozannab Electrical Installations Company LLC More Info,"Al Mozannab Electrical Installations Company LLC More Info Location : Dubai Investments Park City : Jebel Ali P.O Box : 85271 Products & Services : Electromechanical Engineers And Consultants , Electric Equipment Brands : DELEXI Electrical Accessories | SCHNEIDERELECTRIC Digital Panel Meters | BENSHAW Soft Starters | Read More...",Dubai,,https://www.yellowpages-uae.com/uae/electromechanical-contractors?page=5,/al-mozannab-electrical-installations-company-llc-144605?p=U2FsdGVkX1%252B1aupFuTr41iDYOf1ME7V5x4HK1Bf5gEsQIttG%252FunSObSyYDKKl5en
DELEXI Electrical Accessories,DELEXI Electrical Accessories |,,,https://www.yellowpages-uae.com/uae/electromechanical-contractors?page=5,https://www.yellowpages-uae.com/uae/delexi-electrical-accessories
Al Norraine Tech Services LLC More Info,Al Norraine Tech Services LLC More Info Location : Al Quoz Indl Area 4 City : Dubai P.O Box : 66352 Phone : 04 34... 04 3476156 Products & Services : Electromechanical Engineers and Consultants,Dubai,04 3476156,https://www.yellowpages-uae.com/uae/electromechanical-contractors?page=5,/al-norraine-tech-services-llc-135451?p=U2FsdGVkX1%252BfWulI3bJfO93zjmMqnWx2Pb56Ed4gkIiGunPRRXXv77OtWktOoqj1
Al Sana Electromechanical Works LLC More Info,"Al Sana Electromechanical Works LLC More Info Location : Warehouse # 1, Near Galadari Motor Driving School, Al Qusais Industrial Area 4 City : Dubai P.O Box : 83237 Phone : 04 25... 04 2545811 Products & Services : Electromechanical Engineers and Consultants",Dubai,04 2545811,https://www.yellowpages-uae.com/uae/electromechanical-contractors?page=5,/al-sana-electromechanical-works-llc-162219?p=U2FsdGVkX19ObArTcKlLVDBe6t57N2WeVYKJd4HEDbXBn8hJ2jDKiWEtJu9x%252B9Gn
Al Tamimi General Maint and Electrical Works LLC More Info,"Al Tamimi General Maint and Electrical Works LLC More Info Location : 313, Mozna Bldg, Al Ghusais Indl Area City : Dubai P.O Box : 3577 Phone : 04 26... 04 2617520 Products & Services : Electromechanical Engineers and Consultants",Dubai,04 2617520,https://www.yellowpages-uae.com/uae/electromechanical-contractors?page=5,/al-tamimi-general-maint-and-electrical-works-llc-117439?p=U2FsdGVkX1%252Fle9ZGfhSP7aNSa%252BASBfpjjtz7JkdBgsLA1yWSLBRcpLXTEtE%252FIJ6K
Al Tarheeb Electromechanical More Info,Al Tarheeb Electromechanical More Info Location : Opp Egypt Air City : Ras Al Khaimah P.O Box : 4499 Phone : 07 23... 07 2334567 Products & Services : Electromechanical Engineers and Consultants,Ras Al Khaimah,07 2334567,https://www.yellowpages-uae.com/uae/electromechanical-contractors?page=5,/al-tarheeb-electromechanical-139159?p=U2FsdGVkX1%252BGXqu9BaMhvT2SkEWH20AaHjk8ffCNeyH5bH6aIkN25dy5PBhSc%252BzB
Al Yarmook General Trading Elect Establishment More Info,"Al Yarmook General Trading Elect Establishment More Info Location : Opposite Rainbow Studio, Sh Khalid Road City : Khorfakkan P.O Box : 10259 Phone : 09 23... 09 2383855 Products & Services : Electromechanical Engineers and Consultants",,09 2383855,https://www.yellowpages-uae.com/uae/electromechanical-contractors?page=5,/al-yarmook-general-trading-elect-establishment-13642?p=U2FsdGVkX1%252FzCHUG7vw2PtkZ1qZgtk8TKKJqjyGzL6nf1rSEk7L3OXJo5LQwu0Ab
Alkaline Electromechanical LLC More Info,"Alkaline Electromechanical LLC More Info Location : C 155, Al Saman Bldg, Hamdan St City : Abu Dhabi P.O Box : 109872 Phone : 02 62... 02 6229280 Products & Services : Electromechanical Engineers And Consultants , Electromechanical Engineers , Electrical-Plumbing And Sanitary Ware Repairs And Services",Abu Dhabi,02 6229280,https://www.yellowpages-uae.com/uae/electromechanical-contractors?page=5,/alkaline-electromechanical-llc-142963?p=U2FsdGVkX1%252B82QbKgQxUHJXkzwanjHcyHGQFLEmeThHviDfG1hD1tlrALdvCfLzB
Electromechanical Engineers,"Electromechanical Engineers ,",,,https://www.yellowpages-uae.com/uae/electromechanical-contractors?page=5,https://www.yellowpages-uae.com/uae/electromechanical-engineers
Electrical-Plumbing And Sanitary Ware Repairs And Services,Electrical-Plumbing And Sanitary Ware Repairs And Services,,,https://www.yellowpages-uae.com/uae/electromechanical-contractors?page=5,https://www.yellowpages-uae.com/uae/electrical-plumbing-and-sanitary-ware-repairs-and-services
Arkan Engineering Services LLC More Info,"Arkan Engineering Services LLC More Info Location : 1110, Metropolis Tower, Business Bay City : Dubai P.O Box : 97200 Phone : 04 44... 04 4416453 Mobile : 054 4 ... 054 4440889 Products & Services : Electromechanical Engineers and Consultants , Fitout Contractors , Air Conditioning Contractors , Read More...",Dubai,04 4416453,https://www.yellowpages-uae.com/uae/electromechanical-contractors?page=5,/arkan-engineering-services-llc-170883?p=U2FsdGVkX18nQGymiSnM6RI7jpGQGGUY4nPZGtjQWkL73UnhsXv4eSie%252FIrxqGGF
Beam Electro Mechanical Contracting LLC More Info,"Beam Electro Mechanical Contracting LLC More Info Location : Office No. : 501 & 508, 5th Floor, Damac Building XL Tower, Business Bay City : Dubai P.O Box : 6723 Phone : 04 42... 04 4226185 Products & Services : Electromechanical Engineers and Consultants",Dubai,04 4226185,https://www.yellowpages-uae.com/uae/electromechanical-contractors?page=5,/beam-electro-mechanical-contracting-llc-159206?p=U2FsdGVkX18pQDRwPKkD6l7CJ%252FZcLEKKnoz2lQrjtWYAuTQGqd9FRoAJg0jiwsiN
Betec CAD Ind (FZC) More Info,"Betec CAD Ind (FZC) More Info Location : P4-2, SAIF Zone City : Sharjah P.O Box : 8805 Phone : 06 55... 06 5575252 Products & Services : Electromechanical Engineers and Consultants , HVAC Products , Sheet Metal Enclosures Brands : SUTECH Butterfly Valves | BETECCAD Fire and Smoke Dampers | ASICO Fire Rated Doors | Read More...",Sharjah,06 5575252,https://www.yellowpages-uae.com/uae/electromechanical-contractors?page=5,/betec-cad-ind-fzc-115746?p=U2FsdGVkX1%252BaWOwFGb%252BgVZA8IYZcs3zJ3SCBhtUR9g62YEPIJ%252BHiujoG0vT5yMiC
HVAC Products,"HVAC Products ,",,,https://www.yellowpages-uae.com/uae/electromechanical-contractors?page=5,https://www.yellowpages-uae.com/uae/hvac-products
Bin Ham Electro Mechanical Ent Company LLC More Info,"Bin Ham Electro Mechanical Ent Company LLC More Info Location : Sky Tower 605-607, Al Reem Island City : Abu Dhabi P.O Box : 46844 Phone : 02 67... 02 6777332 Products & Services : Electromechanical Engineers and Consultants , Contractors Electromechanical , Electrical Engineers",Abu Dhabi,02 6777332,https://www.yellowpages-uae.com/uae/electromechanical-contractors?page=5,/bin-ham-electro-mechanical-ent-company-llc-115032?p=U2FsdGVkX19a7zbvumGc%252BuAXqIzDip0gwNDvkkxZpxuuHWRMyasdVs3Za3C420IW
Electrical Engineers,Electrical Engineers,,,https://www.yellowpages-uae.com/uae/electromechanical-contractors?page=5,https://www.yellowpages-uae.com/uae/electrical-engineers
Blue Ice Electromechanical LLC More Info,Blue Ice Electromechanical LLC More Info City : Abu Dhabi P.O Box : 7224 Phone : 02 62... 02 6271665 Products & Services : Electromechanical Engineers and Consultants,Abu Dhabi,02 6271665,https://www.yellowpages-uae.com/uae/electromechanical-contractors?page=5,/blue-ice-electromechanical-llc-100085?p=U2FsdGVkX1%252FeEA3MTr6krhFs4bw3amW01uTUtWa59n7sKUwII6SFEw9LAvsLwss9
Byssm Ship Engineering and Tech Services More Info,Byssm Ship Engineering and Tech Services More Info Location : Al Ghusais Indl Area 1 City : Dubai P.O Box : 82885 Phone : 04 26... 04 2675797 Products & Services : Electromechanical Engineers and Consultants,Dubai,04 2675797,https://www.yellowpages-uae.com/uae/electromechanical-contractors?page=5,/byssm-ship-engineering-and-tech-services-118555?p=U2FsdGVkX1%252BESX21vs%252FO2tGo%252BxUaFMR5cYSWUBv%252FF%252B72Zbha1jTK%252F0ykH7bX7z0r
Carawan Elect and Mech Works More Info,"Carawan Elect and Mech Works More Info Location : Warehouse No.6, Baghdad Street, Opposite of New Ministry of Labour, Al Qusais Industrial Area No.1 City : Dubai P.O Box : 98684 Phone : 04 25... 04 2583305 Products & Services : Electromechanical Engineers and Consultants , Electromechanical Engineering , Mechanical Works , Read More...",Dubai,04 2583305,https://www.yellowpages-uae.com/uae/electromechanical-contractors?page=5,/carawan-elect-and-mech-works-128741?p=U2FsdGVkX18d8z68J8cOqbijsyQOa8zqg4BvTDOtiEsOqNsUq7m5vVjqka9p6gU1
Electromechanical Engineering,"Electromechanical Engineering ,",,,https://www.yellowpages-uae.com/uae/electromechanical-contractors?page=5,https://www.yellowpages-uae.com/uae/electromechanical-engineering
Mechanical Works,"Mechanical Works ,",,,https://www.yellowpages-uae.com/uae/electromechanical-contractors?page=5,https://www.yellowpages-uae.com/uae/mechanical-works
Clinics,Clinics Digital Printing Concrete Products Electrical Exhibition Stands Generators Hardware and Tools H Frame Scaffolding,,,https://www.yellowpages-uae.com/uae/electromechanical-contractors?page=5,/uae/clinics
Digital Printing,Clinics Digital Printing Concrete Products Electrical Exhibition Stands Generators Hardware and Tools H Frame Scaffolding,,,https://www.yellowpages-uae.com/uae/electromechanical-contractors?page=5,/uae/digital-printing-large-format
Concrete Products,Clinics Digital Printing Concrete Products Electrical Exhibition Stands Generators Hardware and Tools H Frame Scaffolding,,,https://www.yellowpages-uae.com/uae/electromechanical-contractors?page=5,/uae/concrete-products
Electrical,Clinics Digital Printing Concrete Products Electrical Exhibition Stands Generators Hardware and Tools H Frame Scaffolding,,,https://www.yellowpages-uae.com/uae/electromechanical-contractors?page=5,/uae/electric-equipment
Exhibition Stands,Clinics Digital Printing Concrete Products Electrical Exhibition Stands Generators Hardware and Tools H Frame Scaffolding,,,https://www.yellowpages-uae.com/uae/electromechanical-contractors?page=5,/uae/exhibition-stand
Generators,Clinics Digital Printing Concrete Products Electrical Exhibition Stands Generators Hardware and Tools H Frame Scaffolding,,,https://www.yellowpages-uae.com/uae/electromechanical-contractors?page=5,/uae/generators
Hardware and Tools,Clinics Digital Printing Concrete Products Electrical Exhibition Stands Generators Hardware and Tools H Frame Scaffolding,,,https://www.yellowpages-uae.com/uae/electromechanical-contractors?page=5,/uae/hardware
H Frame Scaffolding,Clinics Digital Printing Concrete Products Electrical Exhibition Stands Generators Hardware and Tools H Frame Scaffolding,,,https://www.yellowpages-uae.com/uae/electromechanical-contractors?page=5,/uae/h-frame-scaffolding
Proconnect Technical Services LLC More Info,"Proconnect Technical Services LLC More Info Location : Office 409, Al Fahad Building 4, Al Qusais City : Dubai Mobile : 058 5 ... 058 5934044 Products & Services : MEP Contracting , Contractors Electromechanical , MEP Contractors , Read More...",Dubai,058 5934044,https://www.yellowpages-uae.com/uae/mep-contracting,/proconnect-technical-services-llc-196708?p=U2FsdGVkX18MmBpIf7txuTmvyHAtDgQmt94HnUdg41s%253D
MEP Contracting,"MEP Contracting ,",,,https://www.yellowpages-uae.com/uae/mep-contracting,https://www.yellowpages-uae.com/uae/mep-contracting
Contractors Electromechanical,"Contractors Electromechanical ,",,,https://www.yellowpages-uae.com/uae/mep-contracting,https://www.yellowpages-uae.com/uae/contractors-electromechanical
MEP Contractors,"MEP Contractors ,",,,https://www.yellowpages-uae.com/uae/mep-contracting,https://www.yellowpages-uae.com/uae/mep-contractors
Red Sea Eagle Electromechanical Contracting LLC More Info,"Red Sea Eagle Electromechanical Contracting LLC More Info Location : M04, Building No. 25, Mezzanine Floor 03, Al Salam Street City : Abu Dhabi P.O Box : 26298 Mobile : 050 9 ... 050 9300936 , 052 9 052 9037875 Products & Services : MEP Contracting , MEP Contractors , MEP Works , Read More...",Abu Dhabi,050 9300936,https://www.yellowpages-uae.com/uae/mep-contracting,/red-sea-eagle-electromechanical-contracting-llc-194845?p=U2FsdGVkX18HnjLG5Jpz8dTXIZ%252ByOhqGTJvJVDNB4PU%253D
MEP Works,"MEP Works ,",,,https://www.yellowpages-uae.com/uae/mep-contracting,https://www.yellowpages-uae.com/uae/mep-works
Imperial Power Electromechanical Works LLC More Info,"Imperial Power Electromechanical Works LLC More Info Location : Office 2, Al Bakhti Warehouse, Behind Enoc Petrol Pump, Al Khabaisi, Deira City : Dubai P.O Box : 455726 Mobile : 056 1 ... 056 1774549 , 056 1 056 1774522 Products & Services : MEP Contracting , Electromechanical Contracting Company , MEP Services , Read More...",Dubai,056 1774549,https://www.yellowpages-uae.com/uae/mep-contracting,/imperial-power-electromechanical-works-llc-180952?p=U2FsdGVkX1%252Bl4l4DrtLNRzOof%252BFDK1q1n2mBVH6pERM%253D
Electromechanical Contracting Company,"Electromechanical Contracting Company ,",,,https://www.yellowpages-uae.com/uae/mep-contracting,https://www.yellowpages-uae.com/uae/electromechanical-contracting-company
MEP Services,"MEP Services ,",,,https://www.yellowpages-uae.com/uae/mep-contracting,https://www.yellowpages-uae.com/uae/mep-services
Video,"Imperial Power Electromechanical Works LLC More Info Location : Office 2, Al Bakhti Warehouse, Behind Enoc Petrol Pump, Al Khabaisi, Deira City : Dubai P.O Box : 455726 Mobile : 056 1 ... 056 1774549 , 056 1 056 1774522 Products & Services : MEP Contracting , Electromechanical Contracting Company , MEP Services , Read More... Images Video Website Send Enquiry",Dubai,056 1774549,https://www.yellowpages-uae.com/uae/mep-contracting,https://www.youtube.com/watch?v=ET5euTHLc7s
Power Way Electromechanical Contracting Established: 2015 | More Info,"Power Way Electromechanical Contracting Established: 2015 | More Info Location : 203, Sheikh Faisal Building, Al Nakheel Street, Al Nakheel City : Ras Al Khaimah P.O Box : 36527 Phone : 07 23... 07 2356848 Mobile : 056 8 ... 056 8389996 Products & Services : MEP Contracting , Infrastructure MEP Contractors , MEP Contractors , Read More...",Ras Al Khaimah,07 2356848,https://www.yellowpages-uae.com/uae/mep-contracting,/power-way-electromechanical-contracting-179763?p=U2FsdGVkX19fd9CbJyb4XpkzDz3yMA9VaKSQYa2UuQc%253D
Infrastructure MEP Contractors,"Infrastructure MEP Contractors ,",,,https://www.yellowpages-uae.com/uae/mep-contracting,https://www.yellowpages-uae.com/uae/infrastructure-mep-contractors
New Age General Contracting LLC (NET Interiors) More Info,"New Age General Contracting LLC (NET Interiors) More Info Location : MW4, Mussafah City : Abu Dhabi Phone : 02 66... 02 6662360 Mobile : 056 5 ... 056 5481753 Products & Services : MEP Contracting , Contractors Electromechanical , MEP Contractors , Read More...",Abu Dhabi,02 6662360,https://www.yellowpages-uae.com/uae/mep-contracting,/new-age-general-contracting-llc-net-interiors-151785?p=U2FsdGVkX19z0Cnm2a7Tu%252BTn2OWL%252FqQZrX7XqFCSXg8%253D
Avanzo Electromechanical Contracting LLC More Info,"Avanzo Electromechanical Contracting LLC More Info Location : Office 411, Al Fahim Building Musaffah, M4 City : Abu Dhabi Mobile : 050 2 ... 050 2525180 Products & Services : MEP Contracting , MEP Contractors , MEP Works , Read More...",Abu Dhabi,050 2525180,https://www.yellowpages-uae.com/uae/mep-contracting,/avanzo-electromechanical-contracting-llc-194436?p=U2FsdGVkX19pUIQDI5stuc4U8eDdTd6GAAF5QV85ZsE%253D
Prince Paul Building Contracting LLC More Info,"Prince Paul Building Contracting LLC More Info Location : Room 412, Midfa Building, Damascus Street, Al Qusais Industrial Area 4 City : Dubai Phone : 04 32... 04 3234231 Mobile : 052 8 ... 052 8226638 , 052 8 052 8061969 Products & Services : MEP Contracting , Steel Construction Contracting , MEP Contractors , Read More...",Dubai,04 3234231,https://www.yellowpages-uae.com/uae/mep-contracting,/prince-paul-building-contracting-llc-197081?p=U2FsdGVkX1%252Fm5LuYe03kesjL0IHEhj%252BXafdp2uWE88I%253D
Buildfy General Contracting LLC OPC More Info,"Buildfy General Contracting LLC OPC More Info Location : Office 4, C47, M10, Mussafah City : Abu Dhabi P.O Box : 133565 Mobile : 052 2 ... 052 2780256 , 056 7 056 7472870 Products & Services : MEP Contracting , MEP Works , MEP Contractors , Read More...",Abu Dhabi,052 2780256,https://www.yellowpages-uae.com/uae/mep-contracting,/buildfy-general-contracting-llc-opc-195316?p=U2FsdGVkX19zNsyX9btdMrkx1N27nfSXHr0ldZUXYNM%253D
Exact Fit Technical Services LLC More Info,"Exact Fit Technical Services LLC More Info Location : 4th Floor, Galadari Business Center, Dubai Production City City : Dubai Mobile : 054 2 ... 054 2762706 , 054 3 054 3346576 Products & Services : MEP Contracting , MEP Contractors , Plastering Contractors , Read More...",Dubai,054 2762706,https://www.yellowpages-uae.com/uae/mep-contracting,/exact-fit-technical-services-llc-200657?p=U2FsdGVkX1%252Fn8kHztbjZJRTxz%252FDGUFKCTJHY4CEFUfI%253D
180 Degree MEP Electromechanical Contracting LLC More Info,180 Degree MEP Electromechanical Contracting LLC More Info Location : Mussafah M45 City : Abu Dhabi P.O Box : 133245 Phone : 050 7... 050 7081412 Mobile : 050 7 ... 050 7081412 Products & Services : MEP Contracting,Abu Dhabi,050 7081412,https://www.yellowpages-uae.com/uae/mep-contracting,/180-degree-mep-electromechanical-contracting-llc-200561?p=U2FsdGVkX180kWwuuXc2NagEQFaZpKhqVOnUVi27e8w%253D
Al Bedaya Al Naajiha More Info,"Al Bedaya Al Naajiha More Info Location : Office Number 1/521, 1st Floor, Plot Number 55, Bin Dasmal Building, Above Al Masaraf Bank, Sheikh Z City : Dubai P.O Box : 500001 Mobile : 052 6 ... 052 6890505 Products & Services : MEP Contracting , Facilities Management",Dubai,052 6890505,https://www.yellowpages-uae.com/uae/mep-contracting,/al-bedaya-al-naajiha-192644?p=U2FsdGVkX19Gt5UYkUvq8uLPUwqrJ%252FDD%252BcaEbVdHflI%253D
Al Ishraf LLC More Info,"Al Ishraf LLC More Info Location : M 33, Plot 22, Mussafah Industrial Area City : Abu Dhabi P.O Box : 2879 Phone : 02 55... 02 5503774 Products & Services : MEP Contracting , Contractors Electromechanical , Contracting Engineers , Read More... Brands : AL-ISHRAF Switch Gears",Abu Dhabi,02 5503774,https://www.yellowpages-uae.com/uae/mep-contracting,/al-ishraf-llc-153389?p=U2FsdGVkX18%252FFhmd0icv2CJZKlJks0b%252FZ5LJuN28Pmk%253D
Al Madina Al Zarqa Technical Services LLC More Info,"Al Madina Al Zarqa Technical Services LLC More Info Location : Office Number 805, City Avenue Building, Port Saeed, Deira City : Dubai P.O Box : 49391 Phone : 04 33... 04 3318045 Mobile : 055 3 ... 055 3063159 Products & Services : MEP Contracting , MEP Works , Building Contracting , Read More...",Dubai,04 3318045,https://www.yellowpages-uae.com/uae/mep-contracting,/al-madina-al-zarqa-technical-services-llc-192852?p=U2FsdGVkX184zGrEM6jnmn5YZHo2Gl9XgT5ww6G25H0%253D
Al Mansoori Electrical And Pipe Fitting Contracting LLC More Info,"Al Mansoori Electrical And Pipe Fitting Contracting LLC More Info Location : 112, Old Labour Office Building, Al Mamzar, Deira City : Dubai P.O Box : 4275 Phone : 04 22... 04 2208522 Products & Services : MEP Contracting , Contractors Electromechanical , Air Conditioning Contractors , Read More...",Dubai,04 2208522,https://www.yellowpages-uae.com/uae/mep-contracting,/al-mansoori-electrical-and-pipe-fitting-contracting-llc-151493?p=U2FsdGVkX1%252BK834lZHNlZC4XafQtFhKcp%252BoXgbFy3h8%253D
Al Namur General Contracting LLC More Info,"Al Namur General Contracting LLC More Info Location : Office 11, Plot No: 7B, Mussafah M-34 City : Abu Dhabi Phone : 056 7... 056 7707724 Mobile : 056 7 ... 056 7707724 Products & Services : Mep Contracting",Abu Dhabi,056 7707724,https://www.yellowpages-uae.com/uae/mep-contracting,/al-namur-general-contracting-llc-200564?p=U2FsdGVkX1%252F2%252FDEi%252FHZzHFmMF03yNw5CCRVSYFqSHAU%253D
Al Shaer Electromechanical Works LLC More Info,"Al Shaer Electromechanical Works LLC More Info Location : Near Shaklan Rest, Al Quoz 2 City : Dubai P.O Box : 92821 Phone : 04 38... 04 3808250 Products & Services : MEP Contracting , Contractors Electromechanical , Contractors Turnkey Projects , Read More...",Dubai,04 3808250,https://www.yellowpages-uae.com/uae/mep-contracting,/al-shaer-electromechanical-works-llc-153688?p=U2FsdGVkX1%252BebgThxMgd%252B0KFlcdTarmhrQK9sztx3Wc%253D
Al Zahriah Electro Mechanical Contracting More Info,"Al Zahriah Electro Mechanical Contracting More Info Location : Office 1, City Tower, Abu Shagara City : Sharjah P.O Box : 20394 Phone : 06 55... 06 5535811 Products & Services : MEP Contracting , Contractors Electromechanical , Electromechanical Contractors , Read More...",Sharjah,06 5535811,https://www.yellowpages-uae.com/uae/mep-contracting,/al-zahriah-electro-mechanical-contracting-130686?p=U2FsdGVkX19F9ujh6e8byRVCm1ToyvrAJ754C7c6FRs%253D
Electromechanical Contractors,"Electromechanical Contractors ,",,,https://www.yellowpages-uae.com/uae/mep-contracting,https://www.yellowpages-uae.com/uae/electromechanical-contractors
Apex Enterprises FZC LLC More Info,"Apex Enterprises FZC LLC More Info Location : Office Number 22, ATS Building, 22 Street, Al Mantaqah As Sina'iyah 1, Industrial Area City : Al Ain Mobile : 050 4 ... 050 4973143 , 056 2 056 2174777 Products & Services : MEP Contracting , Modular Construction",Al Ain,050 4973143,https://www.yellowpages-uae.com/uae/mep-contracting,/apex-enterprises-fzc-llc-200607?p=U2FsdGVkX1%252FvzYG%252FObyqfZwr9gtAftS8xvqXVpQ5EXA%253D
ARJ Water Technology LLC More Info,"ARJ Water Technology LLC More Info Location : Ahmed Ramadhan Juma Building,Between 2nd and 3rd Interchange, Sheikh Zayed Road City : Dubai P.O Box : 2574 Phone : 04 33... 04 3381160 Products & Services : MEP Contracting , MEP , Fire Fighting Equipment , Read More... Brands : MCWANE Valves and Accessories | SULZER ABS Pump Sets | WEDECO Water Treatment Chemicals and Equipment",Dubai,04 3381160,https://www.yellowpages-uae.com/uae/mep-contracting,/arj-water-technology-llc-154409?p=U2FsdGVkX19gIhKYAsk1OCB%252FLY9C%252BPBC%252FWHRIaAefAU%253D
MEP,"MEP ,",,,https://www.yellowpages-uae.com/uae/mep-contracting,https://www.yellowpages-uae.com/uae/mep
AZN Electromechanical Works LLC More Info,"AZN Electromechanical Works LLC More Info Location : Office 20, 19th Floor, Al Ghaith Tower, Hamdan Street City : Abu Dhabi P.O Box : 55674 Phone : 02 50... 02 5089068 Mobile : 056 1 ... 056 1405628 Products & Services : MEP Contracting , Contractors Electromechanical , Electrical Installation , Read More... Brands : SCHNEIDER Electrical Devices | ABB Electrical Products | HAGER Electrical Products",Abu Dhabi,02 5089068,https://www.yellowpages-uae.com/uae/mep-contracting,/azn-electromechanical-works-llc-176809?p=U2FsdGVkX18KL6ooFYW7XOsWwCm9nhuHhTdIfHRlfKU%253D
Electrical Installation,"Electrical Installation ,",,,https://www.yellowpages-uae.com/uae/mep-contracting,https://www.yellowpages-uae.com/uae/electrical-installation
SCHNEIDER Electrical Devices,SCHNEIDER Electrical Devices |,,,https://www.yellowpages-uae.com/uae/mep-contracting,https://www.yellowpages-uae.com/uae/schneider-electrical-devices
ABB Electrical Products,ABB Electrical Products |,,,https://www.yellowpages-uae.com/uae/mep-contracting,https://www.yellowpages-uae.com/uae/abb-electrical-products
HAGER Electrical Products,HAGER Electrical Products,,,https://www.yellowpages-uae.com/uae/mep-contracting,https://www.yellowpages-uae.com/uae/hager-electrical-products
Dana Steel Industry LLC,"Dana Steel Industry LLC DANA Group is UAE Head Quartered Industrial Conglomerate, Our industrial divisions are :- 1) DANA Steel - Steel Coils Manufacturing -GI/AZ/PPGI/PPAZ/PPAL | Roofing Sheets , Sandwich Panels , Fencing , Steel Drums and Barrels, Galvanized GI Pipes, Dry Wall Partitioning Systems Stud, Tracks, Furring Channel 2) DANA HVAC Solutions - Domestic & Industrial Water Chillers , Drinking Water Coolers, Cold Room Solutions, Heat Pumps 3) DANA Oil & Petrochemicals - Lubricants , Greases , Base Oil & Petrochemicals For more details: whatsapp: 04-2217273",,04-2217273,https://www.yellowpages-uae.com/uae/mep-contracting,/dana-steel-industry-llc-173449.html
DANA Steel,"DANA Group is UAE Head Quartered Industrial Conglomerate, Our industrial divisions are :- 1) DANA Steel - Steel Coils Manufacturing -GI/AZ/PPGI/PPAZ/PPAL | Roofing Sheets , Sandwich Panels , Fencing , Steel Drums and Barrels, Galvanized GI Pipes, Dry Wall Partitioning Systems Stud, Tracks, Furring Channel 2) DANA HVAC Solutions - Domestic & Industrial Water Chillers , Drinking Water Coolers, Cold Room Solutions, Heat Pumps 3) DANA Oil & Petrochemicals - Lubricants , Greases , Base Oil & Petrochemicals For more details: whatsapp: 04-2217273",,04-2217273,https://www.yellowpages-uae.com/uae/mep-contracting,http://danasteeluae.com
DANA HVAC Solutions,"DANA Group is UAE Head Quartered Industrial Conglomerate, Our industrial divisions are :- 1) DANA Steel - Steel Coils Manufacturing -GI/AZ/PPGI/PPAZ/PPAL | Roofing Sheets , Sandwich Panels , Fencing , Steel Drums and Barrels, Galvanized GI Pipes, Dry Wall Partitioning Systems Stud, Tracks, Furring Channel 2) DANA HVAC Solutions - Domestic & Industrial Water Chillers , Drinking Water Coolers, Cold Room Solutions, Heat Pumps 3) DANA Oil & Petrochemicals - Lubricants , Greases , Base Oil & Petrochemicals For more details: whatsapp: 04-2217273",,04-2217273,https://www.yellowpages-uae.com/uae/mep-contracting,http://danawatercoolers.com
DANA Oil & Petrochemicals,"DANA Group is UAE Head Quartered Industrial Conglomerate, Our industrial divisions are :- 1) DANA Steel - Steel Coils Manufacturing -GI/AZ/PPGI/PPAZ/PPAL | Roofing Sheets , Sandwich Panels , Fencing , Steel Drums and Barrels, Galvanized GI Pipes, Dry Wall Partitioning Systems Stud, Tracks, Furring Channel 2) DANA HVAC Solutions - Domestic & Industrial Water Chillers , Drinking Water Coolers, Cold Room Solutions, Heat Pumps 3) DANA Oil & Petrochemicals - Lubricants , Greases , Base Oil & Petrochemicals For more details: whatsapp: 04-2217273",,04-2217273,https://www.yellowpages-uae.com/uae/mep-contracting,http://danalubes.com
04-2217273,"DANA Group is UAE Head Quartered Industrial Conglomerate, Our industrial divisions are :- 1) DANA Steel - Steel Coils Manufacturing -GI/AZ/PPGI/PPAZ/PPAL | Roofing Sheets , Sandwich Panels , Fencing , Steel Drums and Barrels, Galvanized GI Pipes, Dry Wall Partitioning Systems Stud, Tracks, Furring Channel 2) DANA HVAC Solutions - Domestic & Industrial Water Chillers , Drinking Water Coolers, Cold Room Solutions, Heat Pumps 3) DANA Oil & Petrochemicals - Lubricants , Greases , Base Oil & Petrochemicals For more details: whatsapp: 04-2217273",,04-2217273,https://www.yellowpages-uae.com/uae/mep-contracting,https://wa.me/97142217273
Clinics,Clinics Digital Printing Concrete Products Electrical Exhibition Stands Generators Hardware and Tools H Frame Scaffolding,,,https://www.yellowpages-uae.com/uae/mep-contracting,/uae/clinics
Digital Printing,Clinics Digital Printing Concrete Products Electrical Exhibition Stands Generators Hardware and Tools H Frame Scaffolding,,,https://www.yellowpages-uae.com/uae/mep-contracting,/uae/digital-printing-large-format
Concrete Products,Clinics Digital Printing Concrete Products Electrical Exhibition Stands Generators Hardware and Tools H Frame Scaffolding,,,https://www.yellowpages-uae.com/uae/mep-contracting,/uae/concrete-products
Electrical,Clinics Digital Printing Concrete Products Electrical Exhibition Stands Generators Hardware and Tools H Frame Scaffolding,,,https://www.yellowpages-uae.com/uae/mep-contracting,/uae/electric-equipment
Exhibition Stands,Clinics Digital Printing Concrete Products Electrical Exhibition Stands Generators Hardware and Tools H Frame Scaffolding,,,https://www.yellowpages-uae.com/uae/mep-contracting,/uae/exhibition-stand
Generators,Clinics Digital Printing Concrete Products Electrical Exhibition Stands Generators Hardware and Tools H Frame Scaffolding,,,https://www.yellowpages-uae.com/uae/mep-contracting,/uae/generators
Hardware and Tools,Clinics Digital Printing Concrete Products Electrical Exhibition Stands Generators Hardware and Tools H Frame Scaffolding,,,https://www.yellowpages-uae.com/uae/mep-contracting,/uae/hardware
H Frame Scaffolding,Clinics Digital Printing Concrete Products Electrical Exhibition Stands Generators Hardware and Tools H Frame Scaffolding,,,https://www.yellowpages-uae.com/uae/mep-contracting,/uae/h-frame-scaffolding
Blue Triangle Electromechanical Contracting LLC More Info,"Blue Triangle Electromechanical Contracting LLC More Info Location : Airport Road City : Abu Dhabi P.O Box : 113161 Phone : 02 58... 02 5833860 Mobile : 056 4 ... 056 4601460 Products & Services : MEP Contracting , Contractors Electromechanical , MEP Contractors , Read More... Brands : CARRIER Air Conditioning | APCOFLEX AC Spare Parts | MITSUBISHI AC Spare Parts | Read More...",Abu Dhabi,02 5833860,https://www.yellowpages-uae.com/uae/mep-contracting?page=2,/blue-triangle-electromechanical-contracting-llc-188293?p=U2FsdGVkX1%252BefNly%252FoYZ9xBmlJO%252B91V34IXgLNuZIYM%253D
MEP Contracting,"MEP Contracting ,",,,https://www.yellowpages-uae.com/uae/mep-contracting?page=2,https://www.yellowpages-uae.com/uae/mep-contracting
Contractors Electromechanical,"Contractors Electromechanical ,",,,https://www.yellowpages-uae.com/uae/mep-contracting?page=2,https://www.yellowpages-uae.com/uae/contractors-electromechanical
MEP Contractors,"MEP Contractors ,",,,https://www.yellowpages-uae.com/uae/mep-contracting?page=2,https://www.yellowpages-uae.com/uae/mep-contractors
Bravos Technical Services Contracting Co LLC More Info,"Bravos Technical Services Contracting Co LLC More Info Location : Office No. BC 05-17, Al Attar Business Centre, Al Barsha 1 City : Dubai P.O Box : 452855 Phone : 055 3... 055 3428899 Mobile : 055 3 ... 055 3428899 Products & Services : MEP Contracting , MEP Contractors",Dubai,055 3428899,https://www.yellowpages-uae.com/uae/mep-contracting?page=2,/bravos-technical-services-contracting-co-llc-201722?p=U2FsdGVkX186khVjzcEn0JG%252FkTgxOG5XHr7arjs7q5k%253D
CH Goodhills General Contracting More Info,"CH Goodhills General Contracting More Info Location : Musaffah M9 City : Abu Dhabi Phone : 02 54... 02 5468572 Mobile : 050 1 ... 050 1131037 Products & Services : MEP Contracting , General Contracting , Civil Contractors , Read More...",Abu Dhabi,02 5468572,https://www.yellowpages-uae.com/uae/mep-contracting?page=2,/ch-goodhills-general-contracting-181570?p=U2FsdGVkX1%252FQN3dFTjDlu%252FU5ripyPLFAOOD46qiFEMw%253D
Earth Center Contracting And General Maintenance More Info,"Earth Center Contracting And General Maintenance More Info Location : F7-01, Zig Zag Tower, Near Dana Hotel City : Abu Dhabi Phone : 02 55... 02 5547444 Mobile : 050 9 ... 050 9809151 Products & Services : MEP Contracting , MEP Works , MEP Contractors , Read More...",Abu Dhabi,02 5547444,https://www.yellowpages-uae.com/uae/mep-contracting?page=2,/earth-center-contracting-and-general-maintenance-180217?p=U2FsdGVkX19KOSCqIdy3OPhD1JrR1PFGtp%252FYpIVIFwo%253D
MEP Works,"MEP Works ,",,,https://www.yellowpages-uae.com/uae/mep-contracting?page=2,https://www.yellowpages-uae.com/uae/mep-works
Elanday Technical Services LLC More Info,"Elanday Technical Services LLC More Info Location : Office Number 517 G-01, Al Khabaisi, Abu Hail City : Dubai Mobile : 050 1 ... 050 1065814 Products & Services : MEP Contracting , MEP Services",Dubai,050 1065814,https://www.yellowpages-uae.com/uae/mep-contracting?page=2,/elanday-technical-services-llc-197198?p=U2FsdGVkX18Y63nDZiIU3%252FpFYab7e0TuQu8vEgXxwCk%253D
MEP Services,MEP Services,,,https://www.yellowpages-uae.com/uae/mep-contracting?page=2,https://www.yellowpages-uae.com/uae/mep-services
Emzone Technical Services LLC More Info,"Emzone Technical Services LLC More Info Location : Office 20, 2nd Floor, Mohd Saeedi Business Center, Al Hanaa Center, Al Satwa City : Dubai Mobile : 050 8 ... 050 8455145 Products & Services : MEP Contracting , MEP Works , MEP Contractors , Read More...",Dubai,050 8455145,https://www.yellowpages-uae.com/uae/mep-contracting?page=2,/emzone-technical-services-llc-194583?p=U2FsdGVkX19w0zewMc6eE33kCQPVMZkoszoG3kphLkM%253D
Harris International Facilities Management More Info,"Harris International Facilities Management More Info Location : Office no – 1403, Al Otaiba Tower, Electra Street City : Abu Dhabi Mobile : 054 7 ... 054 7968649 Products & Services : MEP Contracting , MEP Works , MEP Contractors , Read More...",Abu Dhabi,054 7968649,https://www.yellowpages-uae.com/uae/mep-contracting?page=2,/harris-international-facilities-management-179591?p=U2FsdGVkX18sz42Yr7xSzNcEt9oR%252B3t7gXSGibcyvWk%253D
High Uptime General Maintenance & MEP Contracting More Info,"High Uptime General Maintenance & MEP Contracting More Info Location : Office No. 823, Falcon Tower, Hamdan Street City : Abu Dhabi Phone : 055 5... 055 5505928 Mobile : 055 5 ... 055 5505928 Products & Services : MEP Contracting , General Contracting",Abu Dhabi,055 5505928,https://www.yellowpages-uae.com/uae/mep-contracting?page=2,/high-uptime-general-maintenance-mep-contracting-201041?p=U2FsdGVkX18sDpQV%252BrefP9B7%252FIiaEu1Ns1UAaLA%252FeZ4%253D
INFORCE Technical Services LLC More Info,"INFORCE Technical Services LLC More Info Location : International City City : Dubai Phone : 04 58... 04 5844775 Mobile : 055 3 ... 055 3179134 Products & Services : MEP Contracting , Contractors Electromechanical",Dubai,04 5844775,https://www.yellowpages-uae.com/uae/mep-contracting?page=2,/inforce-technical-services-llc-177669?p=U2FsdGVkX18lbPqIueePxOFguMxTDYCRIjXzUrorU1g%253D
J & J Group Of Companies More Info,"J & J Group Of Companies More Info Location : 104, 1st Floor, Buhaira Building, Buhaira Corniche City : Sharjah P.O Box : 36461 Phone : 06 56... 06 5628804 Mobile : 050 6 ... 050 6355482 Products & Services : MEP Contracting , MEP Contractors , Plumbing Contractors , Read More...",Sharjah,06 5628804,https://www.yellowpages-uae.com/uae/mep-contracting?page=2,/j-j-group-of-companies-180007?p=U2FsdGVkX18MMZpwoJifM6hQA1JbAI6AjvJLNg73fq8%253D
Plumbing Contractors,"Plumbing Contractors ,",,,https://www.yellowpages-uae.com/uae/mep-contracting?page=2,https://www.yellowpages-uae.com/uae/plumbing-contractors
Jenmars Technical Services LLC More Info,"Jenmars Technical Services LLC More Info Location : Warehouse 113, Al Jaddaf City : Dubai P.O Box : 62515 Phone : 04 33... 04 3384815 Products & Services : MEP Contracting , Building Contractors , Annual Maintenance Contracts , Read More...",Dubai,04 3384815,https://www.yellowpages-uae.com/uae/mep-contracting?page=2,/jenmars-technical-services-llc-162618?p=U2FsdGVkX18K6zdSjjLsllNqrZY7O10grEgQGfVCjow%253D
Leon Technical Works LLC More Info,"Leon Technical Works LLC More Info Location : DIP City : Jebel Ali P.O Box : 19730 Phone : 04 83... 04 8321004 Products & Services : MEP Contracting , Fire Fighting Contractors , Fire Protection And Fire Fighting Equipment And Services , Read More...",,04 8321004,https://www.yellowpages-uae.com/uae/mep-contracting?page=2,/leon-technical-works-llc-153658?p=U2FsdGVkX1%252B5gT%252Bv2ySP6botdkGOXMIuH9tQ1z46ip0%253D
Mepserve General Trading LLC More Info,"Mepserve General Trading LLC More Info Location : Deira City : Dubai P.O Box : 26981 Phone : 04 23... 04 2325575 Mobile : 050 8 ... 050 8464993 Products & Services : MEP Contracting , Building Material",Dubai,04 2325575,https://www.yellowpages-uae.com/uae/mep-contracting?page=2,/mepserve-general-trading-llc-201352?p=U2FsdGVkX1%252ByKWxpZSNJaXTkbwG3ygI0BiycAX6SNP4%253D
Misa Reliance Facility Management Company More Info,"Misa Reliance Facility Management Company More Info Location : Office 106, MSM 1 Building, Safa 1, Sheikh Zayed Road City : Dubai P.O Box : 150949 Phone : 04 32... 04 3252236 Mobile : 050 3 ... 050 3596769 Products & Services : MEP Contracting , Facilities Management , Cleaning Services , Read More...",Dubai,04 3252236,https://www.yellowpages-uae.com/uae/mep-contracting?page=2,/misa-reliance-facility-management-company-185383?p=U2FsdGVkX18u9RNLcF%252F0%252Bo7f9k6lh79X6Vfx2xfPwZ0%253D
MTS Engineering Solutions More Info,"MTS Engineering Solutions More Info Location : Souq Naif Shop Number 42, Deira City : Dubai P.O Box : 37777 Phone : 04 56... 04 5652880 Mobile : 055 3 ... 055 3664131 Products & Services : MEP Contracting , Painting Contracting , Gypsum Partition Works , Read More...",Dubai,04 5652880,https://www.yellowpages-uae.com/uae/mep-contracting?page=2,/mts-engineering-solutions-192643?p=U2FsdGVkX19UHMPt17hyNvTZB5mM5XNvh7dDPiXT7RY%253D
Multiline Design and Contracting LLC More Info,"Multiline Design and Contracting LLC More Info Location : Opp Al Reyami W/House, Al Quoz Indl Area 4 City : Dubai P.O Box : 26581 Mobile : 056 4 ... 056 4648091 , 050 6 050 6599768 Products & Services : MEP Contracting , MEP Works , MEP Engineering Services , Read More...",Dubai,056 4648091,https://www.yellowpages-uae.com/uae/mep-contracting?page=2,/multiline-design-and-contracting-llc-130906?p=U2FsdGVkX1%252FoblnTxHF%252Bq9%252BWA%252Bm917ixtWUv84iRPDM%253D
MEP Engineering Services,"MEP Engineering Services ,",,,https://www.yellowpages-uae.com/uae/mep-contracting?page=2,https://www.yellowpages-uae.com/uae/mep-engineering-services
Nexus Fueling Technical Services LLC More Info,"Nexus Fueling Technical Services LLC More Info City : Dubai Mobile : 058 8 ... 058 8037271 Products & Services : Mep Contracting , HVAC",Dubai,058 8037271,https://www.yellowpages-uae.com/uae/mep-contracting?page=2,/nexus-fueling-technical-services-llc-200363?p=U2FsdGVkX18CyBd4o8PcR4FNj2QqjUJpOZSMCSAn%252BeI%253D
HVAC,HVAC,,,https://www.yellowpages-uae.com/uae/mep-contracting?page=2,https://www.yellowpages-uae.com/uae/hvac
Novartis Facilities Management LLC More Info,"Novartis Facilities Management LLC More Info Location : UAE City : Dubai P.O Box : 334327 Phone : 04 39... 04 3918704 Products & Services : MEP Contracting , Painting Contractors , Cleaning And Janitorial Service , Read More...",Dubai,04 3918704,https://www.yellowpages-uae.com/uae/mep-contracting?page=2,/novartis-facilities-management-llc-128660?p=U2FsdGVkX1%252FiAGJBND%252BHtqZ6q2N6o9slDqpQf5u3UE4%253D
OHM Electromechanical Contracting More Info,"OHM Electromechanical Contracting More Info Location : M 02 C-133, Bldg No Me 09, Near Al Manara School, Shabia City : Abu Dhabi P.O Box : 34508 Phone : 02 66... 02 6664551 Mobile : 050 3 ... 050 3363491 Products & Services : MEP Contracting , Contractors Electromechanical , Cable Laying Contractors , Read More...",Abu Dhabi,02 6664551,https://www.yellowpages-uae.com/uae/mep-contracting?page=2,/ohm-electromechanical-contracting-167716?p=U2FsdGVkX1%252FdUBtzBca9K1LXjmx0%252BJtO5hzpgwX7hUI%253D
Orient Traditional Electromechanical LLC SPC More Info,"Orient Traditional Electromechanical LLC SPC More Info Location : 9 Al Madayen Street, Mohamed Bin Zayed City, ME10 City : Abu Dhabi Mobile : 050 4 ... 050 4428962 Products & Services : Mep Contracting , Fitout Works , Civil Works",Abu Dhabi,050 4428962,https://www.yellowpages-uae.com/uae/mep-contracting?page=2,/orient-traditional-electromechanical-llc-spc-199898?p=U2FsdGVkX1%252FhBHaC5lqlECiozSToE3Y4o22UcJpF17s%253D
Clinics,Clinics Digital Printing Concrete Products Electrical Exhibition Stands Generators Hardware and Tools H Frame Scaffolding,,,https://www.yellowpages-uae.com/uae/mep-contracting?page=2,/uae/clinics
Digital Printing,Clinics Digital Printing Concrete Products Electrical Exhibition Stands Generators Hardware and Tools H Frame Scaffolding,,,https://www.yellowpages-uae.com/uae/mep-contracting?page=2,/uae/digital-printing-large-format
Concrete Products,Clinics Digital Printing Concrete Products Electrical Exhibition Stands Generators Hardware and Tools H Frame Scaffolding,,,https://www.yellowpages-uae.com/uae/mep-contracting?page=2,/uae/concrete-products
Electrical,Clinics Digital Printing Concrete Products Electrical Exhibition Stands Generators Hardware and Tools H Frame Scaffolding,,,https://www.yellowpages-uae.com/uae/mep-contracting?page=2,/uae/electric-equipment
Exhibition Stands,Clinics Digital Printing Concrete Products Electrical Exhibition Stands Generators Hardware and Tools H Frame Scaffolding,,,https://www.yellowpages-uae.com/uae/mep-contracting?page=2,/uae/exhibition-stand
Generators,Clinics Digital Printing Concrete Products Electrical Exhibition Stands Generators Hardware and Tools H Frame Scaffolding,,,https://www.yellowpages-uae.com/uae/mep-contracting?page=2,/uae/generators
Hardware and Tools,Clinics Digital Printing Concrete Products Electrical Exhibition Stands Generators Hardware and Tools H Frame Scaffolding,,,https://www.yellowpages-uae.com/uae/mep-contracting?page=2,/uae/hardware
H Frame Scaffolding,Clinics Digital Printing Concrete Products Electrical Exhibition Stands Generators Hardware and Tools H Frame Scaffolding,,,https://www.yellowpages-uae.com/uae/mep-contracting?page=2,/uae/h-frame-scaffolding
Power Craft Technical Services LLC More Info,"Power Craft Technical Services LLC More Info Location : 1914, Al Asayel Street, Omniyat Business Bay City : Dubai Mobile : 050 9 ... 050 9392390 Products & Services : MEP Contracting , Electrical Work , CCTV Installation",Dubai,050 9392390,https://www.yellowpages-uae.com/uae/mep-contracting?page=3,/power-craft-technical-services-llc-201997?p=U2FsdGVkX19ixCs7Lt%252ByL3m8rGDOKyFionbHtAgEFPY%253D
MEP Contracting,"MEP Contracting ,",,,https://www.yellowpages-uae.com/uae/mep-contracting?page=3,https://www.yellowpages-uae.com/uae/mep-contracting
Electrical Work,"Electrical Work ,",,,https://www.yellowpages-uae.com/uae/mep-contracting?page=3,https://www.yellowpages-uae.com/uae/electrical-work
Power On Building Contracting LLC More Info,"Power On Building Contracting LLC More Info Location : 2302, Palace Tower, Silicon Oasis City : Dubai P.O Box : 55602 Phone : 04 38... 04 3809355 Products & Services : MEP Contracting , Contractors Electromechanical , Building Contractors , Read More...",Dubai,04 3809355,https://www.yellowpages-uae.com/uae/mep-contracting?page=3,/power-on-building-contracting-llc-152256?p=U2FsdGVkX193Hsq1z3vcYCekqKKCtT7A5urCTMy53xY%253D
Contractors Electromechanical,"Contractors Electromechanical ,",,,https://www.yellowpages-uae.com/uae/mep-contracting?page=3,https://www.yellowpages-uae.com/uae/contractors-electromechanical
Prime Global Technical Services LLC More Info,"Prime Global Technical Services LLC More Info Location : Nasser Lootah Building, Damascus Street, Al Qusais City : Dubai P.O Box : 26683 Phone : 04 23... 04 2345978 Mobile : 056 5 ... 056 5028961 Products & Services : MEP Contracting , MEP Services",Dubai,04 2345978,https://www.yellowpages-uae.com/uae/mep-contracting?page=3,/prime-global-technical-services-llc-161443?p=U2FsdGVkX1%252FPbpBpOrdUa2u0GjNJ%252Fer5iAmZPUgGygU%253D
MEP Services,MEP Services,,,https://www.yellowpages-uae.com/uae/mep-contracting?page=3,https://www.yellowpages-uae.com/uae/mep-services
SCADA Systems (Scan Control and Data Communication Systems Establishment) More Info,"SCADA Systems (Scan Control and Data Communication Systems Establishment) More Info Location : M 02, Bldg 5766, Airport Rd City : Abu Dhabi P.O Box : 429 Phone : 02 63... 02 6328600 Products & Services : MEP Contracting , Contractors Electromechanical , Access Control System , Read More... Brands : INTEL Process Control Equipment | 3COM Computer Network Products | BROTHER Computer Accessories | Read More...",Abu Dhabi,02 6328600,https://www.yellowpages-uae.com/uae/mep-contracting?page=3,/scada-systems-scan-control-and-data-communication-systems-establishment-115175?p=U2FsdGVkX18qD47H3NJmVitydXA6EBbb7rsXnfGISSw%253D
Secure Swift Technical Services LLC More Info,"Secure Swift Technical Services LLC More Info Location : Office No: F103, DBC Building, Al Khabaisi, Deira City : Dubai Phone : 04 32... 04 3257789 Mobile : 055 5 ... 055 5378982 Products & Services : MEP Contracting",Dubai,04 3257789,https://www.yellowpages-uae.com/uae/mep-contracting?page=3,/secure-swift-technical-services-llc-199714?p=U2FsdGVkX1%252FiNGj1NJ%252BnjRBZigKqPZTIJNTPcPX2RVI%253D
Uptown Technical Services LLC More Info,"Uptown Technical Services LLC More Info Location : Office 404, Happy Textile Building, Al Dhafra Dental Clinic, Hamdan Street City : Abu Dhabi P.O Box : 112808 Phone : 02 63... 02 6394336 Mobile : 056 6 ... 056 6777552 Products & Services : MEP Contracting , MEP Contractors , Road Contractors , Read More...",Abu Dhabi,02 6394336,https://www.yellowpages-uae.com/uae/mep-contracting?page=3,/uptown-technical-services-llc-178682?p=U2FsdGVkX19%252FNuj4HmG1J4qFVVqxZMDeiib948P6ELw%253D
MEP Contractors,"MEP Contractors ,",,,https://www.yellowpages-uae.com/uae/mep-contracting?page=3,https://www.yellowpages-uae.com/uae/mep-contractors
Valtorque Technical Services More Info,"Valtorque Technical Services More Info Location : 1706, Citadel Tower, Busines Bay City : Dubai P.O Box : 1750 Phone : 04 44... 04 4417081 Products & Services : MEP Contracting , Painters and Painting Contractors , Painting , Read More...",Dubai,04 4417081,https://www.yellowpages-uae.com/uae/mep-contracting?page=3,/valtorque-technical-services-169021?p=U2FsdGVkX1%252BqQIcHDMUtKYLSUorP%252BTTdJjn6fU8wWwI%253D
Insulation Dynamics More Info,"Insulation Dynamics More Info Location : 1503, Lulu Centre, Salam Street City : Abu Dhabi P.O Box : 94378 Phone : 02 67... 02 6773543 Products & Services : Contractors Electromechanical , Cladding Contractors , Fireproofing Contractors , Read More... Brands : TERRACO Insulation Products | TERRACO EIFS Insulation | FISCHER Fire Stop | Read More...",Abu Dhabi,02 6773543,https://www.yellowpages-uae.com/uae/mep-contracting?page=3,/insulation-dynamics-117115?p=U2FsdGVkX18pB%252FXrHtNihPWqgnv5T1fAIvlm7BQmOvw%253D
A C M E Electromechanical Works LLC More Info,"A C M E Electromechanical Works LLC More Info Location : Al Qusais Industrial Area 1 City : Dubai P.O Box : 120656 Phone : 04 25... 04 2583122 Products & Services : Contractors Electromechanical , MEP Contractors , Cable Laying Contractors , Read More...",Dubai,04 2583122,https://www.yellowpages-uae.com/uae/mep-contracting?page=3,/a-c-m-e-electromechanical-works-llc-155891?p=U2FsdGVkX1%252B0wJamtUwoaq%252F2TAMBt9i8jmKZeEkpJ6o%253D
A2Y Construction and Electromechanical More Info,"A2Y Construction and Electromechanical More Info Location : Office 703, Nama 2 Building, Rugaylat Road, Outside Fujairah Freezone City : Fujairah P.O Box : 4149 Phone : 09 22... 09 2282181 Mobile : 056 5 ... 056 5646507 Products & Services : Contractors Electromechanical , Construction Company",Fujairah,09 2282181,https://www.yellowpages-uae.com/uae/mep-contracting?page=3,/a2y-construction-and-electromechanical-176192?p=U2FsdGVkX1%252FkIHyQMpzhIhZvYE8QVcl8Jti810mrgmk%253D
Abdulla Aghlatah Tech Contracting LLC More Info,"Abdulla Aghlatah Tech Contracting LLC More Info Location : 1012, Joy Alukkas Bldg, Rolla City : Sharjah P.O Box : 62819 Phone : 06 56... 06 5634954 Products & Services : Contractors Electromechanical",Sharjah,06 5634954,https://www.yellowpages-uae.com/uae/mep-contracting?page=3,/abdulla-aghlatah-tech-contracting-llc-104015?p=U2FsdGVkX1%252FwIdQp3Q9yS0E6HqbFtuHeKhIYNWZCSPQ%253D
Abjad Technical Services More Info,"Abjad Technical Services More Info Location : Baywater, Business Bay City : Dubai Phone : 056 5... 056 5956655 Products & Services : Contractors Electromechanical",Dubai,056 5956655,https://www.yellowpages-uae.com/uae/mep-contracting?page=3,/abjad-technical-services-170104?p=U2FsdGVkX19UbmCjY1GdT74pPnk8JscYnVnuOLerYZA%253D
Abu Dhabi Arch Group More Info,"Abu Dhabi Arch Group More Info Location : Off 23, G Flr, Opp Abu Dhabi Mall, TCA City : Abu Dhabi P.O Box : 54444 Phone : 02 64... 02 6443300 Products & Services : Contractors Electromechanical , Contractor General , Marble , Read More...",Abu Dhabi,02 6443300,https://www.yellowpages-uae.com/uae/mep-contracting?page=3,/abu-dhabi-arch-group-133172?p=U2FsdGVkX18NOifz1TfGLFaFLioVtuAgdnnILkLkOfs%253D
Adam Star Electromechanical Works LLC More Info,Adam Star Electromechanical Works LLC More Info Location : DIP 1 City : Jebel Ali P.O Box : 231554 Phone : 04 88... 04 8854891 Products & Services : Contractors Electromechanical,,04 8854891,https://www.yellowpages-uae.com/uae/mep-contracting?page=3,/adam-star-electromechanical-works-llc-143614?p=U2FsdGVkX1%252BeGSEBfLUs1cTUAsIFiCTfieYSJ8vqSd4%253D
ADHAM Farm Equipment Manufacturing LLC More Info,ADHAM Farm Equipment Manufacturing LLC More Info Location : Al Qusais Indl Area 4 City : Dubai P.O Box : 231499 Phone : 04 25... 04 2582125 Mobile : 056 8 ... 056 8263881 Products & Services : Contractors Electromechanical,Dubai,04 2582125,https://www.yellowpages-uae.com/uae/mep-contracting?page=3,/adham-farm-equipment-manufacturing-llc-125930?p=U2FsdGVkX1%252FY4En39oRLoncvmTO%252B7DqK0kYlAstXCpU%253D
Adil Al Jabri Electro Mech & Cont LLC More Info,Adil Al Jabri Electro Mech & Cont LLC More Info City : Abu Dhabi P.O Box : 43056 Phone : 02 67... 02 6740942 Products & Services : Contractors Electromechanical,Abu Dhabi,02 6740942,https://www.yellowpages-uae.com/uae/mep-contracting?page=3,/adil-al-jabri-electro-mech-cont-llc-148326?p=U2FsdGVkX19K4nkTM78BgXlJXeYLfUr2AyNSsEsbiVc%253D
Advanced Electromechanical Trading LLC More Info,Advanced Electromechanical Trading LLC More Info City : Abu Dhabi P.O Box : 25856 Phone : 02 67... 02 6718904 Products & Services : Contractors Electromechanical,Abu Dhabi,02 6718904,https://www.yellowpages-uae.com/uae/mep-contracting?page=3,/advanced-electromechanical-trading-llc-147751?p=U2FsdGVkX191Pu6XIxkTbGfJioy7nIlmIoNMCcEwpyo%253D
AE Arma - Elektropanc More Info,AE Arma - Elektropanc More Info City : Abu Dhabi P.O Box : 111246 Phone : 02 62... 02 6282240 Products & Services : Contractors Electromechanical,Abu Dhabi,02 6282240,https://www.yellowpages-uae.com/uae/mep-contracting?page=3,/ae-arma-elektropanc-150608?p=U2FsdGVkX18xoeN5aEBAvdOOqOyfF0CgZUk1Ywfk85E%253D
Air Conditioning and Electrical Engineering Est (ACECO) More Info,"Air Conditioning and Electrical Engineering Est (ACECO) More Info Location : 1601, Al Gaith Tower, Hamdan Str City : Abu Dhabi P.O Box : 46635 Phone : 02 62... 02 6222100 Products & Services : Contractors Electromechanical , Electrical Contractors And Electricians , AC Maintenance , Read More...",Abu Dhabi,02 6222100,https://www.yellowpages-uae.com/uae/mep-contracting?page=3,/air-conditioning-and-electrical-engineering-est-aceco-131384?p=U2FsdGVkX19xbC0%252F5JGgKgPvbWhi4GKj0Mb5VqfWlZM%253D
Electrical Contractors And Electricians,"Electrical Contractors And Electricians ,",,,https://www.yellowpages-uae.com/uae/mep-contracting?page=3,https://www.yellowpages-uae.com/uae/electrical-contractors-and-electricians
Airmech (Dubai) LLC More Info,Airmech (Dubai) LLC More Info Location : Jebel Ali Indl Area 1 City : Jebel Ali P.O Box : 53029 Phone : 04 88... 04 8801799 Products & Services : Contractors Electromechanical,Dubai,04 8801799,https://www.yellowpages-uae.com/uae/mep-contracting?page=3,/airmech-dubai-llc-123897?p=U2FsdGVkX19ofZvmgJdocN745bCPxKqyn7GUsV%252FI%252BPk%253D
Clinics,Clinics Digital Printing Concrete Products Electrical Exhibition Stands Generators Hardware and Tools H Frame Scaffolding,,,https://www.yellowpages-uae.com/uae/mep-contracting?page=3,/uae/clinics
Digital Printing,Clinics Digital Printing Concrete Products Electrical Exhibition Stands Generators Hardware and Tools H Frame Scaffolding,,,https://www.yellowpages-uae.com/uae/mep-contracting?page=3,/uae/digital-printing-large-format
Concrete Products,Clinics Digital Printing Concrete Products Electrical Exhibition Stands Generators Hardware and Tools H Frame Scaffolding,,,https://www.yellowpages-uae.com/uae/mep-contracting?page=3,/uae/concrete-products
Electrical,Clinics Digital Printing Concrete Products Electrical Exhibition Stands Generators Hardware and Tools H Frame Scaffolding,,,https://www.yellowpages-uae.com/uae/mep-contracting?page=3,/uae/electric-equipment
Exhibition Stands,Clinics Digital Printing Concrete Products Electrical Exhibition Stands Generators Hardware and Tools H Frame Scaffolding,,,https://www.yellowpages-uae.com/uae/mep-contracting?page=3,/uae/exhibition-stand
Generators,Clinics Digital Printing Concrete Products Electrical Exhibition Stands Generators Hardware and Tools H Frame Scaffolding,,,https://www.yellowpages-uae.com/uae/mep-contracting?page=3,/uae/generators
Hardware and Tools,Clinics Digital Printing Concrete Products Electrical Exhibition Stands Generators Hardware and Tools H Frame Scaffolding,,,https://www.yellowpages-uae.com/uae/mep-contracting?page=3,/uae/hardware
H Frame Scaffolding,Clinics Digital Printing Concrete Products Electrical Exhibition Stands Generators Hardware and Tools H Frame Scaffolding,,,https://www.yellowpages-uae.com/uae/mep-contracting?page=3,/uae/h-frame-scaffolding
Al Aberah Est More Info,Al Aberah Est More Info City : Abu Dhabi P.O Box : 48237 Phone : 02 67... 02 6717373 Products & Services : Contractors Electromechanical,Abu Dhabi,02 6717373,https://www.yellowpages-uae.com/uae/mep-contracting?page=4,/al-aberah-est-164973?p=U2FsdGVkX19TrK%252BSVg4Kv6NTKN4oX1h7JPT5%252Brdv3Ac%253D
Contractors Electromechanical,Contractors Electromechanical,,,https://www.yellowpages-uae.com/uae/mep-contracting?page=4,https://www.yellowpages-uae.com/uae/contractors-electromechanical
Al Ain Oilfield Services Establishment More Info,"Al Ain Oilfield Services Establishment More Info Location : 2nd Floor, Al Ain Tower, Hamdan St City : Abu Dhabi P.O Box : 45676 Phone : 02 67... 02 6744979 Products & Services : Contractors Electromechanical , Contractor General , Civil Engineering Contractors , Read More...",Abu Dhabi,02 6744979,https://www.yellowpages-uae.com/uae/mep-contracting?page=4,/al-ain-oilfield-services-establishment-140129?p=U2FsdGVkX18KpjbMj8Kj7PnA%252FL69lTyGHbtK7NhdNfw%253D
Al Amal Electromechanical LLC More Info,"Al Amal Electromechanical LLC More Info Location : Al Quoz 3, Sheikh Zayyed Road City : Dubai Phone : 04 32... 04 3233600 Products & Services : Contractors Electromechanical",Dubai,04 3233600,https://www.yellowpages-uae.com/uae/mep-contracting?page=4,/al-amal-electromechanical-llc-156351?p=U2FsdGVkX1%252FINtTWORpZWi8VactL4LSxJKuKUWBYPyo%253D
Al Anam Electromechanical Works LLC More Info,"Al Anam Electromechanical Works LLC More Info Location : International City City : Dubai Phone : 04 42... 04 4221282 Mobile : 050 8 ... 050 8545919 Products & Services : Contractors Electromechanical , Tanks Cleaning",Dubai,04 4221282,https://www.yellowpages-uae.com/uae/mep-contracting?page=4,/al-anam-electromechanical-works-llc-177095?p=U2FsdGVkX191LHwb8l1ipvOTG%252Bs1pVxnQfEJ6%252F%252BTgww%253D
Al Aryaf Constructions Company LLC More Info,"Al Aryaf Constructions Company LLC More Info Location : 1503, Al Yasat Tower, Najda St City : Abu Dhabi P.O Box : 38715 Phone : 02 67... 02 6769997 Products & Services : Contractors Electromechanical , Contractor General , Construction Company",Abu Dhabi,02 6769997,https://www.yellowpages-uae.com/uae/mep-contracting?page=4,/al-aryaf-constructions-company-llc-146061?p=U2FsdGVkX1%252BBGB4HH7TszTL93d%252FcqOCNRvkLRVV7rUQ%253D
Al Automation Electromechanical Contracting More Info,Al Automation Electromechanical Contracting More Info Location : Musaffah City : Abu Dhabi Mobile : 052 9 ... 052 9463499 Products & Services : Contractors Electromechanical,Abu Dhabi,052 9463499,https://www.yellowpages-uae.com/uae/mep-contracting?page=4,/al-automation-electromechanical-contracting-190070?p=U2FsdGVkX1%252BHqwNrYl9mtbHYOr4FG7lDkEniUUEl7I0%253D
Al Banhawi Cont LLC More Info,"Al Banhawi Cont LLC More Info Location : Damascus Road ,Industrial Area 2, Al Qusais City : Dubai P.O Box : 99875 Phone : 04 28... 04 2808805 Products & Services : Contractors Electromechanical",Dubai,04 2808805,https://www.yellowpages-uae.com/uae/mep-contracting?page=4,/al-banhawi-cont-llc-143577?p=U2FsdGVkX1%252FYpRtDIDEBuodw7VzDPqqeV3sctb3al%252Bo%253D
Al Bawasim Contracting Establishment More Info,"Al Bawasim Contracting Establishment More Info Location : 1206, Emaar Square, Opp Financial Centre St, Downtown City : Dubai P.O Box : 112741 Phone : 04 23... 04 2380341 Mobile : 050 1 ... 050 1933484 Products & Services : Contractors Electromechanical , General Maintenances",Dubai,04 2380341,https://www.yellowpages-uae.com/uae/mep-contracting?page=4,/al-bawasim-contracting-establishment-198756?p=U2FsdGVkX18lFo3c%252FesEPObAySmkLSPI0w4fvtU4EFM%253D
Al Bawsalah Elect Mech Cont LLC More Info,"Al Bawsalah Elect Mech Cont LLC More Info Location : Shed 12, Beside German Gulf, Indl Area 7 City : Sharjah P.O Box : 18813 Phone : 06 53... 06 5314911 Products & Services : Contractors Electromechanical",Sharjah,06 5314911,https://www.yellowpages-uae.com/uae/mep-contracting?page=4,/al-bawsalah-elect-mech-cont-llc-117545?p=U2FsdGVkX1%252FWCTJQCueMCp6fZcFPUB2bk5w9Hn06DNU%253D
Al Boom Electromechanical Contg LLC More Info,"Al Boom Electromechanical Contg LLC More Info Location : Bhnd Crown Plaza, Hamdan City : Abu Dhabi P.O Box : 105040 Phone : 02 63... 02 6331173 Products & Services : Contractors Electromechanical",Abu Dhabi,02 6331173,https://www.yellowpages-uae.com/uae/mep-contracting?page=4,/al-boom-electromechanical-contg-llc-131631?p=U2FsdGVkX1%252FW7gZRpcKirAWiPAa3TlLTRavWgOWya%252FM%253D
Al Dhafra Electromechanic More Info,"Al Dhafra Electromechanic More Info Location : City Centre Bldg, Hamdan St City : Abu Dhabi P.O Box : 73878 Phone : 02 62... 02 6274818 Products & Services : Contractors Electromechanical",Abu Dhabi,02 6274818,https://www.yellowpages-uae.com/uae/mep-contracting?page=4,/al-dhafra-electromechanic-133496?p=U2FsdGVkX18gspx3NIm7aPmhZjB6ygyzy0MnuRUGvqo%253D
Al Dhafra Group Contg and Trading Establishment More Info,"Al Dhafra Group Contg and Trading Establishment More Info Location : Azzan M. Rashid Al Mazroie Bldg, Zayed First Street City : Abu Dhabi P.O Box : 29921 Phone : 02 63... 02 6344214 Products & Services : Contractors Electromechanical Brands : UNIONAIRE Air Conditioning Equipment And Chiller Parts",Abu Dhabi,02 6344214,https://www.yellowpages-uae.com/uae/mep-contracting?page=4,/al-dhafra-group-contg-and-trading-establishment-105237?p=U2FsdGVkX19QLtTPajsOLL2bQQ9cRhX%252BTyCvhHuhTSk%253D
Al Farasha Electromechanical Cont LLC More Info,"Al Farasha Electromechanical Cont LLC More Info Location : Al Habtoor Office Complex, Ind Area, Al Qusais Industrial Area 4 City : Dubai P.O Box : 80716 Phone : 04 25... 04 2587008 Mobile : 056 6 ... 056 6896508 Products & Services : Contractors Electromechanical , Fire Fighting Contractors , HVAC Contractors , Read More...",Dubai,04 2587008,https://www.yellowpages-uae.com/uae/mep-contracting?page=4,/al-farasha-electromechanical-cont-llc-47773?p=U2FsdGVkX1%252FK5AJezRcGzWfST6BM26%252Fko2rnO6ZedVg%253D
HVAC Contractors,"HVAC Contractors ,",,,https://www.yellowpages-uae.com/uae/mep-contracting?page=4,https://www.yellowpages-uae.com/uae/hvac-contractors
Al Ghaith International Electromechanical LLC More Info,"Al Ghaith International Electromechanical LLC More Info Location : Opp City Centre, Deira City : Dubai P.O Box : 122784 Phone : 04 29... 04 2957706 Products & Services : Contractors Electromechanical",Dubai,04 2957706,https://www.yellowpages-uae.com/uae/mep-contracting?page=4,/al-ghaith-international-electromechanical-llc-161833?p=U2FsdGVkX19NV%252BM%252FmASvYInk%252BoM52LbxOK5kbBb9Eog%253D
Al Ghandi General Trading Company LLC More Info,"Al Ghandi General Trading Company LLC More Info Location : Al Sabkha Rd City : Dubai P.O Box : 5991 Phone : 04 32... 04 3245722 Products & Services : Contractors Electromechanical , Contractor Electromichanical , Electric Equipment , Read More... Brands : CONNECTIX Advanced Intelligent Structured Cabling Systems",Dubai,04 3245722,https://www.yellowpages-uae.com/uae/mep-contracting?page=4,/al-ghandi-general-trading-company-llc-45019?p=U2FsdGVkX19bYE0Swb5DtnCRf9wD4rapzpyFBOt7sXk%253D
Al Hamad Electromechanical Contracting More Info,"Al Hamad Electromechanical Contracting More Info Location : 404, TNT Bldg, Bhnd Citibank, Khalifa St City : Abu Dhabi P.O Box : 34379 Phone : 02 67... 02 6720111 Products & Services : Contractors Electromechanical , Electrical-Plumbing and Sanitary Ware Repairs and Services",Abu Dhabi,02 6720111,https://www.yellowpages-uae.com/uae/mep-contracting?page=4,/al-hamad-electromechanical-contracting-138918?p=U2FsdGVkX1%252FEvWaAe%252Bv5pabu0hzmKx2xM1XM2vt%252BtNo%253D
Electrical-Plumbing and Sanitary Ware Repairs and Services,Electrical-Plumbing and Sanitary Ware Repairs and Services,,,https://www.yellowpages-uae.com/uae/mep-contracting?page=4,https://www.yellowpages-uae.com/uae/electrical-plumbing-and-sanitary-ware-repairs-and-services
Al Hashimi Elec and Mech Co More Info,"Al Hashimi Elec and Mech Co More Info Location : 501, Saqer Al Falahy Bldg, Hamdan St City : Abu Dhabi P.O Box : 46936 Phone : 02 62... 02 6273893 Products & Services : Contractors Electromechanical",Abu Dhabi,02 6273893,https://www.yellowpages-uae.com/uae/mep-contracting?page=4,/al-hashimi-elec-and-mech-co-117303?p=U2FsdGVkX18dAxtZmnqBSOpoIuJp3QFc0bI%252FPRcXZUY%253D
Al Hissah Marine Electromech Cont LLC More Info,"Al Hissah Marine Electromech Cont LLC More Info Location : 607, Al Guwair Bldg 2, Rolla City : Sharjah P.O Box : 95941 Phone : 06 56... 06 5631312 Products & Services : Contractors Electromechanical",Sharjah,06 5631312,https://www.yellowpages-uae.com/uae/mep-contracting?page=4,/al-hissah-marine-electromech-cont-llc-124371?p=U2FsdGVkX18VUbJEIg4S4B2LXzA9lRtX6kxSoPjQIf0%253D
Al Hutaib Electro-Mechanical LLC More Info,Al Hutaib Electro-Mechanical LLC More Info Location : Electra Rd City : Abu Dhabi P.O Box : 46529 Products & Services : Contractors Electromechanical,Abu Dhabi,,https://www.yellowpages-uae.com/uae/mep-contracting?page=4,/al-hutaib-electro-mechanical-llc-133324?p=U2FsdGVkX18%252Bi0C37mCzpZAd1uKZcBE5lAV8m7MeTgk%253D
Al Inayah Electro-mechanical Works LLC More Info,"Al Inayah Electro-mechanical Works LLC More Info Location : 105-106, 1st Flr, Old JVC Bldg, Opp Etisalat, Airport Rd City : Abu Dhabi P.O Box : 71611 Phone : 02 63... 02 6337921 Products & Services : Contractors Electromechanical , MEP Contractors , Air Conditioning Contractors , Read More...",Abu Dhabi,02 6337921,https://www.yellowpages-uae.com/uae/mep-contracting?page=4,/al-inayah-electro-mechanical-works-llc-153152?p=U2FsdGVkX19mvcyPcgudvm70cbCt6ZZwgxCzHtAx6MI%253D
MEP Contractors,"MEP Contractors ,",,,https://www.yellowpages-uae.com/uae/mep-contracting?page=4,https://www.yellowpages-uae.com/uae/mep-contractors
Clinics,Clinics Digital Printing Concrete Products Electrical Exhibition Stands Generators Hardware and Tools H Frame Scaffolding,,,https://www.yellowpages-uae.com/uae/mep-contracting?page=4,/uae/clinics
Digital Printing,Clinics Digital Printing Concrete Products Electrical Exhibition Stands Generators Hardware and Tools H Frame Scaffolding,,,https://www.yellowpages-uae.com/uae/mep-contracting?page=4,/uae/digital-printing-large-format
Concrete Products,Clinics Digital Printing Concrete Products Electrical Exhibition Stands Generators Hardware and Tools H Frame Scaffolding,,,https://www.yellowpages-uae.com/uae/mep-contracting?page=4,/uae/concrete-products
Electrical,Clinics Digital Printing Concrete Products Electrical Exhibition Stands Generators Hardware and Tools H Frame Scaffolding,,,https://www.yellowpages-uae.com/uae/mep-contracting?page=4,/uae/electric-equipment
Exhibition Stands,Clinics Digital Printing Concrete Products Electrical Exhibition Stands Generators Hardware and Tools H Frame Scaffolding,,,https://www.yellowpages-uae.com/uae/mep-contracting?page=4,/uae/exhibition-stand
Generators,Clinics Digital Printing Concrete Products Electrical Exhibition Stands Generators Hardware and Tools H Frame Scaffolding,,,https://www.yellowpages-uae.com/uae/mep-contracting?page=4,/uae/generators
Hardware and Tools,Clinics Digital Printing Concrete Products Electrical Exhibition Stands Generators Hardware and Tools H Frame Scaffolding,,,https://www.yellowpages-uae.com/uae/mep-contracting?page=4,/uae/hardware
H Frame Scaffolding,Clinics Digital Printing Concrete Products Electrical Exhibition Stands Generators Hardware and Tools H Frame Scaffolding,,,https://www.yellowpages-uae.com/uae/mep-contracting?page=4,/uae/h-frame-scaffolding
Al Ittihad Electromechanical Co LLC More Info,"Al Ittihad Electromechanical Co LLC More Info Location : Steel Meel Rd, Rashidiya City : Dubai P.O Box : 1781 Phone : 04 28... 04 2855765 Products & Services : Contractors Electromechanical , Plumbing And Sanitary Contractors , Electrical Contractors And Electricians , Read More...",Dubai,04 2855765,https://www.yellowpages-uae.com/uae/mep-contracting?page=5,/al-ittihad-electromechanical-co-llc-111114?p=U2FsdGVkX18XtmVJ8pb9yzlZCoRiD2wPYk85vTftGi4%253D
Contractors Electromechanical,"Contractors Electromechanical ,",,,https://www.yellowpages-uae.com/uae/mep-contracting?page=5,https://www.yellowpages-uae.com/uae/contractors-electromechanical
Plumbing And Sanitary Contractors,"Plumbing And Sanitary Contractors ,",,,https://www.yellowpages-uae.com/uae/mep-contracting?page=5,https://www.yellowpages-uae.com/uae/plumbing-and-sanitary-contractors
Electrical Contractors And Electricians,"Electrical Contractors And Electricians ,",,,https://www.yellowpages-uae.com/uae/mep-contracting?page=5,https://www.yellowpages-uae.com/uae/electrical-contractors-and-electricians
Al Jaber Energy Services More Info,"Al Jaber Energy Services More Info Location : Near JSME Co, Mussafah Street No 8 City : Abu Dhabi P.O Box : 47467 Phone : 02 55... 02 5546550 Products & Services : Contractors Electromechanical , Building Contractors",Abu Dhabi,02 5546550,https://www.yellowpages-uae.com/uae/mep-contracting?page=5,/al-jaber-energy-services-142238?p=U2FsdGVkX18W2YEi8g6Q7IVAWOZceR2lxnb7txoTJsI%253D
Al Jadeed Engineering and Contracting Company LLC More Info,"Al Jadeed Engineering and Contracting Company LLC More Info Location : UNB Bldg, Airport Rd City : Abu Dhabi P.O Box : 32288 Phone : 02 64... 02 6420011 Products & Services : Contractors Electromechanical , Mechanical Engineering Contractors , Electromechanical Engineers and Consultants , Read More...",Abu Dhabi,02 6420011,https://www.yellowpages-uae.com/uae/mep-contracting?page=5,/al-jadeed-engineering-and-contracting-company-llc-138788?p=U2FsdGVkX1%252B%252FwjowAH8uNNVfFdhkO3Kgqqkm3Ymx2GU%253D
Mechanical Engineering Contractors,"Mechanical Engineering Contractors ,",,,https://www.yellowpages-uae.com/uae/mep-contracting?page=5,https://www.yellowpages-uae.com/uae/mechanical-engineering-contractors
Electromechanical Engineers and Consultants,"Electromechanical Engineers and Consultants ,",,,https://www.yellowpages-uae.com/uae/mep-contracting?page=5,https://www.yellowpages-uae.com/uae/electromechanical-engineers-and-consultants
Al Jaziri Electromechanical Works LLC More Info,"Al Jaziri Electromechanical Works LLC More Info Location : Next to Nakheel Centre, Al Nakheel Rd, Deira City : Dubai P.O Box : 5129 Phone : 04 22... 04 2231179 Mobile : 050 6 ... 050 6451470 Products & Services : Contractors Electromechanical , Air Conditioning Installation and Maintenance , Air Conditioning Engineers Installation And Maintenance",Dubai,04 2231179,https://www.yellowpages-uae.com/uae/mep-contracting?page=5,/al-jaziri-electromechanical-works-llc-111764?p=U2FsdGVkX18E55FzPGHnxV7qJaMZpScyN5ADVaQ4srk%253D
Al Kahf General Contg Establishment More Info,"Al Kahf General Contg Establishment More Info Location : M-1, Al Kahf Rent A Car Bldg, Muroor Rd City : Abu Dhabi P.O Box : 5313 Phone : 02 44... 02 4456663 Products & Services : Contractors Electromechanical , Contractor General",Abu Dhabi,02 4456663,https://www.yellowpages-uae.com/uae/mep-contracting?page=5,/al-kahf-general-contg-establishment-138849?p=U2FsdGVkX1%252FNaSy9s4wYuza%252B4SIJG8jk1n2RZCB6yuM%253D
Al Kharbash Elec and Mech Contg Co More Info,"Al Kharbash Elec and Mech Contg Co More Info Location : Ras Al Khor, Al Aweer City : Dubai P.O Box : 24745 Phone : 04 33... 04 3333388 Products & Services : Contractors Electromechanical",Dubai,04 3333388,https://www.yellowpages-uae.com/uae/mep-contracting?page=5,/al-kharbash-elec-and-mech-contg-co-128686?p=U2FsdGVkX1%252BeRY%252B2P0go7jo5ZDSivBN6y59tzldwJBQ%253D
Al Kortbawi Elec and Mech Cont Establishment More Info,"Al Kortbawi Elec and Mech Cont Establishment More Info Location : Al Wahda St, Indl Area 4 City : Sharjah P.O Box : 2897 Phone : 06 53... 06 5397300 Mobile : 050 6 ... 050 6468980 Products & Services : Contractors Electromechanical Brands : MOELLER Automation Control and Power Distribution | DETAILPLUS Car Wash and Detailing Equipment | EATON-MOELLERSERIES Controls and Switchgears | Read More...",Sharjah,06 5397300,https://www.yellowpages-uae.com/uae/mep-contracting?page=5,/al-kortbawi-elec-and-mech-cont-establishment-140395?p=U2FsdGVkX1%252FhpmmhSeSgofLYITHoljT4QfDyFJ7uRX8%253D
Al Kortbawi Trading More Info,"Al Kortbawi Trading More Info Location : Indl Area 4 City : Sharjah P.O Box : 2897 Phone : 06 53... 06 5397300 Products & Services : Contractors Electromechanical , Car Washing Equipment , Electric Equipment , Read More... Brands : DEL Ozone Generators and Machines | DETAIL PLUS Car Washing Equipment | DETAILPLUS Car Wash and Detailing Equipment | Read More...",Sharjah,06 5397300,https://www.yellowpages-uae.com/uae/mep-contracting?page=5,/al-kortbawi-trading-132224?p=U2FsdGVkX18NGZ9N%252BuqFsDHDgkGhA2IsQBd6r1qER7g%253D
Al Madaen Electro Mechanical Works Company LLC More Info,"Al Madaen Electro Mechanical Works Company LLC More Info Location : 412, Hardees Bldg, Al Diyafah St, Satwa City : Dubai P.O Box : 83992 Phone : 04 39... 04 3989340 Products & Services : Contractors Electromechanical",Dubai,04 3989340,https://www.yellowpages-uae.com/uae/mep-contracting?page=5,/al-madaen-electro-mechanical-works-company-llc-115105?p=U2FsdGVkX19oKnnS%252B0Dg%252FRFhS77QBMOYNGrvxYr57NM%253D
Al Madina Al Zahiya Technical Services LLC More Info,Al Madina Al Zahiya Technical Services LLC More Info Location : DIP 2 City : Jebel Ali P.O Box : 2942 Phone : 050 6... 050 6519349 Products & Services : Contractors Electromechanical,,050 6519349,https://www.yellowpages-uae.com/uae/mep-contracting?page=5,/al-madina-al-zahiya-technical-services-llc-164810?p=U2FsdGVkX19XA9obhA7ROHrA0pIDkC5pOdfwrunNSrI%253D
Al Mahasin Electric Contracting Company LLC More Info,"Al Mahasin Electric Contracting Company LLC More Info Location : 101, Yasmeen Bldg 4, Opp Sharjah Cricket Stadium, Indl Area City : Sharjah P.O Box : 40280 Phone : 06 53... 06 5359662 Mobile : 050 6 ... 050 6336295 Products & Services : Contractors Electromechanical , Electromechanical Engineers and Consultants , Electric Motor Rewinding Services , Read More...",Sharjah,06 5359662,https://www.yellowpages-uae.com/uae/mep-contracting?page=5,/al-mahasin-electric-contracting-company-llc-122467?p=U2FsdGVkX1%252Buqc8Q2F5K8xy7w5ClKoHP0ZqwhgJqwFI%253D
Al Manara Engineering Contg Establishment More Info,"Al Manara Engineering Contg Establishment More Info Location : Bhnd Juma Al Majid, Sanaiya City : Al Ain P.O Box : 1685 Phone : 03 72... 03 7213330 Products & Services : Contractors Electromechanical",Al Ain,03 7213330,https://www.yellowpages-uae.com/uae/mep-contracting?page=5,/al-manara-engineering-contg-establishment-120014?p=U2FsdGVkX1%252FgLK1qrrfNVu32%252Bs8RttvSaE07vinXFiA%253D
Al Mirsah Electro-Mech & Const Est More Info,"Al Mirsah Electro-Mech & Const Est More Info Location : Opp Zayed University, Al Dhafra St City : Abu Dhabi P.O Box : 45708 Phone : 02 44... 02 4434911 Products & Services : Contractors Electromechanical , Construction Company , Civil Engineers , Read More...",Abu Dhabi,02 4434911,https://www.yellowpages-uae.com/uae/mep-contracting?page=5,/al-mirsah-electro-mech-const-est-142746?p=U2FsdGVkX19mXrAQ6QN%252BZ%252FBi1aknNIze8yiuBkMWJ1o%253D
Al Najma Al Thahabiya Elec and Mech Contg More Info,"Al Najma Al Thahabiya Elec and Mech Contg More Info Location : 6, Peugeot S/Room Bldg, Opp Juma Al Majid, Sanaiya Main Rd City : Al Ain P.O Box : 19905 Phone : 03 72... 03 7217417 Products & Services : Contractors Electromechanical",Al Ain,03 7217417,https://www.yellowpages-uae.com/uae/mep-contracting?page=5,/al-najma-al-thahabiya-elec-and-mech-contg-119542?p=U2FsdGVkX1%252FrGp0%252F%252Fir8FZ9k1hoANTS58Jwf5l8HGqQ%253D
Al Nebras Electromechanical Works Co LLC More Info,"Al Nebras Electromechanical Works Co LLC More Info Location : 203, Block B, Al Shaali Bldg, Ghusais City : Dubai P.O Box : 64007 Phone : 04 25... 04 2578288 Mobile : 055 9 ... 055 9078030 Products & Services : Contractors Electromechanical",Dubai,04 2578288,https://www.yellowpages-uae.com/uae/mep-contracting?page=5,/al-nebras-electromechanical-works-co-llc-135468?p=U2FsdGVkX18L9ZtEJHBV4q590uDcYbHDB9J6v2WnGE8%253D
Al Ramooz Elec and Mech Contg Company LLC More Info,"Al Ramooz Elec and Mech Contg Company LLC More Info Location : Bhnd Lulu Centre, Salam St City : Abu Dhabi P.O Box : 35492 Phone : 02 67... 02 6780646 Products & Services : Contractors Electromechanical",Abu Dhabi,02 6780646,https://www.yellowpages-uae.com/uae/mep-contracting?page=5,/al-ramooz-elec-and-mech-contg-company-llc-113306?p=U2FsdGVkX1%252FF7Fe9lTGCII%252BrAzLbemTDcwVbtch97bw%253D
Al Sabbah Electro-Mech Cont Establishment More Info,"Al Sabbah Electro-Mech Cont Establishment More Info Location : Sherika Rd, Mazyad Area City : Al Ain P.O Box : 15915 Phone : 03 78... 03 7825656 Products & Services : Contractors Electromechanical , Electrical Contractors and Electricians",Al Ain,03 7825656,https://www.yellowpages-uae.com/uae/mep-contracting?page=5,/al-sabbah-electro-mech-cont-establishment-104979?p=U2FsdGVkX1%252FxqnJsee4ekmFSOOZ6YeQclchMUuw2qRM%253D
Al Sabbah Modern General Contg Irrigation Establishment More Info,"Al Sabbah Modern General Contg Irrigation Establishment More Info Location : Near Al Geco Co, Mazyed Area City : Al Ain P.O Box : 15915 Phone : 03 78... 03 7825474 Products & Services : Contractors Electromechanical",Al Ain,03 7825474,https://www.yellowpages-uae.com/uae/mep-contracting?page=5,/al-sabbah-modern-general-contg-irrigation-establishment-121295?p=U2FsdGVkX197%252B0scgjjXE3NPluYS2cU9XhVwb8m2%252Bs8%253D
Al Sajaa Electromechanical Cont Company LLC More Info,"Al Sajaa Electromechanical Cont Company LLC More Info Location : 114, Rolla Tower Bldg, Near Rolla Park City : Sharjah P.O Box : 25883 Phone : 06 56... 06 5626679 Products & Services : Contractors Electromechanical , Contractor General",Sharjah,06 5626679,https://www.yellowpages-uae.com/uae/mep-contracting?page=5,/al-sajaa-electromechanical-cont-company-llc-114955?p=U2FsdGVkX1%252FYOIx0iJrJqKV%252B3DC9JMCR6p16Dox85gs%253D
Al Sapphire Electrical and Mech Contg LLC More Info,"Al Sapphire Electrical and Mech Contg LLC More Info Location : 102, Comml Intl Bank Bldg, Bank St City : Sharjah P.O Box : 61021 Phone : 06 56... 06 5686041 Products & Services : Contractors Electromechanical",Sharjah,06 5686041,https://www.yellowpages-uae.com/uae/mep-contracting?page=5,/al-sapphire-electrical-and-mech-contg-llc-124125?p=U2FsdGVkX19G0ybnwWzBSDfsTabmOkM8xrKfHseC3dA%253D
Clinics,Clinics Digital Printing Concrete Products Electrical Exhibition Stands Generators Hardware and Tools H Frame Scaffolding,,,https://www.yellowpages-uae.com/uae/mep-contracting?page=5,/uae/clinics
Digital Printing,Clinics Digital Printing Concrete Products Electrical Exhibition Stands Generators Hardware and Tools H Frame Scaffolding,,,https://www.yellowpages-uae.com/uae/mep-contracting?page=5,/uae/digital-printing-large-format
Concrete Products,Clinics Digital Printing Concrete Products Electrical Exhibition Stands Generators Hardware and Tools H Frame Scaffolding,,,https://www.yellowpages-uae.com/uae/mep-contracting?page=5,/uae/concrete-products
Electrical,Clinics Digital Printing Concrete Products Electrical Exhibition Stands Generators Hardware and Tools H Frame Scaffolding,,,https://www.yellowpages-uae.com/uae/mep-contracting?page=5,/uae/electric-equipment
Exhibition Stands,Clinics Digital Printing Concrete Products Electrical Exhibition Stands Generators Hardware and Tools H Frame Scaffolding,,,https://www.yellowpages-uae.com/uae/mep-contracting?page=5,/uae/exhibition-stand
Generators,Clinics Digital Printing Concrete Products Electrical Exhibition Stands Generators Hardware and Tools H Frame Scaffolding,,,https://www.yellowpages-uae.com/uae/mep-contracting?page=5,/uae/generators
Hardware and Tools,Clinics Digital Printing Concrete Products Electrical Exhibition Stands Generators Hardware and Tools H Frame Scaffolding,,,https://www.yellowpages-uae.com/uae/mep-contracting?page=5,/uae/hardware
H Frame Scaffolding,Clinics Digital Printing Concrete Products Electrical Exhibition Stands Generators Hardware and Tools H Frame Scaffolding,,,https://www.yellowpages-uae.com/uae/mep-contracting?page=5,/uae/h-frame-scaffolding
"Office 112, Mohammed Saleh Mohammed Bin Lahej Building, Near Belhasa Driving Centre, Ras Al Khor","Pink City Group of Companies more info Office 112, Mohammed Saleh Mohammed Bin Lahej Building, Near Belhasa Driving Centre, Ras Al Khor Dubai 77826 04-2595949 054-7863463 056-4880400 Products & Services Chain link Fencing PVC Coated, Dewa Approved Contractors, Fence Posts and Fittings, Fence Suppliers, Fencing Fencing Company, Fencing Contractors, Fencing Manufacturers, Fencing Panels, Fencing Suppliers, Fencing Suppliers And Contractors, Fencing Wires, HVAC Contractors, MEP Contractors, Ministry Fencing, Municipality Fencing Read More Maps Images Website Send Enquiry",Dubai,04-2595949,https://www.uae-yellowpages.ae/listing-category/mep-contractors/,
Dubai 77826,Dubai 77826,Dubai,,https://www.uae-yellowpages.ae/listing-category/mep-contractors/,
04-2595949 054-7863463 056-4880400,"04-2595949 054-7863463 056-4880400 Products & Services Chain link Fencing PVC Coated, Dewa Approved Contractors, Fence Posts and Fittings, Fence Suppliers, Fencing Fencing Company, Fencing Contractors, Fencing Manufacturers, Fencing Panels, Fencing Suppliers, Fencing Suppliers And Contractors, Fencing Wires, HVAC Contractors, MEP Contractors, Ministry Fencing, Municipality Fencing Read More",,04-2595949,https://www.uae-yellowpages.ae/listing-category/mep-contractors/,
Products & Services,"04-2595949 054-7863463 056-4880400 Products & Services Chain link Fencing PVC Coated, Dewa Approved Contractors, Fence Posts and Fittings, Fence Suppliers, Fencing Fencing Company, Fencing Contractors, Fencing Manufacturers, Fencing Panels, Fencing Suppliers, Fencing Suppliers And Contractors, Fencing Wires, HVAC Contractors, MEP Contractors, Ministry Fencing, Municipality Fencing Read More",,04-2595949,https://www.uae-yellowpages.ae/listing-category/mep-contractors/,
Al Qusais Industrial Area 1,"A C M E Electromechanical Works LLC more info Al Qusais Industrial Area 1 Dubai 120656 04-2583122 Products & Services Cable Laying Contractors, Calibration Services, Contractor General, Contractors Electromechanical, Contractors General Control Systems Industrial and Residential, Earthing And Lightning Protection Equipment, Electrical Contractors, Electrical Contractors and Electricians, Electrical Engineers, Electrical-Plumbing and Sanitary Ware Repairs and Services, Electromechanical Contractors, Electromechanical Equipment, Explosion Control Equipment and Systems, Flow Meters, Fuel Handling Equipment, Instrumentation, Marine and Offshore Electrical and Electronic Eqpt and Services, MEP Contractors, Process Automation Solutions Read More Maps Images Website Send Enquiry",Dubai,04-2583122,https://www.uae-yellowpages.ae/listing-category/mep-contractors/,
Dubai 120656,Dubai 120656,Dubai,,https://www.uae-yellowpages.ae/listing-category/mep-contractors/,
04-2583122,"04-2583122 Products & Services Cable Laying Contractors, Calibration Services, Contractor General, Contractors Electromechanical, Contractors General Control Systems Industrial and Residential, Earthing And Lightning Protection Equipment, Electrical Contractors, Electrical Contractors and Electricians, Electrical Engineers, Electrical-Plumbing and Sanitary Ware Repairs and Services, Electromechanical Contractors, Electromechanical Equipment, Explosion Control Equipment and Systems, Flow Meters, Fuel Handling Equipment, Instrumentation, Marine and Offshore Electrical and Electronic Eqpt and Services, MEP Contractors, Process Automation Solutions Read More",,04-2583122,https://www.uae-yellowpages.ae/listing-category/mep-contractors/,
Products & Services,"04-2583122 Products & Services Cable Laying Contractors, Calibration Services, Contractor General, Contractors Electromechanical, Contractors General Control Systems Industrial and Residential, Earthing And Lightning Protection Equipment, Electrical Contractors, Electrical Contractors and Electricians, Electrical Engineers, Electrical-Plumbing and Sanitary Ware Repairs and Services, Electromechanical Contractors, Electromechanical Equipment, Explosion Control Equipment and Systems, Flow Meters, Fuel Handling Equipment, Instrumentation, Marine and Offshore Electrical and Electronic Eqpt and Services, MEP Contractors, Process Automation Solutions Read More",,04-2583122,https://www.uae-yellowpages.ae/listing-category/mep-contractors/,
"Office 203, 2nd Floor, Saeed Nasser Al Junaibi Building, Tourist Club Area","White Arch General Contracting & Maintenance LLC more info Office 203, 2nd Floor, Saeed Nasser Al Junaibi Building, Tourist Club Area Abu Dhabi 27612 02-6437371 055-4645888 Products & Services AC Annual Maintenance, AC Contractors, AC Installation, AC Maintenance, AC Maintenance and Services AC Servicing, Air Conditioners Rental, Air Conditioning And Refrigeration, Air Conditioning Contractors, Air Conditioning Engineers Installation And Maintenance, Air Conditioning Equipment And Systems Repairs And Maintenance, Air Conditioning Services, Amc Annual Maintenance Contracts, Chilled Water Systems, Chiller Installation, Chiller Overhauls and Maintenance, Chillers, Civil Engineering Contractors, Contractors Electromechanical, Contractors General, Direct Expansion Cooling Systems, Electrical Contractors, Electrical Contractors and Electricians, Electromechanical, Electromechanical Engineers and Consultants, Facilities Management, Facility Management Services, HVAC, HVAC and AMC Contract, HVAC Company, HVAC Contractors, Hvac System Services, MEP Contractors, MEP Works, Offshore Construction, Oilfield Contractors, Painters and Painting Contractors, Plumbing and Sanitary Contractors, Refrigeration Contractors, Refrigeration Contractors and Maintenance, Ultra Violet Light Installation, Variable Refrigerant Flow Cooling Systems, VRF Services Read More Maps Images Send Enquiry",Abu Dhabi,02-6437371,https://www.uae-yellowpages.ae/listing-category/mep-contractors/,
Abu Dhabi 27612,Abu Dhabi 27612,Abu Dhabi,,https://www.uae-yellowpages.ae/listing-category/mep-contractors/,
02-6437371 055-4645888,"02-6437371 055-4645888 Products & Services AC Annual Maintenance, AC Contractors, AC Installation, AC Maintenance, AC Maintenance and Services AC Servicing, Air Conditioners Rental, Air Conditioning And Refrigeration, Air Conditioning Contractors, Air Conditioning Engineers Installation And Maintenance, Air Conditioning Equipment And Systems Repairs And Maintenance, Air Conditioning Services, Amc Annual Maintenance Contracts, Chilled Water Systems, Chiller Installation, Chiller Overhauls and Maintenance, Chillers, Civil Engineering Contractors, Contractors Electromechanical, Contractors General, Direct Expansion Cooling Systems, Electrical Contractors, Electrical Contractors and Electricians, Electromechanical, Electromechanical Engineers and Consultants, Facilities Management, Facility Management Services, HVAC, HVAC and AMC Contract, HVAC Company, HVAC Contractors, Hvac System Services, MEP Contractors, MEP Works, Offshore Construction, Oilfield Contractors, Painters and Painting Contractors, Plumbing and Sanitary Contractors, Refrigeration Contractors, Refrigeration Contractors and Maintenance, Ultra Violet Light Installation, Variable Refrigerant Flow Cooling Systems, VRF Services Read More",,02-6437371,https://www.uae-yellowpages.ae/listing-category/mep-contractors/,
Products & Services,"02-6437371 055-4645888 Products & Services AC Annual Maintenance, AC Contractors, AC Installation, AC Maintenance, AC Maintenance and Services AC Servicing, Air Conditioners Rental, Air Conditioning And Refrigeration, Air Conditioning Contractors, Air Conditioning Engineers Installation And Maintenance, Air Conditioning Equipment And Systems Repairs And Maintenance, Air Conditioning Services, Amc Annual Maintenance Contracts, Chilled Water Systems, Chiller Installation, Chiller Overhauls and Maintenance, Chillers, Civil Engineering Contractors, Contractors Electromechanical, Contractors General, Direct Expansion Cooling Systems, Electrical Contractors, Electrical Contractors and Electricians, Electromechanical, Electromechanical Engineers and Consultants, Facilities Management, Facility Management Services, HVAC, HVAC and AMC Contract, HVAC Company, HVAC Contractors, Hvac System Services, MEP Contractors, MEP Works, Offshore Construction, Oilfield Contractors, Painters and Painting Contractors, Plumbing and Sanitary Contractors, Refrigeration Contractors, Refrigeration Contractors and Maintenance, Ultra Violet Light Installation, Variable Refrigerant Flow Cooling Systems, VRF Services Read More",,02-6437371,https://www.uae-yellowpages.ae/listing-category/mep-contractors/,
"Office 204, Happy Textile Building, Al Dhafra Dental Clinic, Hamdan Street","Uptown Technical Services LLC more info Office 204, Happy Textile Building, Al Dhafra Dental Clinic, Hamdan Street Abu Dhabi 112808 02-6394336 056-6777552 02-6394339 Products & Services Aluminum and Glass, Carpenters and Joiners, Carpentry, Civil Engineering Contractors, Commercial Interior Designers Construction Companies, Contractor General, Contractors Turnkey Projects, Electromechanical, Electromechanical Contractors, Fitout Contractors, Fitouts, General Contractors, Glass Partitions, Indoor & Outdoor Sign Manufacturer, Interior Decoration, Interior Decorators, Interior Decorators And Designers, Interior Design, Interior Design and Execution, Interior Design Company, Interior Design Services, Interior Designer, Interior Designers, Interior Designers and Consultants, Interior Designers and Contracting, Interior Designers and Decorators, Interior Designers and Fitouts, Interior Designers Contractors, Interior Designing, Interior Designing Services, Interiors, MEP Contracting, MEP Contractors, Office Fitout, Office Furniture, Oilfield Contractors, Oilfield Contractors & Services, Painting, Partitions, Renovation Companies, Renovation Contractors, Retail Contractor, Retail Renovation, Road Contractors, Turnkey Projects Read More Maps Images Send Enquiry",Abu Dhabi,02-6394336,https://www.uae-yellowpages.ae/listing-category/mep-contractors/,
Abu Dhabi 112808,Abu Dhabi 112808,Abu Dhabi,,https://www.uae-yellowpages.ae/listing-category/mep-contractors/,
02-6394336 056-6777552 02-6394339,"02-6394336 056-6777552 02-6394339 Products & Services Aluminum and Glass, Carpenters and Joiners, Carpentry, Civil Engineering Contractors, Commercial Interior Designers Construction Companies, Contractor General, Contractors Turnkey Projects, Electromechanical, Electromechanical Contractors, Fitout Contractors, Fitouts, General Contractors, Glass Partitions, Indoor & Outdoor Sign Manufacturer, Interior Decoration, Interior Decorators, Interior Decorators And Designers, Interior Design, Interior Design and Execution, Interior Design Company, Interior Design Services, Interior Designer, Interior Designers, Interior Designers and Consultants, Interior Designers and Contracting, Interior Designers and Decorators, Interior Designers and Fitouts, Interior Designers Contractors, Interior Designing, Interior Designing Services, Interiors, MEP Contracting, MEP Contractors, Office Fitout, Office Furniture, Oilfield Contractors, Oilfield Contractors & Services, Painting, Partitions, Renovation Companies, Renovation Contractors, Retail Contractor, Retail Renovation, Road Contractors, Turnkey Projects Read More",,02-6394336,https://www.uae-yellowpages.ae/listing-category/mep-contractors/,
Products & Services,"02-6394336 056-6777552 02-6394339 Products & Services Aluminum and Glass, Carpenters and Joiners, Carpentry, Civil Engineering Contractors, Commercial Interior Designers Construction Companies, Contractor General, Contractors Turnkey Projects, Electromechanical, Electromechanical Contractors, Fitout Contractors, Fitouts, General Contractors, Glass Partitions, Indoor & Outdoor Sign Manufacturer, Interior Decoration, Interior Decorators, Interior Decorators And Designers, Interior Design, Interior Design and Execution, Interior Design Company, Interior Design Services, Interior Designer, Interior Designers, Interior Designers and Consultants, Interior Designers and Contracting, Interior Designers and Decorators, Interior Designers and Fitouts, Interior Designers Contractors, Interior Designing, Interior Designing Services, Interiors, MEP Contracting, MEP Contractors, Office Fitout, Office Furniture, Oilfield Contractors, Oilfield Contractors & Services, Painting, Partitions, Renovation Companies, Renovation Contractors, Retail Contractor, Retail Renovation, Road Contractors, Turnkey Projects Read More",,02-6394336,https://www.uae-yellowpages.ae/listing-category/mep-contractors/,
"Warehouse 4, High Bay Building, Silicon Oasis","Makstylo Interiors LLC more info Warehouse 4, High Bay Building, Silicon Oasis Dubai 341449 04-3332388 055-1987813 04-3332385 Products & Services Acoustic Contractors, Contractors Electromechanical, Contractors Turnkey Projects, Doors, Fire Rated Doors Fitouts, Furniture Designers and Custom Builders, Interior Decorators, Interior Designers and Consultants, Interiors, Joinery, MEP Contractors Read More Map Images Send Enquiry",Dubai,04-3332388,https://www.uae-yellowpages.ae/listing-category/mep-contractors/,
Dubai 341449,Dubai 341449,Dubai,,https://www.uae-yellowpages.ae/listing-category/mep-contractors/,
04-3332388 055-1987813 04-3332385,"04-3332388 055-1987813 04-3332385 Products & Services Acoustic Contractors, Contractors Electromechanical, Contractors Turnkey Projects, Doors, Fire Rated Doors Fitouts, Furniture Designers and Custom Builders, Interior Decorators, Interior Designers and Consultants, Interiors, Joinery, MEP Contractors Read More",,04-3332388,https://www.uae-yellowpages.ae/listing-category/mep-contractors/,
Products & Services,"04-3332388 055-1987813 04-3332385 Products & Services Acoustic Contractors, Contractors Electromechanical, Contractors Turnkey Projects, Doors, Fire Rated Doors Fitouts, Furniture Designers and Custom Builders, Interior Decorators, Interior Designers and Consultants, Interiors, Joinery, MEP Contractors Read More",,04-3332388,https://www.uae-yellowpages.ae/listing-category/mep-contractors/,
"Warehouse 4, 26th Street, Al Quoz Industrial Area 4","Keletron Electromechanical Works LLC more info Warehouse 4, 26th Street, Al Quoz Industrial Area 4 Dubai 63245 04-3332185 052-2473124 050-6404610 Products & Services AC Installation, Air Conditioning Contractors, DEWA Additional Load Approval, DEWA Approval, Dewa Approved Contractors DEWA Approved Electrical Contractor, DEWA Fitout Approval, Electrical Contractors, Electrical Maintenance, Electrical Works, Electrical-Plumbing and Sanitary Ware Repairs and Services, Electromechanical Contractors, HVAC Contractors, MEP Contractors, Plumbing Contractors, Plumbing Works Read More Map Send Enquiry",Dubai,04-3332185,https://www.uae-yellowpages.ae/listing-category/mep-contractors/,
Dubai 63245,Dubai 63245,Dubai,,https://www.uae-yellowpages.ae/listing-category/mep-contractors/,
04-3332185 052-2473124 050-6404610,"04-3332185 052-2473124 050-6404610 Products & Services AC Installation, Air Conditioning Contractors, DEWA Additional Load Approval, DEWA Approval, Dewa Approved Contractors DEWA Approved Electrical Contractor, DEWA Fitout Approval, Electrical Contractors, Electrical Maintenance, Electrical Works, Electrical-Plumbing and Sanitary Ware Repairs and Services, Electromechanical Contractors, HVAC Contractors, MEP Contractors, Plumbing Contractors, Plumbing Works Read More",,04-3332185,https://www.uae-yellowpages.ae/listing-category/mep-contractors/,
Products & Services,"04-3332185 052-2473124 050-6404610 Products & Services AC Installation, Air Conditioning Contractors, DEWA Additional Load Approval, DEWA Approval, Dewa Approved Contractors DEWA Approved Electrical Contractor, DEWA Fitout Approval, Electrical Contractors, Electrical Maintenance, Electrical Works, Electrical-Plumbing and Sanitary Ware Repairs and Services, Electromechanical Contractors, HVAC Contractors, MEP Contractors, Plumbing Contractors, Plumbing Works Read More",,04-3332185,https://www.uae-yellowpages.ae/listing-category/mep-contractors/,
"6-202, Plot No:108-0, Ewart Holding Bldg, Al Quoz-3","Focus Tech LLC more info 6-202, Plot No:108-0, Ewart Holding Bldg, Al Quoz-3 Dubai 38101 04-2682784 056-1129311 Products & Services Civil Engineering Contractors, Infrastructure Management, MEP Contractors Send Enquiry",Dubai,04-2682784,https://www.uae-yellowpages.ae/listing-category/mep-contractors/,
Dubai 38101,Dubai 38101,Dubai,,https://www.uae-yellowpages.ae/listing-category/mep-contractors/,
04-2682784 056-1129311,"04-2682784 056-1129311 Products & Services Civil Engineering Contractors, Infrastructure Management, MEP Contractors",,04-2682784,https://www.uae-yellowpages.ae/listing-category/mep-contractors/,
Products & Services,"04-2682784 056-1129311 Products & Services Civil Engineering Contractors, Infrastructure Management, MEP Contractors",,04-2682784,https://www.uae-yellowpages.ae/listing-category/mep-contractors/,
"127, Ascon House, Deira","Imperial Power Electromechanical Works LLC more info 127, Ascon House, Deira Dubai 455726 056-1774531 056-1774522 Products & Services Acoustic Solutions, Air Conditioning Contractors, Air Conditioning Engineers Installation And Maintenance, Aluminium and Glass Works, Carpentry And Joinery Electrical Contractors, Facility Management, Fitout Contractors, Housekeeping Services, Interior Decorators, MEP Contractors Read More Send Enquiry",Dubai,056-1774531,https://www.uae-yellowpages.ae/listing-category/mep-contractors/,
Dubai 455726,Dubai 455726,Dubai,,https://www.uae-yellowpages.ae/listing-category/mep-contractors/,
056-1774531 056-1774522,"056-1774531 056-1774522 Products & Services Acoustic Solutions, Air Conditioning Contractors, Air Conditioning Engineers Installation And Maintenance, Aluminium and Glass Works, Carpentry And Joinery Electrical Contractors, Facility Management, Fitout Contractors, Housekeeping Services, Interior Decorators, MEP Contractors Read More",,056-1774531,https://www.uae-yellowpages.ae/listing-category/mep-contractors/,
Products & Services,"056-1774531 056-1774522 Products & Services Acoustic Solutions, Air Conditioning Contractors, Air Conditioning Engineers Installation And Maintenance, Aluminium and Glass Works, Carpentry And Joinery Electrical Contractors, Facility Management, Fitout Contractors, Housekeeping Services, Interior Decorators, MEP Contractors Read More",,056-1774531,https://www.uae-yellowpages.ae/listing-category/mep-contractors/,
"708, Lake Central Tower, Marasi Dr, Business Bay","J Walt Interiors and Contracting LLC more info 708, Lake Central Tower, Marasi Dr, Business Bay Dubai 390675 80059258 052-8246069 Products & Services Fitout Contractors, Interior Decorators, MEP Contractors Send Enquiry",Dubai,052-8246069,https://www.uae-yellowpages.ae/listing-category/mep-contractors/,
Dubai 390675,Dubai 390675,Dubai,,https://www.uae-yellowpages.ae/listing-category/mep-contractors/,
80059258 052-8246069,"80059258 052-8246069 Products & Services Fitout Contractors, Interior Decorators, MEP Contractors",,052-8246069,https://www.uae-yellowpages.ae/listing-category/mep-contractors/,
Products & Services,"80059258 052-8246069 Products & Services Fitout Contractors, Interior Decorators, MEP Contractors",,052-8246069,https://www.uae-yellowpages.ae/listing-category/mep-contractors/,
"Warehouse No 73, Opp Emirates Printing Press, 24 B St, Industrial Area 2, Al Quoz","Dunex Technical Services LLC more info Warehouse No 73, Opp Emirates Printing Press, 24 B St, Industrial Area 2, Al Quoz Dubai 391312 04-3315656 054-5813262 054-5813261 Products & Services AC Contractors, AC Installation, Air Conditioning Engineers Installation And Maintenance, Air Conditioning Work, Contractors Electromechanical HVAC, HVAC Contractors, HVAC Works, MEP Contractors Read More Send Enquiry",Dubai,04-3315656,https://www.uae-yellowpages.ae/listing-category/mep-contractors/,
Dubai 391312,Dubai 391312,Dubai,,https://www.uae-yellowpages.ae/listing-category/mep-contractors/,
04-3315656 054-5813262 054-5813261,"04-3315656 054-5813262 054-5813261 Products & Services AC Contractors, AC Installation, Air Conditioning Engineers Installation And Maintenance, Air Conditioning Work, Contractors Electromechanical HVAC, HVAC Contractors, HVAC Works, MEP Contractors Read More",,04-3315656,https://www.uae-yellowpages.ae/listing-category/mep-contractors/,
Products & Services,"04-3315656 054-5813262 054-5813261 Products & Services AC Contractors, AC Installation, Air Conditioning Engineers Installation And Maintenance, Air Conditioning Work, Contractors Electromechanical HVAC, HVAC Contractors, HVAC Works, MEP Contractors Read More",,04-3315656,https://www.uae-yellowpages.ae/listing-category/mep-contractors/,
"1203, Opal Tower, Business Bay","Design Motives more info 1203, Opal Tower, Business Bay Dubai 37743 04-5531081 055-1217842 04-5531058 Products & Services Air Conditioning Contractors, Aluminium Fabricators and Glass Suppliers, Building Contracting, Building Maintenance-Repairs and Restoration, Interior Decoration Interior Decorators, Interior Designers and Consultants, Joinery, Joinery Furniture, MEP Contractors, Office Fitout Contractor, Turnkey Projects Read More Map Images Send Enquiry",Dubai,04-5531081,https://www.uae-yellowpages.ae/listing-category/mep-contractors/,
Dubai 37743,Dubai 37743,Dubai,,https://www.uae-yellowpages.ae/listing-category/mep-contractors/,
04-5531081 055-1217842 04-5531058,"04-5531081 055-1217842 04-5531058 Products & Services Air Conditioning Contractors, Aluminium Fabricators and Glass Suppliers, Building Contracting, Building Maintenance-Repairs and Restoration, Interior Decoration Interior Decorators, Interior Designers and Consultants, Joinery, Joinery Furniture, MEP Contractors, Office Fitout Contractor, Turnkey Projects Read More",,04-5531081,https://www.uae-yellowpages.ae/listing-category/mep-contractors/,
Products & Services,"04-5531081 055-1217842 04-5531058 Products & Services Air Conditioning Contractors, Aluminium Fabricators and Glass Suppliers, Building Contracting, Building Maintenance-Repairs and Restoration, Interior Decoration Interior Decorators, Interior Designers and Consultants, Joinery, Joinery Furniture, MEP Contractors, Office Fitout Contractor, Turnkey Projects Read More",,04-5531081,https://www.uae-yellowpages.ae/listing-category/mep-contractors/,
"Warehouse 2, Behind Al Habtoor Warehouse, Al Qusais Indl Area 3","Design Mart Contracting LLC more info Warehouse 2, Behind Al Habtoor Warehouse, Al Qusais Indl Area 3 Dubai 04-2561903 Products & Services Carpenters and Joiners, Clinic Interiors, Customized Furniture, Design and Build, Exhibition Stands Exhibition Stands Designers And Manufacturers, False Ceiling, Fitout Company, Fitout Consultants, Fitout Contractors, Fitouts, Food and Beverage Turnkey Contractors, Gypsum Interior Decorators, Hospital Interiors, Interior Consultants, Interior Contractors, Interior Decoration, Interior Decorators, Interior Decorators And Designers, Interior Designers, Interior Fitouts, Kiosks, Kitchen Cabinets, MEP Contractors, Office Chairs, Office Furniture, Office Interiors, Office Modification, Partitions, Restaurant Interiors, Shop Fitouts Read More Map Images Send Enquiry",Dubai,04-2561903,https://www.uae-yellowpages.ae/listing-category/mep-contractors/,
Dubai,Dubai,Dubai,,https://www.uae-yellowpages.ae/listing-category/mep-contractors/,
04-2561903,"04-2561903 Products & Services Carpenters and Joiners, Clinic Interiors, Customized Furniture, Design and Build, Exhibition Stands Exhibition Stands Designers And Manufacturers, False Ceiling, Fitout Company, Fitout Consultants, Fitout Contractors, Fitouts, Food and Beverage Turnkey Contractors, Gypsum Interior Decorators, Hospital Interiors, Interior Consultants, Interior Contractors, Interior Decoration, Interior Decorators, Interior Decorators And Designers, Interior Designers, Interior Fitouts, Kiosks, Kitchen Cabinets, MEP Contractors, Office Chairs, Office Furniture, Office Interiors, Office Modification, Partitions, Restaurant Interiors, Shop Fitouts Read More",,04-2561903,https://www.uae-yellowpages.ae/listing-category/mep-contractors/,
Products & Services,"04-2561903 Products & Services Carpenters and Joiners, Clinic Interiors, Customized Furniture, Design and Build, Exhibition Stands Exhibition Stands Designers And Manufacturers, False Ceiling, Fitout Company, Fitout Consultants, Fitout Contractors, Fitouts, Food and Beverage Turnkey Contractors, Gypsum Interior Decorators, Hospital Interiors, Interior Consultants, Interior Contractors, Interior Decoration, Interior Decorators, Interior Decorators And Designers, Interior Designers, Interior Fitouts, Kiosks, Kitchen Cabinets, MEP Contractors, Office Chairs, Office Furniture, Office Interiors, Office Modification, Partitions, Restaurant Interiors, Shop Fitouts Read More",,04-2561903,https://www.uae-yellowpages.ae/listing-category/mep-contractors/,
"1001, 10th Floor, The Binary By Omniyat, Business Bay","Design Concepts International more info 1001, 10th Floor, The Binary By Omniyat, Business Bay Dubai 24465 04-2400993 04-4357573 Products & Services Architectural Consultants, Civil Engineers, Interior Designers, Interior Designers and Consultants, Landscaping Contractors MEP Contractors, Project Management, Structural Engineering Read More Map Send Enquiry",Dubai,04-2400993,https://www.uae-yellowpages.ae/listing-category/mep-contractors/,
Dubai 24465,Dubai 24465,Dubai,,https://www.uae-yellowpages.ae/listing-category/mep-contractors/,
04-2400993 04-4357573,"04-2400993 04-4357573 Products & Services Architectural Consultants, Civil Engineers, Interior Designers, Interior Designers and Consultants, Landscaping Contractors MEP Contractors, Project Management, Structural Engineering Read More",,04-2400993,https://www.uae-yellowpages.ae/listing-category/mep-contractors/,
Products & Services,"04-2400993 04-4357573 Products & Services Architectural Consultants, Civil Engineers, Interior Designers, Interior Designers and Consultants, Landscaping Contractors MEP Contractors, Project Management, Structural Engineering Read More",,04-2400993,https://www.uae-yellowpages.ae/listing-category/mep-contractors/,
Ras Al Khor,"Al Kharbash Facilities Management more info Ras Al Khor Dubai 31311 04-3338733 04-3200356 Products & Services Building Cleaning, Building Maintenance-Repairs and Restoration, Cleaning and Janitorial Services, Facilities Management, General Maintenance MEP Contractors, Security Guard Read More Map Images Send Enquiry",Dubai,04-3338733,https://www.uae-yellowpages.ae/listing-category/mep-contractors/,
Dubai 31311,Dubai 31311,Dubai,,https://www.uae-yellowpages.ae/listing-category/mep-contractors/,
04-3338733 04-3200356,"04-3338733 04-3200356 Products & Services Building Cleaning, Building Maintenance-Repairs and Restoration, Cleaning and Janitorial Services, Facilities Management, General Maintenance MEP Contractors, Security Guard Read More",,04-3338733,https://www.uae-yellowpages.ae/listing-category/mep-contractors/,
Products & Services,"04-3338733 04-3200356 Products & Services Building Cleaning, Building Maintenance-Repairs and Restoration, Cleaning and Janitorial Services, Facilities Management, General Maintenance MEP Contractors, Security Guard Read More",,04-3338733,https://www.uae-yellowpages.ae/listing-category/mep-contractors/,
Dubai 1589,Dubai 1589,Dubai,,https://www.uae-yellowpages.ae/listing-category/mep-contractors/,
04-2344457 04-2344458,"04-2344457 04-2344458 Products & Services MEP Contractors, Warehousing Services",,04-2344457,https://www.uae-yellowpages.ae/listing-category/mep-contractors/,
Products & Services,"04-2344457 04-2344458 Products & Services MEP Contractors, Warehousing Services",,04-2344457,https://www.uae-yellowpages.ae/listing-category/mep-contractors/,
Dip 1,"Bin Dasmal Contracting more info Dip 1 Dubai 5389 04-8067676 04-8067677 Products & Services Air Conditioning Engineers Installation And Maintenance, Air Conditioning Equipment And Systems Repairs And Maintenance, Air Conditioning Services, HVAC, MEP Contractors MEP Maintenance, MEP Services, MEP Works Read More Map Images Send Enquiry",Dubai,04-8067676,https://www.uae-yellowpages.ae/listing-category/mep-contractors/,
Dubai 5389,Dubai 5389,Dubai,,https://www.uae-yellowpages.ae/listing-category/mep-contractors/,
04-8067676 04-8067677,"04-8067676 04-8067677 Products & Services Air Conditioning Engineers Installation And Maintenance, Air Conditioning Equipment And Systems Repairs And Maintenance, Air Conditioning Services, HVAC, MEP Contractors MEP Maintenance, MEP Services, MEP Works Read More",,04-8067676,https://www.uae-yellowpages.ae/listing-category/mep-contractors/,
Products & Services,"04-8067676 04-8067677 Products & Services Air Conditioning Engineers Installation And Maintenance, Air Conditioning Equipment And Systems Repairs And Maintenance, Air Conditioning Services, HVAC, MEP Contractors MEP Maintenance, MEP Services, MEP Works Read More",,04-8067676,https://www.uae-yellowpages.ae/listing-category/mep-contractors/,
"Office 304, Garhoud Star","Al Ikhaa Contracting LLC more info Office 304, Garhoud Star Dubai 251680 04-3471516 04-3471786 Products & Services Annual Maintenance Contracts, Building Contractors, Construction Companies, Contractor General, Design And Build Contracting Facilities Management, Fire Alarm Installation, Fire Fighting Installation, Fitout Contractors, Interior Decorators, MEP Contractors, Steel Buildings, Steel Construction, Steel Fabrication and Erection, Turnkey Projects, Villa Contractors, Warehouse Construction Read More Map Images Send Enquiry",Dubai,04-3471516,https://www.uae-yellowpages.ae/listing-category/mep-contractors/,
Dubai 251680,Dubai 251680,Dubai,,https://www.uae-yellowpages.ae/listing-category/mep-contractors/,
04-3471516 04-3471786,"04-3471516 04-3471786 Products & Services Annual Maintenance Contracts, Building Contractors, Construction Companies, Contractor General, Design And Build Contracting Facilities Management, Fire Alarm Installation, Fire Fighting Installation, Fitout Contractors, Interior Decorators, MEP Contractors, Steel Buildings, Steel Construction, Steel Fabrication and Erection, Turnkey Projects, Villa Contractors, Warehouse Construction Read More",,04-3471516,https://www.uae-yellowpages.ae/listing-category/mep-contractors/,
Products & Services,"04-3471516 04-3471786 Products & Services Annual Maintenance Contracts, Building Contractors, Construction Companies, Contractor General, Design And Build Contracting Facilities Management, Fire Alarm Installation, Fire Fighting Installation, Fitout Contractors, Interior Decorators, MEP Contractors, Steel Buildings, Steel Construction, Steel Fabrication and Erection, Turnkey Projects, Villa Contractors, Warehouse Construction Read More",,04-3471516,https://www.uae-yellowpages.ae/listing-category/mep-contractors/,
"Al Awir 800, Dubai - Hatta Road (E44)","Al Naboodah Group Enterprises more info Al Awir 800, Dubai - Hatta Road (E44) Dubai 1200 04-2948888 04-2948988 Products & Services Agricultural, Automotive, Building, Building Contractors, Civil Engineering Civil Engineering Contractors, Electrical, Fitouts, Heavy Equipment, Logistics, MEP, MEP Contractors, Transportation, Travel Agents Read More Map Send Enquiry",Dubai,04-2948888,https://www.uae-yellowpages.ae/listing-category/mep-contractors/,
Dubai 1200,Dubai 1200,Dubai,,https://www.uae-yellowpages.ae/listing-category/mep-contractors/,
04-2948888 04-2948988,"04-2948888 04-2948988 Products & Services Agricultural, Automotive, Building, Building Contractors, Civil Engineering Civil Engineering Contractors, Electrical, Fitouts, Heavy Equipment, Logistics, MEP, MEP Contractors, Transportation, Travel Agents Read More",,04-2948888,https://www.uae-yellowpages.ae/listing-category/mep-contractors/,
Products & Services,"04-2948888 04-2948988 Products & Services Agricultural, Automotive, Building, Building Contractors, Civil Engineering Civil Engineering Contractors, Electrical, Fitouts, Heavy Equipment, Logistics, MEP, MEP Contractors, Transportation, Travel Agents Read More",,04-2948888,https://www.uae-yellowpages.ae/listing-category/mep-contractors/,
Al Awir,"Al Naboodah Construction Group more info Al Awir Dubai 33900 04-2948777 04-2948833 Products & Services Asphalt, Building Contractors, Civil Engineering, Civil Engineering Companies, Concrete Construction Companies, Facilities Management, MEP Contractors, Plant and Machinery Read More Map Send Enquiry",Dubai,04-2948777,https://www.uae-yellowpages.ae/listing-category/mep-contractors/,
Dubai 33900,Dubai 33900,Dubai,,https://www.uae-yellowpages.ae/listing-category/mep-contractors/,
04-2948777 04-2948833,"04-2948777 04-2948833 Products & Services Asphalt, Building Contractors, Civil Engineering, Civil Engineering Companies, Concrete Construction Companies, Facilities Management, MEP Contractors, Plant and Machinery Read More",,04-2948777,https://www.uae-yellowpages.ae/listing-category/mep-contractors/,
Products & Services,"04-2948777 04-2948833 Products & Services Asphalt, Building Contractors, Civil Engineering, Civil Engineering Companies, Concrete Construction Companies, Facilities Management, MEP Contractors, Plant and Machinery Read More",,04-2948777,https://www.uae-yellowpages.ae/listing-category/mep-contractors/,
"B1002, Belrasheed Towers, Al Qusais","Smart Elite Group more info B1002, Belrasheed Towers, Al Qusais Dubai 04-2220333 Products & Services Computer Supplies, MEP Contractors, Technical Services Send Enquiry",Dubai,04-2220333,https://www.uae-yellowpages.ae/listing-category/mep-contractors/,
Dubai,Dubai,Dubai,,https://www.uae-yellowpages.ae/listing-category/mep-contractors/,
04-2220333,"04-2220333 Products & Services Computer Supplies, MEP Contractors, Technical Services",,04-2220333,https://www.uae-yellowpages.ae/listing-category/mep-contractors/,
Products & Services,"04-2220333 Products & Services Computer Supplies, MEP Contractors, Technical Services",,04-2220333,https://www.uae-yellowpages.ae/listing-category/mep-contractors/,
"Office 202, Fahad Building 4, Damascus Street, Al Qusais","Sashma Contracting LLC more info Office 202, Fahad Building 4, Damascus Street, Al Qusais Dubai 19079 04-2360401 052-2701144 Products & Services IT Solutions, MEP Contractors, Steel Fabricators and Engineers Send Enquiry",Dubai,04-2360401,https://www.uae-yellowpages.ae/listing-category/mep-contractors/,
Dubai 19079,Dubai 19079,Dubai,,https://www.uae-yellowpages.ae/listing-category/mep-contractors/,
04-2360401 052-2701144,"04-2360401 052-2701144 Products & Services IT Solutions, MEP Contractors, Steel Fabricators and Engineers",,04-2360401,https://www.uae-yellowpages.ae/listing-category/mep-contractors/,
Products & Services,"04-2360401 052-2701144 Products & Services IT Solutions, MEP Contractors, Steel Fabricators and Engineers",,04-2360401,https://www.uae-yellowpages.ae/listing-category/mep-contractors/,
"W/H 37 B, Opp Jotun Paints, Al Quoz Indl Area 2","San Paul Electro Mechanical Works LLC more info W/H 37 B, Opp Jotun Paints, Al Quoz Indl Area 2 Dubai 115217 04-3808813 04-3808812 Products & Services Electrical Contractors and Electricians, Fitouts, MEP Contractors, Painting, Plumbing Map Send Enquiry",Dubai,04-3808813,https://www.uae-yellowpages.ae/listing-category/mep-contractors/,
Dubai 115217,Dubai 115217,Dubai,,https://www.uae-yellowpages.ae/listing-category/mep-contractors/,
04-3808813 04-3808812,"04-3808813 04-3808812 Products & Services Electrical Contractors and Electricians, Fitouts, MEP Contractors, Painting, Plumbing",,04-3808813,https://www.uae-yellowpages.ae/listing-category/mep-contractors/,
Products & Services,"04-3808813 04-3808812 Products & Services Electrical Contractors and Electricians, Fitouts, MEP Contractors, Painting, Plumbing",,04-3808813,https://www.uae-yellowpages.ae/listing-category/mep-contractors/,
"Near Jotun Paints, Al Quoz 2","Sinas Interior more info Near Jotun Paints, Al Quoz 2 Dubai 2952 04-3393231 04-3393231 Products & Services Carpenters and Joiners, Carpet Contractors, Contractors Turnkey Projects, Fitout Contractors, Fitouts Interior Decorators, Interior Designers and Consultants, Joinery, MEP Contractors, Office Fitout, Turnkey Projects Read More Map Images Send Enquiry",Dubai,04-3393231,https://www.uae-yellowpages.ae/listing-category/mep-contractors/,
Dubai 2952,Dubai 2952,Dubai,,https://www.uae-yellowpages.ae/listing-category/mep-contractors/,
04-3393231 04-3393231,"04-3393231 04-3393231 Products & Services Carpenters and Joiners, Carpet Contractors, Contractors Turnkey Projects, Fitout Contractors, Fitouts Interior Decorators, Interior Designers and Consultants, Joinery, MEP Contractors, Office Fitout, Turnkey Projects Read More",,04-3393231,https://www.uae-yellowpages.ae/listing-category/mep-contractors/,
Products & Services,"04-3393231 04-3393231 Products & Services Carpenters and Joiners, Carpet Contractors, Contractors Turnkey Projects, Fitout Contractors, Fitouts Interior Decorators, Interior Designers and Consultants, Joinery, MEP Contractors, Office Fitout, Turnkey Projects Read More",,04-3393231,https://www.uae-yellowpages.ae/listing-category/mep-contractors/,
"Indl Area 2, Al Quoz","Sultan Al Joakar Technical Services LLC more info Indl Area 2, Al Quoz Dubai 23624 04-3477613 050-6535291 04-3404860 Products & Services Electrical Contractors, Electrical Contractors and Electricians, Electromechanical Engineers and Consultants, MEP Contractors, MEP Works Oilfield Contractors and Services, Pipeline Contractors, Plumbing and Sanitary Contractors, Steel Fabricators, Steel Fabricators and Engineers, Technical Services Read More Map Send Enquiry",Dubai,04-3477613,https://www.uae-yellowpages.ae/listing-category/mep-contractors/,
Dubai 23624,Dubai 23624,Dubai,,https://www.uae-yellowpages.ae/listing-category/mep-contractors/,
04-3477613 050-6535291 04-3404860,"04-3477613 050-6535291 04-3404860 Products & Services Electrical Contractors, Electrical Contractors and Electricians, Electromechanical Engineers and Consultants, MEP Contractors, MEP Works Oilfield Contractors and Services, Pipeline Contractors, Plumbing and Sanitary Contractors, Steel Fabricators, Steel Fabricators and Engineers, Technical Services Read More",,04-3477613,https://www.uae-yellowpages.ae/listing-category/mep-contractors/,
Products & Services,"04-3477613 050-6535291 04-3404860 Products & Services Electrical Contractors, Electrical Contractors and Electricians, Electromechanical Engineers and Consultants, MEP Contractors, MEP Works Oilfield Contractors and Services, Pipeline Contractors, Plumbing and Sanitary Contractors, Steel Fabricators, Steel Fabricators and Engineers, Technical Services Read More",,04-3477613,https://www.uae-yellowpages.ae/listing-category/mep-contractors/,
"Damascus St, Al Qusais","Power Access Electromechanical Works more info Damascus St, Al Qusais Dubai 251891 04-2640300 055-2577555 04-2640301 Products & Services Contractors Electromechanical, MEP Contractors, Plumbing and Sanitary Contractors Send Enquiry",Dubai,04-2640300,https://www.uae-yellowpages.ae/listing-category/mep-contractors/,
Dubai 251891,Dubai 251891,Dubai,,https://www.uae-yellowpages.ae/listing-category/mep-contractors/,
04-2640300 055-2577555 04-2640301,"04-2640300 055-2577555 04-2640301 Products & Services Contractors Electromechanical, MEP Contractors, Plumbing and Sanitary Contractors",,04-2640300,https://www.uae-yellowpages.ae/listing-category/mep-contractors/,
Products & Services,"04-2640300 055-2577555 04-2640301 Products & Services Contractors Electromechanical, MEP Contractors, Plumbing and Sanitary Contractors",,04-2640300,https://www.uae-yellowpages.ae/listing-category/mep-contractors/,
"M13, Dar Almaha Building, Near Abu Hail Metro Station, Abu Hail, Deira","Mohammed Aber Technical Services LLC more info M13, Dar Almaha Building, Near Abu Hail Metro Station, Abu Hail, Deira Dubai 95613 04-2209109 050-2777318 056-2777318 Products & Services Air Conditioning Engineers Installation And Maintenance, False Ceiling, MEP Contractors, Painting Contracting, Partitions Technical Services Read More Map Images Send Enquiry",Dubai,04-2209109,https://www.uae-yellowpages.ae/listing-category/mep-contractors/,
Dubai 95613,Dubai 95613,Dubai,,https://www.uae-yellowpages.ae/listing-category/mep-contractors/,
04-2209109 050-2777318 056-2777318,"04-2209109 050-2777318 056-2777318 Products & Services Air Conditioning Engineers Installation And Maintenance, False Ceiling, MEP Contractors, Painting Contracting, Partitions Technical Services Read More",,04-2209109,https://www.uae-yellowpages.ae/listing-category/mep-contractors/,
Products & Services,"04-2209109 050-2777318 056-2777318 Products & Services Air Conditioning Engineers Installation And Maintenance, False Ceiling, MEP Contractors, Painting Contracting, Partitions Technical Services Read More",,04-2209109,https://www.uae-yellowpages.ae/listing-category/mep-contractors/,
"Office 857, 8th Floor, Al Gaith Tower, Near Lulu Express, Hamdan Street","Stylish Advanced Decor more info Office 857, 8th Floor, Al Gaith Tower, Near Lulu Express, Hamdan Street Abu Dhabi 108744 02-5089124 050-5121868 Products & Services 3D Visualization, AC Contractors, AC Maintenance, Aluminium and Glass Works, Architectural Design Authority Approvals, Bathroom Renovation, Carpentry, Carpet Flooring, Commercial Kitchen, Commercial Space Design and Fitouts, Decoration Works, Electromechanical Contractors, Exhibition Stands, False Ceiling, Fire Rated Doors, Fitout Contractors, Flooring, Glass Doors, Glass Partition Works, Glass Partitions, Glass Works, Gypsum Decoration, Gypsum Decoration Works, Gypsum Interior Decorators, Gypsum Partition, HVAC Contractors, Interior Decorators, Interior Decorators And Designers, Interior Fitouts, Joinery, Kiosks, Kitchen Cabinets, Mashrabiya Pattern, MEP Contractors, Office Fitout, Office Modification, Office Renovation, Parquet Flooring, Partitions, Renovation Companies, Restaurant Decoration, Restaurant Fitouts, Restaurant Interiors, Tiles Fixing, Turnkey Projects, Villa Renovation, Wooden Cladding, Wooden Doors Read More Map Images Send Enquiry",Abu Dhabi,02-5089124,https://www.uae-yellowpages.ae/listing-category/mep-contractors/,
Abu Dhabi 108744,Abu Dhabi 108744,Abu Dhabi,,https://www.uae-yellowpages.ae/listing-category/mep-contractors/,
02-5089124 050-5121868,"02-5089124 050-5121868 Products & Services 3D Visualization, AC Contractors, AC Maintenance, Aluminium and Glass Works, Architectural Design Authority Approvals, Bathroom Renovation, Carpentry, Carpet Flooring, Commercial Kitchen, Commercial Space Design and Fitouts, Decoration Works, Electromechanical Contractors, Exhibition Stands, False Ceiling, Fire Rated Doors, Fitout Contractors, Flooring, Glass Doors, Glass Partition Works, Glass Partitions, Glass Works, Gypsum Decoration, Gypsum Decoration Works, Gypsum Interior Decorators, Gypsum Partition, HVAC Contractors, Interior Decorators, Interior Decorators And Designers, Interior Fitouts, Joinery, Kiosks, Kitchen Cabinets, Mashrabiya Pattern, MEP Contractors, Office Fitout, Office Modification, Office Renovation, Parquet Flooring, Partitions, Renovation Companies, Restaurant Decoration, Restaurant Fitouts, Restaurant Interiors, Tiles Fixing, Turnkey Projects, Villa Renovation, Wooden Cladding, Wooden Doors Read More",,02-5089124,https://www.uae-yellowpages.ae/listing-category/mep-contractors/,
Products & Services,"02-5089124 050-5121868 Products & Services 3D Visualization, AC Contractors, AC Maintenance, Aluminium and Glass Works, Architectural Design Authority Approvals, Bathroom Renovation, Carpentry, Carpet Flooring, Commercial Kitchen, Commercial Space Design and Fitouts, Decoration Works, Electromechanical Contractors, Exhibition Stands, False Ceiling, Fire Rated Doors, Fitout Contractors, Flooring, Glass Doors, Glass Partition Works, Glass Partitions, Glass Works, Gypsum Decoration, Gypsum Decoration Works, Gypsum Interior Decorators, Gypsum Partition, HVAC Contractors, Interior Decorators, Interior Decorators And Designers, Interior Fitouts, Joinery, Kiosks, Kitchen Cabinets, Mashrabiya Pattern, MEP Contractors, Office Fitout, Office Modification, Office Renovation, Parquet Flooring, Partitions, Renovation Companies, Restaurant Decoration, Restaurant Fitouts, Restaurant Interiors, Tiles Fixing, Turnkey Projects, Villa Renovation, Wooden Cladding, Wooden Doors Read More",,02-5089124,https://www.uae-yellowpages.ae/listing-category/mep-contractors/,
"M-11, Mussafah","High Bright Air Condition and General Maintenance more info M-11, Mussafah Abu Dhabi 055-4021782 Products & Services AC Maintenance, Air Conditioning Contractors, Air Conditioning Ducting Grills And Diffusers, Air Conditioning Equipment And Systems Repairs And Maintenance, Air Conditioning Equipment Suppliers Building Maintenance, Chilled Water Pipes Installation, Electrical Works, FCU Installation, General Maintenance, Heat Exchangers Installation, HVAC Annual Maintenance, HVAC Contractors, Hvac System Services, MEP Contractors, Plumbing Works Read More Images Send Enquiry",Abu Dhabi,055-4021782,https://www.uae-yellowpages.ae/listing-category/mep-contractors/,
Abu Dhabi,Abu Dhabi,Abu Dhabi,,https://www.uae-yellowpages.ae/listing-category/mep-contractors/,
055-4021782,"055-4021782 Products & Services AC Maintenance, Air Conditioning Contractors, Air Conditioning Ducting Grills And Diffusers, Air Conditioning Equipment And Systems Repairs And Maintenance, Air Conditioning Equipment Suppliers Building Maintenance, Chilled Water Pipes Installation, Electrical Works, FCU Installation, General Maintenance, Heat Exchangers Installation, HVAC Annual Maintenance, HVAC Contractors, Hvac System Services, MEP Contractors, Plumbing Works Read More",,055-4021782,https://www.uae-yellowpages.ae/listing-category/mep-contractors/,
Products & Services,"055-4021782 Products & Services AC Maintenance, Air Conditioning Contractors, Air Conditioning Ducting Grills And Diffusers, Air Conditioning Equipment And Systems Repairs And Maintenance, Air Conditioning Equipment Suppliers Building Maintenance, Chilled Water Pipes Installation, Electrical Works, FCU Installation, General Maintenance, Heat Exchangers Installation, HVAC Annual Maintenance, HVAC Contractors, Hvac System Services, MEP Contractors, Plumbing Works Read More",,055-4021782,https://www.uae-yellowpages.ae/listing-category/mep-contractors/,
Hamdan Street,"Mars Maintenance and Cleaning Services more info Hamdan Street Abu Dhabi 47479 02-6794190 050-6228169 Products & Services Building Cleaning, Building Maintenance, Cleaning Services, General Maintenance, Maid Services MEP Contractors, Tanks Cleaning Read More Send Enquiry",Abu Dhabi,02-6794190,https://www.uae-yellowpages.ae/listing-category/mep-contractors/,
Abu Dhabi 47479,Abu Dhabi 47479,Abu Dhabi,,https://www.uae-yellowpages.ae/listing-category/mep-contractors/,
02-6794190 050-6228169,"02-6794190 050-6228169 Products & Services Building Cleaning, Building Maintenance, Cleaning Services, General Maintenance, Maid Services MEP Contractors, Tanks Cleaning Read More",,02-6794190,https://www.uae-yellowpages.ae/listing-category/mep-contractors/,
Products & Services,"02-6794190 050-6228169 Products & Services Building Cleaning, Building Maintenance, Cleaning Services, General Maintenance, Maid Services MEP Contractors, Tanks Cleaning Read More",,02-6794190,https://www.uae-yellowpages.ae/listing-category/mep-contractors/,
"M-02, Building C-71, Shabia-10, Mussafah","Vigor Electromechanical LLC more info M-02, Building C-71, Shabia-10, Mussafah Abu Dhabi 110963 02-6225482 052-1413338 02-6225483 Products & Services Contractors Electromechanical, Design and Drafting, Electrical Contractors, Electrical Contractors and Electricians, Electromechanical Electromechanical Engineers and Consultants, Marine Contractors, Mechanical Contractors, MEP Contractors, Plumbing and Sanitary Contractors, Plumbing Systems, Testing and Commissioning Read More Map Send Enquiry",Abu Dhabi,02-6225482,https://www.uae-yellowpages.ae/listing-category/mep-contractors/,
Abu Dhabi 110963,Abu Dhabi 110963,Abu Dhabi,,https://www.uae-yellowpages.ae/listing-category/mep-contractors/,
02-6225482 052-1413338 02-6225483,"02-6225482 052-1413338 02-6225483 Products & Services Contractors Electromechanical, Design and Drafting, Electrical Contractors, Electrical Contractors and Electricians, Electromechanical Electromechanical Engineers and Consultants, Marine Contractors, Mechanical Contractors, MEP Contractors, Plumbing and Sanitary Contractors, Plumbing Systems, Testing and Commissioning Read More",,02-6225482,https://www.uae-yellowpages.ae/listing-category/mep-contractors/,
Products & Services,"02-6225482 052-1413338 02-6225483 Products & Services Contractors Electromechanical, Design and Drafting, Electrical Contractors, Electrical Contractors and Electricians, Electromechanical Electromechanical Engineers and Consultants, Marine Contractors, Mechanical Contractors, MEP Contractors, Plumbing and Sanitary Contractors, Plumbing Systems, Testing and Commissioning Read More",,02-6225482,https://www.uae-yellowpages.ae/listing-category/mep-contractors/,
Advertise With Us,Advertise With Us,,,https://www.uae-yellowpages.ae/listing-category/mep-contractors/,
"Office 112, Mohammed Saleh Mohammed Bin Lahej Building, Near Belhasa Driving Centre, Ras Al Khor","Pink City Group of Companies more info Office 112, Mohammed Saleh Mohammed Bin Lahej Building, Near Belhasa Driving Centre, Ras Al Khor Dubai 77826 04-2595949 054-7863463 056-4880400 Products & Services Chain link Fencing PVC Coated, Dewa Approved Contractors, Fence Posts and Fittings, Fence Suppliers, Fencing Fencing Company, Fencing Contractors, Fencing Manufacturers, Fencing Panels, Fencing Suppliers, Fencing Suppliers And Contractors, Fencing Wires, HVAC Contractors, MEP Contractors, Ministry Fencing, Municipality Fencing Read More Maps Images Website Send Enquiry",Dubai,04-2595949,https://www.uae-yellowpages.ae/listing-category/mep-contractors/?page=2,
Dubai 77826,Dubai 77826,Dubai,,https://www.uae-yellowpages.ae/listing-category/mep-contractors/?page=2,
04-2595949 054-7863463 056-4880400,"04-2595949 054-7863463 056-4880400 Products & Services Chain link Fencing PVC Coated, Dewa Approved Contractors, Fence Posts and Fittings, Fence Suppliers, Fencing Fencing Company, Fencing Contractors, Fencing Manufacturers, Fencing Panels, Fencing Suppliers, Fencing Suppliers And Contractors, Fencing Wires, HVAC Contractors, MEP Contractors, Ministry Fencing, Municipality Fencing Read More",,04-2595949,https://www.uae-yellowpages.ae/listing-category/mep-contractors/?page=2,
Products & Services,"04-2595949 054-7863463 056-4880400 Products & Services Chain link Fencing PVC Coated, Dewa Approved Contractors, Fence Posts and Fittings, Fence Suppliers, Fencing Fencing Company, Fencing Contractors, Fencing Manufacturers, Fencing Panels, Fencing Suppliers, Fencing Suppliers And Contractors, Fencing Wires, HVAC Contractors, MEP Contractors, Ministry Fencing, Municipality Fencing Read More",,04-2595949,https://www.uae-yellowpages.ae/listing-category/mep-contractors/?page=2,
Al Qusais Industrial Area 1,"A C M E Electromechanical Works LLC more info Al Qusais Industrial Area 1 Dubai 120656 04-2583122 Products & Services Cable Laying Contractors, Calibration Services, Contractor General, Contractors Electromechanical, Contractors General Control Systems Industrial and Residential, Earthing And Lightning Protection Equipment, Electrical Contractors, Electrical Contractors and Electricians, Electrical Engineers, Electrical-Plumbing and Sanitary Ware Repairs and Services, Electromechanical Contractors, Electromechanical Equipment, Explosion Control Equipment and Systems, Flow Meters, Fuel Handling Equipment, Instrumentation, Marine and Offshore Electrical and Electronic Eqpt and Services, MEP Contractors, Process Automation Solutions Read More Maps Images Website Send Enquiry",Dubai,04-2583122,https://www.uae-yellowpages.ae/listing-category/mep-contractors/?page=2,
Dubai 120656,Dubai 120656,Dubai,,https://www.uae-yellowpages.ae/listing-category/mep-contractors/?page=2,
04-2583122,"04-2583122 Products & Services Cable Laying Contractors, Calibration Services, Contractor General, Contractors Electromechanical, Contractors General Control Systems Industrial and Residential, Earthing And Lightning Protection Equipment, Electrical Contractors, Electrical Contractors and Electricians, Electrical Engineers, Electrical-Plumbing and Sanitary Ware Repairs and Services, Electromechanical Contractors, Electromechanical Equipment, Explosion Control Equipment and Systems, Flow Meters, Fuel Handling Equipment, Instrumentation, Marine and Offshore Electrical and Electronic Eqpt and Services, MEP Contractors, Process Automation Solutions Read More",,04-2583122,https://www.uae-yellowpages.ae/listing-category/mep-contractors/?page=2,
Products & Services,"04-2583122 Products & Services Cable Laying Contractors, Calibration Services, Contractor General, Contractors Electromechanical, Contractors General Control Systems Industrial and Residential, Earthing And Lightning Protection Equipment, Electrical Contractors, Electrical Contractors and Electricians, Electrical Engineers, Electrical-Plumbing and Sanitary Ware Repairs and Services, Electromechanical Contractors, Electromechanical Equipment, Explosion Control Equipment and Systems, Flow Meters, Fuel Handling Equipment, Instrumentation, Marine and Offshore Electrical and Electronic Eqpt and Services, MEP Contractors, Process Automation Solutions Read More",,04-2583122,https://www.uae-yellowpages.ae/listing-category/mep-contractors/?page=2,
"Office 203, 2nd Floor, Saeed Nasser Al Junaibi Building, Tourist Club Area","White Arch General Contracting & Maintenance LLC more info Office 203, 2nd Floor, Saeed Nasser Al Junaibi Building, Tourist Club Area Abu Dhabi 27612 02-6437371 055-4645888 Products & Services AC Annual Maintenance, AC Contractors, AC Installation, AC Maintenance, AC Maintenance and Services AC Servicing, Air Conditioners Rental, Air Conditioning And Refrigeration, Air Conditioning Contractors, Air Conditioning Engineers Installation And Maintenance, Air Conditioning Equipment And Systems Repairs And Maintenance, Air Conditioning Services, Amc Annual Maintenance Contracts, Chilled Water Systems, Chiller Installation, Chiller Overhauls and Maintenance, Chillers, Civil Engineering Contractors, Contractors Electromechanical, Contractors General, Direct Expansion Cooling Systems, Electrical Contractors, Electrical Contractors and Electricians, Electromechanical, Electromechanical Engineers and Consultants, Facilities Management, Facility Management Services, HVAC, HVAC and AMC Contract, HVAC Company, HVAC Contractors, Hvac System Services, MEP Contractors, MEP Works, Offshore Construction, Oilfield Contractors, Painters and Painting Contractors, Plumbing and Sanitary Contractors, Refrigeration Contractors, Refrigeration Contractors and Maintenance, Ultra Violet Light Installation, Variable Refrigerant Flow Cooling Systems, VRF Services Read More Maps Images Send Enquiry",Abu Dhabi,02-6437371,https://www.uae-yellowpages.ae/listing-category/mep-contractors/?page=2,
Abu Dhabi 27612,Abu Dhabi 27612,Abu Dhabi,,https://www.uae-yellowpages.ae/listing-category/mep-contractors/?page=2,
02-6437371 055-4645888,"02-6437371 055-4645888 Products & Services AC Annual Maintenance, AC Contractors, AC Installation, AC Maintenance, AC Maintenance and Services AC Servicing, Air Conditioners Rental, Air Conditioning And Refrigeration, Air Conditioning Contractors, Air Conditioning Engineers Installation And Maintenance, Air Conditioning Equipment And Systems Repairs And Maintenance, Air Conditioning Services, Amc Annual Maintenance Contracts, Chilled Water Systems, Chiller Installation, Chiller Overhauls and Maintenance, Chillers, Civil Engineering Contractors, Contractors Electromechanical, Contractors General, Direct Expansion Cooling Systems, Electrical Contractors, Electrical Contractors and Electricians, Electromechanical, Electromechanical Engineers and Consultants, Facilities Management, Facility Management Services, HVAC, HVAC and AMC Contract, HVAC Company, HVAC Contractors, Hvac System Services, MEP Contractors, MEP Works, Offshore Construction, Oilfield Contractors, Painters and Painting Contractors, Plumbing and Sanitary Contractors, Refrigeration Contractors, Refrigeration Contractors and Maintenance, Ultra Violet Light Installation, Variable Refrigerant Flow Cooling Systems, VRF Services Read More",,02-6437371,https://www.uae-yellowpages.ae/listing-category/mep-contractors/?page=2,
Products & Services,"02-6437371 055-4645888 Products & Services AC Annual Maintenance, AC Contractors, AC Installation, AC Maintenance, AC Maintenance and Services AC Servicing, Air Conditioners Rental, Air Conditioning And Refrigeration, Air Conditioning Contractors, Air Conditioning Engineers Installation And Maintenance, Air Conditioning Equipment And Systems Repairs And Maintenance, Air Conditioning Services, Amc Annual Maintenance Contracts, Chilled Water Systems, Chiller Installation, Chiller Overhauls and Maintenance, Chillers, Civil Engineering Contractors, Contractors Electromechanical, Contractors General, Direct Expansion Cooling Systems, Electrical Contractors, Electrical Contractors and Electricians, Electromechanical, Electromechanical Engineers and Consultants, Facilities Management, Facility Management Services, HVAC, HVAC and AMC Contract, HVAC Company, HVAC Contractors, Hvac System Services, MEP Contractors, MEP Works, Offshore Construction, Oilfield Contractors, Painters and Painting Contractors, Plumbing and Sanitary Contractors, Refrigeration Contractors, Refrigeration Contractors and Maintenance, Ultra Violet Light Installation, Variable Refrigerant Flow Cooling Systems, VRF Services Read More",,02-6437371,https://www.uae-yellowpages.ae/listing-category/mep-contractors/?page=2,
"Office 204, Happy Textile Building, Al Dhafra Dental Clinic, Hamdan Street","Uptown Technical Services LLC more info Office 204, Happy Textile Building, Al Dhafra Dental Clinic, Hamdan Street Abu Dhabi 112808 02-6394336 056-6777552 02-6394339 Products & Services Aluminum and Glass, Carpenters and Joiners, Carpentry, Civil Engineering Contractors, Commercial Interior Designers Construction Companies, Contractor General, Contractors Turnkey Projects, Electromechanical, Electromechanical Contractors, Fitout Contractors, Fitouts, General Contractors, Glass Partitions, Indoor & Outdoor Sign Manufacturer, Interior Decoration, Interior Decorators, Interior Decorators And Designers, Interior Design, Interior Design and Execution, Interior Design Company, Interior Design Services, Interior Designer, Interior Designers, Interior Designers and Consultants, Interior Designers and Contracting, Interior Designers and Decorators, Interior Designers and Fitouts, Interior Designers Contractors, Interior Designing, Interior Designing Services, Interiors, MEP Contracting, MEP Contractors, Office Fitout, Office Furniture, Oilfield Contractors, Oilfield Contractors & Services, Painting, Partitions, Renovation Companies, Renovation Contractors, Retail Contractor, Retail Renovation, Road Contractors, Turnkey Projects Read More Maps Images Send Enquiry",Abu Dhabi,02-6394336,https://www.uae-yellowpages.ae/listing-category/mep-contractors/?page=2,
Abu Dhabi 112808,Abu Dhabi 112808,Abu Dhabi,,https://www.uae-yellowpages.ae/listing-category/mep-contractors/?page=2,
02-6394336 056-6777552 02-6394339,"02-6394336 056-6777552 02-6394339 Products & Services Aluminum and Glass, Carpenters and Joiners, Carpentry, Civil Engineering Contractors, Commercial Interior Designers Construction Companies, Contractor General, Contractors Turnkey Projects, Electromechanical, Electromechanical Contractors, Fitout Contractors, Fitouts, General Contractors, Glass Partitions, Indoor & Outdoor Sign Manufacturer, Interior Decoration, Interior Decorators, Interior Decorators And Designers, Interior Design, Interior Design and Execution, Interior Design Company, Interior Design Services, Interior Designer, Interior Designers, Interior Designers and Consultants, Interior Designers and Contracting, Interior Designers and Decorators, Interior Designers and Fitouts, Interior Designers Contractors, Interior Designing, Interior Designing Services, Interiors, MEP Contracting, MEP Contractors, Office Fitout, Office Furniture, Oilfield Contractors, Oilfield Contractors & Services, Painting, Partitions, Renovation Companies, Renovation Contractors, Retail Contractor, Retail Renovation, Road Contractors, Turnkey Projects Read More",,02-6394336,https://www.uae-yellowpages.ae/listing-category/mep-contractors/?page=2,
Products & Services,"02-6394336 056-6777552 02-6394339 Products & Services Aluminum and Glass, Carpenters and Joiners, Carpentry, Civil Engineering Contractors, Commercial Interior Designers Construction Companies, Contractor General, Contractors Turnkey Projects, Electromechanical, Electromechanical Contractors, Fitout Contractors, Fitouts, General Contractors, Glass Partitions, Indoor & Outdoor Sign Manufacturer, Interior Decoration, Interior Decorators, Interior Decorators And Designers, Interior Design, Interior Design and Execution, Interior Design Company, Interior Design Services, Interior Designer, Interior Designers, Interior Designers and Consultants, Interior Designers and Contracting, Interior Designers and Decorators, Interior Designers and Fitouts, Interior Designers Contractors, Interior Designing, Interior Designing Services, Interiors, MEP Contracting, MEP Contractors, Office Fitout, Office Furniture, Oilfield Contractors, Oilfield Contractors & Services, Painting, Partitions, Renovation Companies, Renovation Contractors, Retail Contractor, Retail Renovation, Road Contractors, Turnkey Projects Read More",,02-6394336,https://www.uae-yellowpages.ae/listing-category/mep-contractors/?page=2,
"Warehouse 4, High Bay Building, Silicon Oasis","Makstylo Interiors LLC more info Warehouse 4, High Bay Building, Silicon Oasis Dubai 341449 04-3332388 055-1987813 04-3332385 Products & Services Acoustic Contractors, Contractors Electromechanical, Contractors Turnkey Projects, Doors, Fire Rated Doors Fitouts, Furniture Designers and Custom Builders, Interior Decorators, Interior Designers and Consultants, Interiors, Joinery, MEP Contractors Read More Map Images Send Enquiry",Dubai,04-3332388,https://www.uae-yellowpages.ae/listing-category/mep-contractors/?page=2,
Dubai 341449,Dubai 341449,Dubai,,https://www.uae-yellowpages.ae/listing-category/mep-contractors/?page=2,
04-3332388 055-1987813 04-3332385,"04-3332388 055-1987813 04-3332385 Products & Services Acoustic Contractors, Contractors Electromechanical, Contractors Turnkey Projects, Doors, Fire Rated Doors Fitouts, Furniture Designers and Custom Builders, Interior Decorators, Interior Designers and Consultants, Interiors, Joinery, MEP Contractors Read More",,04-3332388,https://www.uae-yellowpages.ae/listing-category/mep-contractors/?page=2,
Products & Services,"04-3332388 055-1987813 04-3332385 Products & Services Acoustic Contractors, Contractors Electromechanical, Contractors Turnkey Projects, Doors, Fire Rated Doors Fitouts, Furniture Designers and Custom Builders, Interior Decorators, Interior Designers and Consultants, Interiors, Joinery, MEP Contractors Read More",,04-3332388,https://www.uae-yellowpages.ae/listing-category/mep-contractors/?page=2,
"Warehouse 4, 26th Street, Al Quoz Industrial Area 4","Keletron Electromechanical Works LLC more info Warehouse 4, 26th Street, Al Quoz Industrial Area 4 Dubai 63245 04-3332185 052-2473124 050-6404610 Products & Services AC Installation, Air Conditioning Contractors, DEWA Additional Load Approval, DEWA Approval, Dewa Approved Contractors DEWA Approved Electrical Contractor, DEWA Fitout Approval, Electrical Contractors, Electrical Maintenance, Electrical Works, Electrical-Plumbing and Sanitary Ware Repairs and Services, Electromechanical Contractors, HVAC Contractors, MEP Contractors, Plumbing Contractors, Plumbing Works Read More Map Send Enquiry",Dubai,04-3332185,https://www.uae-yellowpages.ae/listing-category/mep-contractors/?page=2,
Dubai 63245,Dubai 63245,Dubai,,https://www.uae-yellowpages.ae/listing-category/mep-contractors/?page=2,
04-3332185 052-2473124 050-6404610,"04-3332185 052-2473124 050-6404610 Products & Services AC Installation, Air Conditioning Contractors, DEWA Additional Load Approval, DEWA Approval, Dewa Approved Contractors DEWA Approved Electrical Contractor, DEWA Fitout Approval, Electrical Contractors, Electrical Maintenance, Electrical Works, Electrical-Plumbing and Sanitary Ware Repairs and Services, Electromechanical Contractors, HVAC Contractors, MEP Contractors, Plumbing Contractors, Plumbing Works Read More",,04-3332185,https://www.uae-yellowpages.ae/listing-category/mep-contractors/?page=2,
Products & Services,"04-3332185 052-2473124 050-6404610 Products & Services AC Installation, Air Conditioning Contractors, DEWA Additional Load Approval, DEWA Approval, Dewa Approved Contractors DEWA Approved Electrical Contractor, DEWA Fitout Approval, Electrical Contractors, Electrical Maintenance, Electrical Works, Electrical-Plumbing and Sanitary Ware Repairs and Services, Electromechanical Contractors, HVAC Contractors, MEP Contractors, Plumbing Contractors, Plumbing Works Read More",,04-3332185,https://www.uae-yellowpages.ae/listing-category/mep-contractors/?page=2,
"6-202, Plot No:108-0, Ewart Holding Bldg, Al Quoz-3","Focus Tech LLC more info 6-202, Plot No:108-0, Ewart Holding Bldg, Al Quoz-3 Dubai 38101 04-2682784 056-1129311 Products & Services Civil Engineering Contractors, Infrastructure Management, MEP Contractors Send Enquiry",Dubai,04-2682784,https://www.uae-yellowpages.ae/listing-category/mep-contractors/?page=2,
Dubai 38101,Dubai 38101,Dubai,,https://www.uae-yellowpages.ae/listing-category/mep-contractors/?page=2,
04-2682784 056-1129311,"04-2682784 056-1129311 Products & Services Civil Engineering Contractors, Infrastructure Management, MEP Contractors",,04-2682784,https://www.uae-yellowpages.ae/listing-category/mep-contractors/?page=2,
Products & Services,"04-2682784 056-1129311 Products & Services Civil Engineering Contractors, Infrastructure Management, MEP Contractors",,04-2682784,https://www.uae-yellowpages.ae/listing-category/mep-contractors/?page=2,
"127, Ascon House, Deira","Imperial Power Electromechanical Works LLC more info 127, Ascon House, Deira Dubai 455726 056-1774531 056-1774522 Products & Services Acoustic Solutions, Air Conditioning Contractors, Air Conditioning Engineers Installation And Maintenance, Aluminium and Glass Works, Carpentry And Joinery Electrical Contractors, Facility Management, Fitout Contractors, Housekeeping Services, Interior Decorators, MEP Contractors Read More Send Enquiry",Dubai,056-1774531,https://www.uae-yellowpages.ae/listing-category/mep-contractors/?page=2,
Dubai 455726,Dubai 455726,Dubai,,https://www.uae-yellowpages.ae/listing-category/mep-contractors/?page=2,
056-1774531 056-1774522,"056-1774531 056-1774522 Products & Services Acoustic Solutions, Air Conditioning Contractors, Air Conditioning Engineers Installation And Maintenance, Aluminium and Glass Works, Carpentry And Joinery Electrical Contractors, Facility Management, Fitout Contractors, Housekeeping Services, Interior Decorators, MEP Contractors Read More",,056-1774531,https://www.uae-yellowpages.ae/listing-category/mep-contractors/?page=2,
Products & Services,"056-1774531 056-1774522 Products & Services Acoustic Solutions, Air Conditioning Contractors, Air Conditioning Engineers Installation And Maintenance, Aluminium and Glass Works, Carpentry And Joinery Electrical Contractors, Facility Management, Fitout Contractors, Housekeeping Services, Interior Decorators, MEP Contractors Read More",,056-1774531,https://www.uae-yellowpages.ae/listing-category/mep-contractors/?page=2,
"708, Lake Central Tower, Marasi Dr, Business Bay","J Walt Interiors and Contracting LLC more info 708, Lake Central Tower, Marasi Dr, Business Bay Dubai 390675 80059258 052-8246069 Products & Services Fitout Contractors, Interior Decorators, MEP Contractors Send Enquiry",Dubai,052-8246069,https://www.uae-yellowpages.ae/listing-category/mep-contractors/?page=2,
Dubai 390675,Dubai 390675,Dubai,,https://www.uae-yellowpages.ae/listing-category/mep-contractors/?page=2,
80059258 052-8246069,"80059258 052-8246069 Products & Services Fitout Contractors, Interior Decorators, MEP Contractors",,052-8246069,https://www.uae-yellowpages.ae/listing-category/mep-contractors/?page=2,
Products & Services,"80059258 052-8246069 Products & Services Fitout Contractors, Interior Decorators, MEP Contractors",,052-8246069,https://www.uae-yellowpages.ae/listing-category/mep-contractors/?page=2,
"Warehouse No 73, Opp Emirates Printing Press, 24 B St, Industrial Area 2, Al Quoz","Dunex Technical Services LLC more info Warehouse No 73, Opp Emirates Printing Press, 24 B St, Industrial Area 2, Al Quoz Dubai 391312 04-3315656 054-5813262 054-5813261 Products & Services AC Contractors, AC Installation, Air Conditioning Engineers Installation And Maintenance, Air Conditioning Work, Contractors Electromechanical HVAC, HVAC Contractors, HVAC Works, MEP Contractors Read More Send Enquiry",Dubai,04-3315656,https://www.uae-yellowpages.ae/listing-category/mep-contractors/?page=2,
Dubai 391312,Dubai 391312,Dubai,,https://www.uae-yellowpages.ae/listing-category/mep-contractors/?page=2,
04-3315656 054-5813262 054-5813261,"04-3315656 054-5813262 054-5813261 Products & Services AC Contractors, AC Installation, Air Conditioning Engineers Installation And Maintenance, Air Conditioning Work, Contractors Electromechanical HVAC, HVAC Contractors, HVAC Works, MEP Contractors Read More",,04-3315656,https://www.uae-yellowpages.ae/listing-category/mep-contractors/?page=2,
Products & Services,"04-3315656 054-5813262 054-5813261 Products & Services AC Contractors, AC Installation, Air Conditioning Engineers Installation And Maintenance, Air Conditioning Work, Contractors Electromechanical HVAC, HVAC Contractors, HVAC Works, MEP Contractors Read More",,04-3315656,https://www.uae-yellowpages.ae/listing-category/mep-contractors/?page=2,
"1203, Opal Tower, Business Bay","Design Motives more info 1203, Opal Tower, Business Bay Dubai 37743 04-5531081 055-1217842 04-5531058 Products & Services Air Conditioning Contractors, Aluminium Fabricators and Glass Suppliers, Building Contracting, Building Maintenance-Repairs and Restoration, Interior Decoration Interior Decorators, Interior Designers and Consultants, Joinery, Joinery Furniture, MEP Contractors, Office Fitout Contractor, Turnkey Projects Read More Map Images Send Enquiry",Dubai,04-5531081,https://www.uae-yellowpages.ae/listing-category/mep-contractors/?page=2,
Dubai 37743,Dubai 37743,Dubai,,https://www.uae-yellowpages.ae/listing-category/mep-contractors/?page=2,
04-5531081 055-1217842 04-5531058,"04-5531081 055-1217842 04-5531058 Products & Services Air Conditioning Contractors, Aluminium Fabricators and Glass Suppliers, Building Contracting, Building Maintenance-Repairs and Restoration, Interior Decoration Interior Decorators, Interior Designers and Consultants, Joinery, Joinery Furniture, MEP Contractors, Office Fitout Contractor, Turnkey Projects Read More",,04-5531081,https://www.uae-yellowpages.ae/listing-category/mep-contractors/?page=2,
Products & Services,"04-5531081 055-1217842 04-5531058 Products & Services Air Conditioning Contractors, Aluminium Fabricators and Glass Suppliers, Building Contracting, Building Maintenance-Repairs and Restoration, Interior Decoration Interior Decorators, Interior Designers and Consultants, Joinery, Joinery Furniture, MEP Contractors, Office Fitout Contractor, Turnkey Projects Read More",,04-5531081,https://www.uae-yellowpages.ae/listing-category/mep-contractors/?page=2,
"Warehouse 2, Behind Al Habtoor Warehouse, Al Qusais Indl Area 3","Design Mart Contracting LLC more info Warehouse 2, Behind Al Habtoor Warehouse, Al Qusais Indl Area 3 Dubai 04-2561903 Products & Services Carpenters and Joiners, Clinic Interiors, Customized Furniture, Design and Build, Exhibition Stands Exhibition Stands Designers And Manufacturers, False Ceiling, Fitout Company, Fitout Consultants, Fitout Contractors, Fitouts, Food and Beverage Turnkey Contractors, Gypsum Interior Decorators, Hospital Interiors, Interior Consultants, Interior Contractors, Interior Decoration, Interior Decorators, Interior Decorators And Designers, Interior Designers, Interior Fitouts, Kiosks, Kitchen Cabinets, MEP Contractors, Office Chairs, Office Furniture, Office Interiors, Office Modification, Partitions, Restaurant Interiors, Shop Fitouts Read More Map Images Send Enquiry",Dubai,04-2561903,https://www.uae-yellowpages.ae/listing-category/mep-contractors/?page=2,
Dubai,Dubai,Dubai,,https://www.uae-yellowpages.ae/listing-category/mep-contractors/?page=2,
04-2561903,"04-2561903 Products & Services Carpenters and Joiners, Clinic Interiors, Customized Furniture, Design and Build, Exhibition Stands Exhibition Stands Designers And Manufacturers, False Ceiling, Fitout Company, Fitout Consultants, Fitout Contractors, Fitouts, Food and Beverage Turnkey Contractors, Gypsum Interior Decorators, Hospital Interiors, Interior Consultants, Interior Contractors, Interior Decoration, Interior Decorators, Interior Decorators And Designers, Interior Designers, Interior Fitouts, Kiosks, Kitchen Cabinets, MEP Contractors, Office Chairs, Office Furniture, Office Interiors, Office Modification, Partitions, Restaurant Interiors, Shop Fitouts Read More",,04-2561903,https://www.uae-yellowpages.ae/listing-category/mep-contractors/?page=2,
Products & Services,"04-2561903 Products & Services Carpenters and Joiners, Clinic Interiors, Customized Furniture, Design and Build, Exhibition Stands Exhibition Stands Designers And Manufacturers, False Ceiling, Fitout Company, Fitout Consultants, Fitout Contractors, Fitouts, Food and Beverage Turnkey Contractors, Gypsum Interior Decorators, Hospital Interiors, Interior Consultants, Interior Contractors, Interior Decoration, Interior Decorators, Interior Decorators And Designers, Interior Designers, Interior Fitouts, Kiosks, Kitchen Cabinets, MEP Contractors, Office Chairs, Office Furniture, Office Interiors, Office Modification, Partitions, Restaurant Interiors, Shop Fitouts Read More",,04-2561903,https://www.uae-yellowpages.ae/listing-category/mep-contractors/?page=2,
"1001, 10th Floor, The Binary By Omniyat, Business Bay","Design Concepts International more info 1001, 10th Floor, The Binary By Omniyat, Business Bay Dubai 24465 04-2400993 04-4357573 Products & Services Architectural Consultants, Civil Engineers, Interior Designers, Interior Designers and Consultants, Landscaping Contractors MEP Contractors, Project Management, Structural Engineering Read More Map Send Enquiry",Dubai,04-2400993,https://www.uae-yellowpages.ae/listing-category/mep-contractors/?page=2,
Dubai 24465,Dubai 24465,Dubai,,https://www.uae-yellowpages.ae/listing-category/mep-contractors/?page=2,
04-2400993 04-4357573,"04-2400993 04-4357573 Products & Services Architectural Consultants, Civil Engineers, Interior Designers, Interior Designers and Consultants, Landscaping Contractors MEP Contractors, Project Management, Structural Engineering Read More",,04-2400993,https://www.uae-yellowpages.ae/listing-category/mep-contractors/?page=2,
Products & Services,"04-2400993 04-4357573 Products & Services Architectural Consultants, Civil Engineers, Interior Designers, Interior Designers and Consultants, Landscaping Contractors MEP Contractors, Project Management, Structural Engineering Read More",,04-2400993,https://www.uae-yellowpages.ae/listing-category/mep-contractors/?page=2,
Ras Al Khor,"Al Kharbash Facilities Management more info Ras Al Khor Dubai 31311 04-3338733 04-3200356 Products & Services Building Cleaning, Building Maintenance-Repairs and Restoration, Cleaning and Janitorial Services, Facilities Management, General Maintenance MEP Contractors, Security Guard Read More Map Images Send Enquiry",Dubai,04-3338733,https://www.uae-yellowpages.ae/listing-category/mep-contractors/?page=2,
Dubai 31311,Dubai 31311,Dubai,,https://www.uae-yellowpages.ae/listing-category/mep-contractors/?page=2,
04-3338733 04-3200356,"04-3338733 04-3200356 Products & Services Building Cleaning, Building Maintenance-Repairs and Restoration, Cleaning and Janitorial Services, Facilities Management, General Maintenance MEP Contractors, Security Guard Read More",,04-3338733,https://www.uae-yellowpages.ae/listing-category/mep-contractors/?page=2,
Products & Services,"04-3338733 04-3200356 Products & Services Building Cleaning, Building Maintenance-Repairs and Restoration, Cleaning and Janitorial Services, Facilities Management, General Maintenance MEP Contractors, Security Guard Read More",,04-3338733,https://www.uae-yellowpages.ae/listing-category/mep-contractors/?page=2,
Dubai 1589,Dubai 1589,Dubai,,https://www.uae-yellowpages.ae/listing-category/mep-contractors/?page=2,
04-2344457 04-2344458,"04-2344457 04-2344458 Products & Services MEP Contractors, Warehousing Services",,04-2344457,https://www.uae-yellowpages.ae/listing-category/mep-contractors/?page=2,
Products & Services,"04-2344457 04-2344458 Products & Services MEP Contractors, Warehousing Services",,04-2344457,https://www.uae-yellowpages.ae/listing-category/mep-contractors/?page=2,
Dip 1,"Bin Dasmal Contracting more info Dip 1 Dubai 5389 04-8067676 04-8067677 Products & Services Air Conditioning Engineers Installation And Maintenance, Air Conditioning Equipment And Systems Repairs And Maintenance, Air Conditioning Services, HVAC, MEP Contractors MEP Maintenance, MEP Services, MEP Works Read More Map Images Send Enquiry",Dubai,04-8067676,https://www.uae-yellowpages.ae/listing-category/mep-contractors/?page=2,
Dubai 5389,Dubai 5389,Dubai,,https://www.uae-yellowpages.ae/listing-category/mep-contractors/?page=2,
04-8067676 04-8067677,"04-8067676 04-8067677 Products & Services Air Conditioning Engineers Installation And Maintenance, Air Conditioning Equipment And Systems Repairs And Maintenance, Air Conditioning Services, HVAC, MEP Contractors MEP Maintenance, MEP Services, MEP Works Read More",,04-8067676,https://www.uae-yellowpages.ae/listing-category/mep-contractors/?page=2,
Products & Services,"04-8067676 04-8067677 Products & Services Air Conditioning Engineers Installation And Maintenance, Air Conditioning Equipment And Systems Repairs And Maintenance, Air Conditioning Services, HVAC, MEP Contractors MEP Maintenance, MEP Services, MEP Works Read More",,04-8067676,https://www.uae-yellowpages.ae/listing-category/mep-contractors/?page=2,
"Office 304, Garhoud Star","Al Ikhaa Contracting LLC more info Office 304, Garhoud Star Dubai 251680 04-3471516 04-3471786 Products & Services Annual Maintenance Contracts, Building Contractors, Construction Companies, Contractor General, Design And Build Contracting Facilities Management, Fire Alarm Installation, Fire Fighting Installation, Fitout Contractors, Interior Decorators, MEP Contractors, Steel Buildings, Steel Construction, Steel Fabrication and Erection, Turnkey Projects, Villa Contractors, Warehouse Construction Read More Map Images Send Enquiry",Dubai,04-3471516,https://www.uae-yellowpages.ae/listing-category/mep-contractors/?page=2,
Dubai 251680,Dubai 251680,Dubai,,https://www.uae-yellowpages.ae/listing-category/mep-contractors/?page=2,
04-3471516 04-3471786,"04-3471516 04-3471786 Products & Services Annual Maintenance Contracts, Building Contractors, Construction Companies, Contractor General, Design And Build Contracting Facilities Management, Fire Alarm Installation, Fire Fighting Installation, Fitout Contractors, Interior Decorators, MEP Contractors, Steel Buildings, Steel Construction, Steel Fabrication and Erection, Turnkey Projects, Villa Contractors, Warehouse Construction Read More",,04-3471516,https://www.uae-yellowpages.ae/listing-category/mep-contractors/?page=2,
Products & Services,"04-3471516 04-3471786 Products & Services Annual Maintenance Contracts, Building Contractors, Construction Companies, Contractor General, Design And Build Contracting Facilities Management, Fire Alarm Installation, Fire Fighting Installation, Fitout Contractors, Interior Decorators, MEP Contractors, Steel Buildings, Steel Construction, Steel Fabrication and Erection, Turnkey Projects, Villa Contractors, Warehouse Construction Read More",,04-3471516,https://www.uae-yellowpages.ae/listing-category/mep-contractors/?page=2,
"Al Awir 800, Dubai - Hatta Road (E44)","Al Naboodah Group Enterprises more info Al Awir 800, Dubai - Hatta Road (E44) Dubai 1200 04-2948888 04-2948988 Products & Services Agricultural, Automotive, Building, Building Contractors, Civil Engineering Civil Engineering Contractors, Electrical, Fitouts, Heavy Equipment, Logistics, MEP, MEP Contractors, Transportation, Travel Agents Read More Map Send Enquiry",Dubai,04-2948888,https://www.uae-yellowpages.ae/listing-category/mep-contractors/?page=2,
Dubai 1200,Dubai 1200,Dubai,,https://www.uae-yellowpages.ae/listing-category/mep-contractors/?page=2,
04-2948888 04-2948988,"04-2948888 04-2948988 Products & Services Agricultural, Automotive, Building, Building Contractors, Civil Engineering Civil Engineering Contractors, Electrical, Fitouts, Heavy Equipment, Logistics, MEP, MEP Contractors, Transportation, Travel Agents Read More",,04-2948888,https://www.uae-yellowpages.ae/listing-category/mep-contractors/?page=2,
Products & Services,"04-2948888 04-2948988 Products & Services Agricultural, Automotive, Building, Building Contractors, Civil Engineering Civil Engineering Contractors, Electrical, Fitouts, Heavy Equipment, Logistics, MEP, MEP Contractors, Transportation, Travel Agents Read More",,04-2948888,https://www.uae-yellowpages.ae/listing-category/mep-contractors/?page=2,
Al Awir,"Al Naboodah Construction Group more info Al Awir Dubai 33900 04-2948777 04-2948833 Products & Services Asphalt, Building Contractors, Civil Engineering, Civil Engineering Companies, Concrete Construction Companies, Facilities Management, MEP Contractors, Plant and Machinery Read More Map Send Enquiry",Dubai,04-2948777,https://www.uae-yellowpages.ae/listing-category/mep-contractors/?page=2,
Dubai 33900,Dubai 33900,Dubai,,https://www.uae-yellowpages.ae/listing-category/mep-contractors/?page=2,
04-2948777 04-2948833,"04-2948777 04-2948833 Products & Services Asphalt, Building Contractors, Civil Engineering, Civil Engineering Companies, Concrete Construction Companies, Facilities Management, MEP Contractors, Plant and Machinery Read More",,04-2948777,https://www.uae-yellowpages.ae/listing-category/mep-contractors/?page=2,
Products & Services,"04-2948777 04-2948833 Products & Services Asphalt, Building Contractors, Civil Engineering, Civil Engineering Companies, Concrete Construction Companies, Facilities Management, MEP Contractors, Plant and Machinery Read More",,04-2948777,https://www.uae-yellowpages.ae/listing-category/mep-contractors/?page=2,
"B1002, Belrasheed Towers, Al Qusais","Smart Elite Group more info B1002, Belrasheed Towers, Al Qusais Dubai 04-2220333 Products & Services Computer Supplies, MEP Contractors, Technical Services Send Enquiry",Dubai,04-2220333,https://www.uae-yellowpages.ae/listing-category/mep-contractors/?page=2,
Dubai,Dubai,Dubai,,https://www.uae-yellowpages.ae/listing-category/mep-contractors/?page=2,
04-2220333,"04-2220333 Products & Services Computer Supplies, MEP Contractors, Technical Services",,04-2220333,https://www.uae-yellowpages.ae/listing-category/mep-contractors/?page=2,
Products & Services,"04-2220333 Products & Services Computer Supplies, MEP Contractors, Technical Services",,04-2220333,https://www.uae-yellowpages.ae/listing-category/mep-contractors/?page=2,
"Office 202, Fahad Building 4, Damascus Street, Al Qusais","Sashma Contracting LLC more info Office 202, Fahad Building 4, Damascus Street, Al Qusais Dubai 19079 04-2360401 052-2701144 Products & Services IT Solutions, MEP Contractors, Steel Fabricators and Engineers Send Enquiry",Dubai,04-2360401,https://www.uae-yellowpages.ae/listing-category/mep-contractors/?page=2,
Dubai 19079,Dubai 19079,Dubai,,https://www.uae-yellowpages.ae/listing-category/mep-contractors/?page=2,
04-2360401 052-2701144,"04-2360401 052-2701144 Products & Services IT Solutions, MEP Contractors, Steel Fabricators and Engineers",,04-2360401,https://www.uae-yellowpages.ae/listing-category/mep-contractors/?page=2,
Products & Services,"04-2360401 052-2701144 Products & Services IT Solutions, MEP Contractors, Steel Fabricators and Engineers",,04-2360401,https://www.uae-yellowpages.ae/listing-category/mep-contractors/?page=2,
"W/H 37 B, Opp Jotun Paints, Al Quoz Indl Area 2","San Paul Electro Mechanical Works LLC more info W/H 37 B, Opp Jotun Paints, Al Quoz Indl Area 2 Dubai 115217 04-3808813 04-3808812 Products & Services Electrical Contractors and Electricians, Fitouts, MEP Contractors, Painting, Plumbing Map Send Enquiry",Dubai,04-3808813,https://www.uae-yellowpages.ae/listing-category/mep-contractors/?page=2,
Dubai 115217,Dubai 115217,Dubai,,https://www.uae-yellowpages.ae/listing-category/mep-contractors/?page=2,
04-3808813 04-3808812,"04-3808813 04-3808812 Products & Services Electrical Contractors and Electricians, Fitouts, MEP Contractors, Painting, Plumbing",,04-3808813,https://www.uae-yellowpages.ae/listing-category/mep-contractors/?page=2,
Products & Services,"04-3808813 04-3808812 Products & Services Electrical Contractors and Electricians, Fitouts, MEP Contractors, Painting, Plumbing",,04-3808813,https://www.uae-yellowpages.ae/listing-category/mep-contractors/?page=2,
"Near Jotun Paints, Al Quoz 2","Sinas Interior more info Near Jotun Paints, Al Quoz 2 Dubai 2952 04-3393231 04-3393231 Products & Services Carpenters and Joiners, Carpet Contractors, Contractors Turnkey Projects, Fitout Contractors, Fitouts Interior Decorators, Interior Designers and Consultants, Joinery, MEP Contractors, Office Fitout, Turnkey Projects Read More Map Images Send Enquiry",Dubai,04-3393231,https://www.uae-yellowpages.ae/listing-category/mep-contractors/?page=2,
Dubai 2952,Dubai 2952,Dubai,,https://www.uae-yellowpages.ae/listing-category/mep-contractors/?page=2,
04-3393231 04-3393231,"04-3393231 04-3393231 Products & Services Carpenters and Joiners, Carpet Contractors, Contractors Turnkey Projects, Fitout Contractors, Fitouts Interior Decorators, Interior Designers and Consultants, Joinery, MEP Contractors, Office Fitout, Turnkey Projects Read More",,04-3393231,https://www.uae-yellowpages.ae/listing-category/mep-contractors/?page=2,
Products & Services,"04-3393231 04-3393231 Products & Services Carpenters and Joiners, Carpet Contractors, Contractors Turnkey Projects, Fitout Contractors, Fitouts Interior Decorators, Interior Designers and Consultants, Joinery, MEP Contractors, Office Fitout, Turnkey Projects Read More",,04-3393231,https://www.uae-yellowpages.ae/listing-category/mep-contractors/?page=2,
"Indl Area 2, Al Quoz","Sultan Al Joakar Technical Services LLC more info Indl Area 2, Al Quoz Dubai 23624 04-3477613 050-6535291 04-3404860 Products & Services Electrical Contractors, Electrical Contractors and Electricians, Electromechanical Engineers and Consultants, MEP Contractors, MEP Works Oilfield Contractors and Services, Pipeline Contractors, Plumbing and Sanitary Contractors, Steel Fabricators, Steel Fabricators and Engineers, Technical Services Read More Map Send Enquiry",Dubai,04-3477613,https://www.uae-yellowpages.ae/listing-category/mep-contractors/?page=2,
Dubai 23624,Dubai 23624,Dubai,,https://www.uae-yellowpages.ae/listing-category/mep-contractors/?page=2,
04-3477613 050-6535291 04-3404860,"04-3477613 050-6535291 04-3404860 Products & Services Electrical Contractors, Electrical Contractors and Electricians, Electromechanical Engineers and Consultants, MEP Contractors, MEP Works Oilfield Contractors and Services, Pipeline Contractors, Plumbing and Sanitary Contractors, Steel Fabricators, Steel Fabricators and Engineers, Technical Services Read More",,04-3477613,https://www.uae-yellowpages.ae/listing-category/mep-contractors/?page=2,
Products & Services,"04-3477613 050-6535291 04-3404860 Products & Services Electrical Contractors, Electrical Contractors and Electricians, Electromechanical Engineers and Consultants, MEP Contractors, MEP Works Oilfield Contractors and Services, Pipeline Contractors, Plumbing and Sanitary Contractors, Steel Fabricators, Steel Fabricators and Engineers, Technical Services Read More",,04-3477613,https://www.uae-yellowpages.ae/listing-category/mep-contractors/?page=2,
"Damascus St, Al Qusais","Power Access Electromechanical Works more info Damascus St, Al Qusais Dubai 251891 04-2640300 055-2577555 04-2640301 Products & Services Contractors Electromechanical, MEP Contractors, Plumbing and Sanitary Contractors Send Enquiry",Dubai,04-2640300,https://www.uae-yellowpages.ae/listing-category/mep-contractors/?page=2,
Dubai 251891,Dubai 251891,Dubai,,https://www.uae-yellowpages.ae/listing-category/mep-contractors/?page=2,
04-2640300 055-2577555 04-2640301,"04-2640300 055-2577555 04-2640301 Products & Services Contractors Electromechanical, MEP Contractors, Plumbing and Sanitary Contractors",,04-2640300,https://www.uae-yellowpages.ae/listing-category/mep-contractors/?page=2,
Products & Services,"04-2640300 055-2577555 04-2640301 Products & Services Contractors Electromechanical, MEP Contractors, Plumbing and Sanitary Contractors",,04-2640300,https://www.uae-yellowpages.ae/listing-category/mep-contractors/?page=2,
"M13, Dar Almaha Building, Near Abu Hail Metro Station, Abu Hail, Deira","Mohammed Aber Technical Services LLC more info M13, Dar Almaha Building, Near Abu Hail Metro Station, Abu Hail, Deira Dubai 95613 04-2209109 050-2777318 056-2777318 Products & Services Air Conditioning Engineers Installation And Maintenance, False Ceiling, MEP Contractors, Painting Contracting, Partitions Technical Services Read More Map Images Send Enquiry",Dubai,04-2209109,https://www.uae-yellowpages.ae/listing-category/mep-contractors/?page=2,
Dubai 95613,Dubai 95613,Dubai,,https://www.uae-yellowpages.ae/listing-category/mep-contractors/?page=2,
04-2209109 050-2777318 056-2777318,"04-2209109 050-2777318 056-2777318 Products & Services Air Conditioning Engineers Installation And Maintenance, False Ceiling, MEP Contractors, Painting Contracting, Partitions Technical Services Read More",,04-2209109,https://www.uae-yellowpages.ae/listing-category/mep-contractors/?page=2,
Products & Services,"04-2209109 050-2777318 056-2777318 Products & Services Air Conditioning Engineers Installation And Maintenance, False Ceiling, MEP Contractors, Painting Contracting, Partitions Technical Services Read More",,04-2209109,https://www.uae-yellowpages.ae/listing-category/mep-contractors/?page=2,
"Office 857, 8th Floor, Al Gaith Tower, Near Lulu Express, Hamdan Street","Stylish Advanced Decor more info Office 857, 8th Floor, Al Gaith Tower, Near Lulu Express, Hamdan Street Abu Dhabi 108744 02-5089124 050-5121868 Products & Services 3D Visualization, AC Contractors, AC Maintenance, Aluminium and Glass Works, Architectural Design Authority Approvals, Bathroom Renovation, Carpentry, Carpet Flooring, Commercial Kitchen, Commercial Space Design and Fitouts, Decoration Works, Electromechanical Contractors, Exhibition Stands, False Ceiling, Fire Rated Doors, Fitout Contractors, Flooring, Glass Doors, Glass Partition Works, Glass Partitions, Glass Works, Gypsum Decoration, Gypsum Decoration Works, Gypsum Interior Decorators, Gypsum Partition, HVAC Contractors, Interior Decorators, Interior Decorators And Designers, Interior Fitouts, Joinery, Kiosks, Kitchen Cabinets, Mashrabiya Pattern, MEP Contractors, Office Fitout, Office Modification, Office Renovation, Parquet Flooring, Partitions, Renovation Companies, Restaurant Decoration, Restaurant Fitouts, Restaurant Interiors, Tiles Fixing, Turnkey Projects, Villa Renovation, Wooden Cladding, Wooden Doors Read More Map Images Send Enquiry",Abu Dhabi,02-5089124,https://www.uae-yellowpages.ae/listing-category/mep-contractors/?page=2,
Abu Dhabi 108744,Abu Dhabi 108744,Abu Dhabi,,https://www.uae-yellowpages.ae/listing-category/mep-contractors/?page=2,
02-5089124 050-5121868,"02-5089124 050-5121868 Products & Services 3D Visualization, AC Contractors, AC Maintenance, Aluminium and Glass Works, Architectural Design Authority Approvals, Bathroom Renovation, Carpentry, Carpet Flooring, Commercial Kitchen, Commercial Space Design and Fitouts, Decoration Works, Electromechanical Contractors, Exhibition Stands, False Ceiling, Fire Rated Doors, Fitout Contractors, Flooring, Glass Doors, Glass Partition Works, Glass Partitions, Glass Works, Gypsum Decoration, Gypsum Decoration Works, Gypsum Interior Decorators, Gypsum Partition, HVAC Contractors, Interior Decorators, Interior Decorators And Designers, Interior Fitouts, Joinery, Kiosks, Kitchen Cabinets, Mashrabiya Pattern, MEP Contractors, Office Fitout, Office Modification, Office Renovation, Parquet Flooring, Partitions, Renovation Companies, Restaurant Decoration, Restaurant Fitouts, Restaurant Interiors, Tiles Fixing, Turnkey Projects, Villa Renovation, Wooden Cladding, Wooden Doors Read More",,02-5089124,https://www.uae-yellowpages.ae/listing-category/mep-contractors/?page=2,
Products & Services,"02-5089124 050-5121868 Products & Services 3D Visualization, AC Contractors, AC Maintenance, Aluminium and Glass Works, Architectural Design Authority Approvals, Bathroom Renovation, Carpentry, Carpet Flooring, Commercial Kitchen, Commercial Space Design and Fitouts, Decoration Works, Electromechanical Contractors, Exhibition Stands, False Ceiling, Fire Rated Doors, Fitout Contractors, Flooring, Glass Doors, Glass Partition Works, Glass Partitions, Glass Works, Gypsum Decoration, Gypsum Decoration Works, Gypsum Interior Decorators, Gypsum Partition, HVAC Contractors, Interior Decorators, Interior Decorators And Designers, Interior Fitouts, Joinery, Kiosks, Kitchen Cabinets, Mashrabiya Pattern, MEP Contractors, Office Fitout, Office Modification, Office Renovation, Parquet Flooring, Partitions, Renovation Companies, Restaurant Decoration, Restaurant Fitouts, Restaurant Interiors, Tiles Fixing, Turnkey Projects, Villa Renovation, Wooden Cladding, Wooden Doors Read More",,02-5089124,https://www.uae-yellowpages.ae/listing-category/mep-contractors/?page=2,
"M-11, Mussafah","High Bright Air Condition and General Maintenance more info M-11, Mussafah Abu Dhabi 055-4021782 Products & Services AC Maintenance, Air Conditioning Contractors, Air Conditioning Ducting Grills And Diffusers, Air Conditioning Equipment And Systems Repairs And Maintenance, Air Conditioning Equipment Suppliers Building Maintenance, Chilled Water Pipes Installation, Electrical Works, FCU Installation, General Maintenance, Heat Exchangers Installation, HVAC Annual Maintenance, HVAC Contractors, Hvac System Services, MEP Contractors, Plumbing Works Read More Images Send Enquiry",Abu Dhabi,055-4021782,https://www.uae-yellowpages.ae/listing-category/mep-contractors/?page=2,
Abu Dhabi,Abu Dhabi,Abu Dhabi,,https://www.uae-yellowpages.ae/listing-category/mep-contractors/?page=2,
055-4021782,"055-4021782 Products & Services AC Maintenance, Air Conditioning Contractors, Air Conditioning Ducting Grills And Diffusers, Air Conditioning Equipment And Systems Repairs And Maintenance, Air Conditioning Equipment Suppliers Building Maintenance, Chilled Water Pipes Installation, Electrical Works, FCU Installation, General Maintenance, Heat Exchangers Installation, HVAC Annual Maintenance, HVAC Contractors, Hvac System Services, MEP Contractors, Plumbing Works Read More",,055-4021782,https://www.uae-yellowpages.ae/listing-category/mep-contractors/?page=2,
Products & Services,"055-4021782 Products & Services AC Maintenance, Air Conditioning Contractors, Air Conditioning Ducting Grills And Diffusers, Air Conditioning Equipment And Systems Repairs And Maintenance, Air Conditioning Equipment Suppliers Building Maintenance, Chilled Water Pipes Installation, Electrical Works, FCU Installation, General Maintenance, Heat Exchangers Installation, HVAC Annual Maintenance, HVAC Contractors, Hvac System Services, MEP Contractors, Plumbing Works Read More",,055-4021782,https://www.uae-yellowpages.ae/listing-category/mep-contractors/?page=2,
Hamdan Street,"Mars Maintenance and Cleaning Services more info Hamdan Street Abu Dhabi 47479 02-6794190 050-6228169 Products & Services Building Cleaning, Building Maintenance, Cleaning Services, General Maintenance, Maid Services MEP Contractors, Tanks Cleaning Read More Send Enquiry",Abu Dhabi,02-6794190,https://www.uae-yellowpages.ae/listing-category/mep-contractors/?page=2,
Abu Dhabi 47479,Abu Dhabi 47479,Abu Dhabi,,https://www.uae-yellowpages.ae/listing-category/mep-contractors/?page=2,
02-6794190 050-6228169,"02-6794190 050-6228169 Products & Services Building Cleaning, Building Maintenance, Cleaning Services, General Maintenance, Maid Services MEP Contractors, Tanks Cleaning Read More",,02-6794190,https://www.uae-yellowpages.ae/listing-category/mep-contractors/?page=2,
Products & Services,"02-6794190 050-6228169 Products & Services Building Cleaning, Building Maintenance, Cleaning Services, General Maintenance, Maid Services MEP Contractors, Tanks Cleaning Read More",,02-6794190,https://www.uae-yellowpages.ae/listing-category/mep-contractors/?page=2,
"M-02, Building C-71, Shabia-10, Mussafah","Vigor Electromechanical LLC more info M-02, Building C-71, Shabia-10, Mussafah Abu Dhabi 110963 02-6225482 052-1413338 02-6225483 Products & Services Contractors Electromechanical, Design and Drafting, Electrical Contractors, Electrical Contractors and Electricians, Electromechanical Electromechanical Engineers and Consultants, Marine Contractors, Mechanical Contractors, MEP Contractors, Plumbing and Sanitary Contractors, Plumbing Systems, Testing and Commissioning Read More Map Send Enquiry",Abu Dhabi,02-6225482,https://www.uae-yellowpages.ae/listing-category/mep-contractors/?page=2,
Abu Dhabi 110963,Abu Dhabi 110963,Abu Dhabi,,https://www.uae-yellowpages.ae/listing-category/mep-contractors/?page=2,
02-6225482 052-1413338 02-6225483,"02-6225482 052-1413338 02-6225483 Products & Services Contractors Electromechanical, Design and Drafting, Electrical Contractors, Electrical Contractors and Electricians, Electromechanical Electromechanical Engineers and Consultants, Marine Contractors, Mechanical Contractors, MEP Contractors, Plumbing and Sanitary Contractors, Plumbing Systems, Testing and Commissioning Read More",,02-6225482,https://www.uae-yellowpages.ae/listing-category/mep-contractors/?page=2,
Products & Services,"02-6225482 052-1413338 02-6225483 Products & Services Contractors Electromechanical, Design and Drafting, Electrical Contractors, Electrical Contractors and Electricians, Electromechanical Electromechanical Engineers and Consultants, Marine Contractors, Mechanical Contractors, MEP Contractors, Plumbing and Sanitary Contractors, Plumbing Systems, Testing and Commissioning Read More",,02-6225482,https://www.uae-yellowpages.ae/listing-category/mep-contractors/?page=2,
Advertise With Us,Advertise With Us,,,https://www.uae-yellowpages.ae/listing-category/mep-contractors/?page=2,
"Office 112, Mohammed Saleh Mohammed Bin Lahej Building, Near Belhasa Driving Centre, Ras Al Khor","Pink City Group of Companies more info Office 112, Mohammed Saleh Mohammed Bin Lahej Building, Near Belhasa Driving Centre, Ras Al Khor Dubai 77826 04-2595949 054-7863463 056-4880400 Products & Services Chain link Fencing PVC Coated, Dewa Approved Contractors, Fence Posts and Fittings, Fence Suppliers, Fencing Fencing Company, Fencing Contractors, Fencing Manufacturers, Fencing Panels, Fencing Suppliers, Fencing Suppliers And Contractors, Fencing Wires, HVAC Contractors, MEP Contractors, Ministry Fencing, Municipality Fencing Read More Maps Images Website Send Enquiry",Dubai,04-2595949,https://www.uae-yellowpages.ae/listing-category/mep-contractors/?page=3,
Dubai 77826,Dubai 77826,Dubai,,https://www.uae-yellowpages.ae/listing-category/mep-contractors/?page=3,
04-2595949 054-7863463 056-4880400,"04-2595949 054-7863463 056-4880400 Products & Services Chain link Fencing PVC Coated, Dewa Approved Contractors, Fence Posts and Fittings, Fence Suppliers, Fencing Fencing Company, Fencing Contractors, Fencing Manufacturers, Fencing Panels, Fencing Suppliers, Fencing Suppliers And Contractors, Fencing Wires, HVAC Contractors, MEP Contractors, Ministry Fencing, Municipality Fencing Read More",,04-2595949,https://www.uae-yellowpages.ae/listing-category/mep-contractors/?page=3,
Products & Services,"04-2595949 054-7863463 056-4880400 Products & Services Chain link Fencing PVC Coated, Dewa Approved Contractors, Fence Posts and Fittings, Fence Suppliers, Fencing Fencing Company, Fencing Contractors, Fencing Manufacturers, Fencing Panels, Fencing Suppliers, Fencing Suppliers And Contractors, Fencing Wires, HVAC Contractors, MEP Contractors, Ministry Fencing, Municipality Fencing Read More",,04-2595949,https://www.uae-yellowpages.ae/listing-category/mep-contractors/?page=3,
Al Qusais Industrial Area 1,"A C M E Electromechanical Works LLC more info Al Qusais Industrial Area 1 Dubai 120656 04-2583122 Products & Services Cable Laying Contractors, Calibration Services, Contractor General, Contractors Electromechanical, Contractors General Control Systems Industrial and Residential, Earthing And Lightning Protection Equipment, Electrical Contractors, Electrical Contractors and Electricians, Electrical Engineers, Electrical-Plumbing and Sanitary Ware Repairs and Services, Electromechanical Contractors, Electromechanical Equipment, Explosion Control Equipment and Systems, Flow Meters, Fuel Handling Equipment, Instrumentation, Marine and Offshore Electrical and Electronic Eqpt and Services, MEP Contractors, Process Automation Solutions Read More Maps Images Website Send Enquiry",Dubai,04-2583122,https://www.uae-yellowpages.ae/listing-category/mep-contractors/?page=3,
Dubai 120656,Dubai 120656,Dubai,,https://www.uae-yellowpages.ae/listing-category/mep-contractors/?page=3,
04-2583122,"04-2583122 Products & Services Cable Laying Contractors, Calibration Services, Contractor General, Contractors Electromechanical, Contractors General Control Systems Industrial and Residential, Earthing And Lightning Protection Equipment, Electrical Contractors, Electrical Contractors and Electricians, Electrical Engineers, Electrical-Plumbing and Sanitary Ware Repairs and Services, Electromechanical Contractors, Electromechanical Equipment, Explosion Control Equipment and Systems, Flow Meters, Fuel Handling Equipment, Instrumentation, Marine and Offshore Electrical and Electronic Eqpt and Services, MEP Contractors, Process Automation Solutions Read More",,04-2583122,https://www.uae-yellowpages.ae/listing-category/mep-contractors/?page=3,
Products & Services,"04-2583122 Products & Services Cable Laying Contractors, Calibration Services, Contractor General, Contractors Electromechanical, Contractors General Control Systems Industrial and Residential, Earthing And Lightning Protection Equipment, Electrical Contractors, Electrical Contractors and Electricians, Electrical Engineers, Electrical-Plumbing and Sanitary Ware Repairs and Services, Electromechanical Contractors, Electromechanical Equipment, Explosion Control Equipment and Systems, Flow Meters, Fuel Handling Equipment, Instrumentation, Marine and Offshore Electrical and Electronic Eqpt and Services, MEP Contractors, Process Automation Solutions Read More",,04-2583122,https://www.uae-yellowpages.ae/listing-category/mep-contractors/?page=3,
"Office 203, 2nd Floor, Saeed Nasser Al Junaibi Building, Tourist Club Area","White Arch General Contracting & Maintenance LLC more info Office 203, 2nd Floor, Saeed Nasser Al Junaibi Building, Tourist Club Area Abu Dhabi 27612 02-6437371 055-4645888 Products & Services AC Annual Maintenance, AC Contractors, AC Installation, AC Maintenance, AC Maintenance and Services AC Servicing, Air Conditioners Rental, Air Conditioning And Refrigeration, Air Conditioning Contractors, Air Conditioning Engineers Installation And Maintenance, Air Conditioning Equipment And Systems Repairs And Maintenance, Air Conditioning Services, Amc Annual Maintenance Contracts, Chilled Water Systems, Chiller Installation, Chiller Overhauls and Maintenance, Chillers, Civil Engineering Contractors, Contractors Electromechanical, Contractors General, Direct Expansion Cooling Systems, Electrical Contractors, Electrical Contractors and Electricians, Electromechanical, Electromechanical Engineers and Consultants, Facilities Management, Facility Management Services, HVAC, HVAC and AMC Contract, HVAC Company, HVAC Contractors, Hvac System Services, MEP Contractors, MEP Works, Offshore Construction, Oilfield Contractors, Painters and Painting Contractors, Plumbing and Sanitary Contractors, Refrigeration Contractors, Refrigeration Contractors and Maintenance, Ultra Violet Light Installation, Variable Refrigerant Flow Cooling Systems, VRF Services Read More Maps Images Send Enquiry",Abu Dhabi,02-6437371,https://www.uae-yellowpages.ae/listing-category/mep-contractors/?page=3,
Abu Dhabi 27612,Abu Dhabi 27612,Abu Dhabi,,https://www.uae-yellowpages.ae/listing-category/mep-contractors/?page=3,
02-6437371 055-4645888,"02-6437371 055-4645888 Products & Services AC Annual Maintenance, AC Contractors, AC Installation, AC Maintenance, AC Maintenance and Services AC Servicing, Air Conditioners Rental, Air Conditioning And Refrigeration, Air Conditioning Contractors, Air Conditioning Engineers Installation And Maintenance, Air Conditioning Equipment And Systems Repairs And Maintenance, Air Conditioning Services, Amc Annual Maintenance Contracts, Chilled Water Systems, Chiller Installation, Chiller Overhauls and Maintenance, Chillers, Civil Engineering Contractors, Contractors Electromechanical, Contractors General, Direct Expansion Cooling Systems, Electrical Contractors, Electrical Contractors and Electricians, Electromechanical, Electromechanical Engineers and Consultants, Facilities Management, Facility Management Services, HVAC, HVAC and AMC Contract, HVAC Company, HVAC Contractors, Hvac System Services, MEP Contractors, MEP Works, Offshore Construction, Oilfield Contractors, Painters and Painting Contractors, Plumbing and Sanitary Contractors, Refrigeration Contractors, Refrigeration Contractors and Maintenance, Ultra Violet Light Installation, Variable Refrigerant Flow Cooling Systems, VRF Services Read More",,02-6437371,https://www.uae-yellowpages.ae/listing-category/mep-contractors/?page=3,
Products & Services,"02-6437371 055-4645888 Products & Services AC Annual Maintenance, AC Contractors, AC Installation, AC Maintenance, AC Maintenance and Services AC Servicing, Air Conditioners Rental, Air Conditioning And Refrigeration, Air Conditioning Contractors, Air Conditioning Engineers Installation And Maintenance, Air Conditioning Equipment And Systems Repairs And Maintenance, Air Conditioning Services, Amc Annual Maintenance Contracts, Chilled Water Systems, Chiller Installation, Chiller Overhauls and Maintenance, Chillers, Civil Engineering Contractors, Contractors Electromechanical, Contractors General, Direct Expansion Cooling Systems, Electrical Contractors, Electrical Contractors and Electricians, Electromechanical, Electromechanical Engineers and Consultants, Facilities Management, Facility Management Services, HVAC, HVAC and AMC Contract, HVAC Company, HVAC Contractors, Hvac System Services, MEP Contractors, MEP Works, Offshore Construction, Oilfield Contractors, Painters and Painting Contractors, Plumbing and Sanitary Contractors, Refrigeration Contractors, Refrigeration Contractors and Maintenance, Ultra Violet Light Installation, Variable Refrigerant Flow Cooling Systems, VRF Services Read More",,02-6437371,https://www.uae-yellowpages.ae/listing-category/mep-contractors/?page=3,
"Office 204, Happy Textile Building, Al Dhafra Dental Clinic, Hamdan Street","Uptown Technical Services LLC more info Office 204, Happy Textile Building, Al Dhafra Dental Clinic, Hamdan Street Abu Dhabi 112808 02-6394336 056-6777552 02-6394339 Products & Services Aluminum and Glass, Carpenters and Joiners, Carpentry, Civil Engineering Contractors, Commercial Interior Designers Construction Companies, Contractor General, Contractors Turnkey Projects, Electromechanical, Electromechanical Contractors, Fitout Contractors, Fitouts, General Contractors, Glass Partitions, Indoor & Outdoor Sign Manufacturer, Interior Decoration, Interior Decorators, Interior Decorators And Designers, Interior Design, Interior Design and Execution, Interior Design Company, Interior Design Services, Interior Designer, Interior Designers, Interior Designers and Consultants, Interior Designers and Contracting, Interior Designers and Decorators, Interior Designers and Fitouts, Interior Designers Contractors, Interior Designing, Interior Designing Services, Interiors, MEP Contracting, MEP Contractors, Office Fitout, Office Furniture, Oilfield Contractors, Oilfield Contractors & Services, Painting, Partitions, Renovation Companies, Renovation Contractors, Retail Contractor, Retail Renovation, Road Contractors, Turnkey Projects Read More Maps Images Send Enquiry",Abu Dhabi,02-6394336,https://www.uae-yellowpages.ae/listing-category/mep-contractors/?page=3,
Abu Dhabi 112808,Abu Dhabi 112808,Abu Dhabi,,https://www.uae-yellowpages.ae/listing-category/mep-contractors/?page=3,
02-6394336 056-6777552 02-6394339,"02-6394336 056-6777552 02-6394339 Products & Services Aluminum and Glass, Carpenters and Joiners, Carpentry, Civil Engineering Contractors, Commercial Interior Designers Construction Companies, Contractor General, Contractors Turnkey Projects, Electromechanical, Electromechanical Contractors, Fitout Contractors, Fitouts, General Contractors, Glass Partitions, Indoor & Outdoor Sign Manufacturer, Interior Decoration, Interior Decorators, Interior Decorators And Designers, Interior Design, Interior Design and Execution, Interior Design Company, Interior Design Services, Interior Designer, Interior Designers, Interior Designers and Consultants, Interior Designers and Contracting, Interior Designers and Decorators, Interior Designers and Fitouts, Interior Designers Contractors, Interior Designing, Interior Designing Services, Interiors, MEP Contracting, MEP Contractors, Office Fitout, Office Furniture, Oilfield Contractors, Oilfield Contractors & Services, Painting, Partitions, Renovation Companies, Renovation Contractors, Retail Contractor, Retail Renovation, Road Contractors, Turnkey Projects Read More",,02-6394336,https://www.uae-yellowpages.ae/listing-category/mep-contractors/?page=3,
Products & Services,"02-6394336 056-6777552 02-6394339 Products & Services Aluminum and Glass, Carpenters and Joiners, Carpentry, Civil Engineering Contractors, Commercial Interior Designers Construction Companies, Contractor General, Contractors Turnkey Projects, Electromechanical, Electromechanical Contractors, Fitout Contractors, Fitouts, General Contractors, Glass Partitions, Indoor & Outdoor Sign Manufacturer, Interior Decoration, Interior Decorators, Interior Decorators And Designers, Interior Design, Interior Design and Execution, Interior Design Company, Interior Design Services, Interior Designer, Interior Designers, Interior Designers and Consultants, Interior Designers and Contracting, Interior Designers and Decorators, Interior Designers and Fitouts, Interior Designers Contractors, Interior Designing, Interior Designing Services, Interiors, MEP Contracting, MEP Contractors, Office Fitout, Office Furniture, Oilfield Contractors, Oilfield Contractors & Services, Painting, Partitions, Renovation Companies, Renovation Contractors, Retail Contractor, Retail Renovation, Road Contractors, Turnkey Projects Read More",,02-6394336,https://www.uae-yellowpages.ae/listing-category/mep-contractors/?page=3,
"Warehouse 4, High Bay Building, Silicon Oasis","Makstylo Interiors LLC more info Warehouse 4, High Bay Building, Silicon Oasis Dubai 341449 04-3332388 055-1987813 04-3332385 Products & Services Acoustic Contractors, Contractors Electromechanical, Contractors Turnkey Projects, Doors, Fire Rated Doors Fitouts, Furniture Designers and Custom Builders, Interior Decorators, Interior Designers and Consultants, Interiors, Joinery, MEP Contractors Read More Map Images Send Enquiry",Dubai,04-3332388,https://www.uae-yellowpages.ae/listing-category/mep-contractors/?page=3,
Dubai 341449,Dubai 341449,Dubai,,https://www.uae-yellowpages.ae/listing-category/mep-contractors/?page=3,
04-3332388 055-1987813 04-3332385,"04-3332388 055-1987813 04-3332385 Products & Services Acoustic Contractors, Contractors Electromechanical, Contractors Turnkey Projects, Doors, Fire Rated Doors Fitouts, Furniture Designers and Custom Builders, Interior Decorators, Interior Designers and Consultants, Interiors, Joinery, MEP Contractors Read More",,04-3332388,https://www.uae-yellowpages.ae/listing-category/mep-contractors/?page=3,
Products & Services,"04-3332388 055-1987813 04-3332385 Products & Services Acoustic Contractors, Contractors Electromechanical, Contractors Turnkey Projects, Doors, Fire Rated Doors Fitouts, Furniture Designers and Custom Builders, Interior Decorators, Interior Designers and Consultants, Interiors, Joinery, MEP Contractors Read More",,04-3332388,https://www.uae-yellowpages.ae/listing-category/mep-contractors/?page=3,
"Warehouse 4, 26th Street, Al Quoz Industrial Area 4","Keletron Electromechanical Works LLC more info Warehouse 4, 26th Street, Al Quoz Industrial Area 4 Dubai 63245 04-3332185 052-2473124 050-6404610 Products & Services AC Installation, Air Conditioning Contractors, DEWA Additional Load Approval, DEWA Approval, Dewa Approved Contractors DEWA Approved Electrical Contractor, DEWA Fitout Approval, Electrical Contractors, Electrical Maintenance, Electrical Works, Electrical-Plumbing and Sanitary Ware Repairs and Services, Electromechanical Contractors, HVAC Contractors, MEP Contractors, Plumbing Contractors, Plumbing Works Read More Map Send Enquiry",Dubai,04-3332185,https://www.uae-yellowpages.ae/listing-category/mep-contractors/?page=3,
Dubai 63245,Dubai 63245,Dubai,,https://www.uae-yellowpages.ae/listing-category/mep-contractors/?page=3,
04-3332185 052-2473124 050-6404610,"04-3332185 052-2473124 050-6404610 Products & Services AC Installation, Air Conditioning Contractors, DEWA Additional Load Approval, DEWA Approval, Dewa Approved Contractors DEWA Approved Electrical Contractor, DEWA Fitout Approval, Electrical Contractors, Electrical Maintenance, Electrical Works, Electrical-Plumbing and Sanitary Ware Repairs and Services, Electromechanical Contractors, HVAC Contractors, MEP Contractors, Plumbing Contractors, Plumbing Works Read More",,04-3332185,https://www.uae-yellowpages.ae/listing-category/mep-contractors/?page=3,
Products & Services,"04-3332185 052-2473124 050-6404610 Products & Services AC Installation, Air Conditioning Contractors, DEWA Additional Load Approval, DEWA Approval, Dewa Approved Contractors DEWA Approved Electrical Contractor, DEWA Fitout Approval, Electrical Contractors, Electrical Maintenance, Electrical Works, Electrical-Plumbing and Sanitary Ware Repairs and Services, Electromechanical Contractors, HVAC Contractors, MEP Contractors, Plumbing Contractors, Plumbing Works Read More",,04-3332185,https://www.uae-yellowpages.ae/listing-category/mep-contractors/?page=3,
"6-202, Plot No:108-0, Ewart Holding Bldg, Al Quoz-3","Focus Tech LLC more info 6-202, Plot No:108-0, Ewart Holding Bldg, Al Quoz-3 Dubai 38101 04-2682784 056-1129311 Products & Services Civil Engineering Contractors, Infrastructure Management, MEP Contractors Send Enquiry",Dubai,04-2682784,https://www.uae-yellowpages.ae/listing-category/mep-contractors/?page=3,
Dubai 38101,Dubai 38101,Dubai,,https://www.uae-yellowpages.ae/listing-category/mep-contractors/?page=3,
04-2682784 056-1129311,"04-2682784 056-1129311 Products & Services Civil Engineering Contractors, Infrastructure Management, MEP Contractors",,04-2682784,https://www.uae-yellowpages.ae/listing-category/mep-contractors/?page=3,
Products & Services,"04-2682784 056-1129311 Products & Services Civil Engineering Contractors, Infrastructure Management, MEP Contractors",,04-2682784,https://www.uae-yellowpages.ae/listing-category/mep-contractors/?page=3,
"127, Ascon House, Deira","Imperial Power Electromechanical Works LLC more info 127, Ascon House, Deira Dubai 455726 056-1774531 056-1774522 Products & Services Acoustic Solutions, Air Conditioning Contractors, Air Conditioning Engineers Installation And Maintenance, Aluminium and Glass Works, Carpentry And Joinery Electrical Contractors, Facility Management, Fitout Contractors, Housekeeping Services, Interior Decorators, MEP Contractors Read More Send Enquiry",Dubai,056-1774531,https://www.uae-yellowpages.ae/listing-category/mep-contractors/?page=3,
Dubai 455726,Dubai 455726,Dubai,,https://www.uae-yellowpages.ae/listing-category/mep-contractors/?page=3,
056-1774531 056-1774522,"056-1774531 056-1774522 Products & Services Acoustic Solutions, Air Conditioning Contractors, Air Conditioning Engineers Installation And Maintenance, Aluminium and Glass Works, Carpentry And Joinery Electrical Contractors, Facility Management, Fitout Contractors, Housekeeping Services, Interior Decorators, MEP Contractors Read More",,056-1774531,https://www.uae-yellowpages.ae/listing-category/mep-contractors/?page=3,
Products & Services,"056-1774531 056-1774522 Products & Services Acoustic Solutions, Air Conditioning Contractors, Air Conditioning Engineers Installation And Maintenance, Aluminium and Glass Works, Carpentry And Joinery Electrical Contractors, Facility Management, Fitout Contractors, Housekeeping Services, Interior Decorators, MEP Contractors Read More",,056-1774531,https://www.uae-yellowpages.ae/listing-category/mep-contractors/?page=3,
"708, Lake Central Tower, Marasi Dr, Business Bay","J Walt Interiors and Contracting LLC more info 708, Lake Central Tower, Marasi Dr, Business Bay Dubai 390675 80059258 052-8246069 Products & Services Fitout Contractors, Interior Decorators, MEP Contractors Send Enquiry",Dubai,052-8246069,https://www.uae-yellowpages.ae/listing-category/mep-contractors/?page=3,
Dubai 390675,Dubai 390675,Dubai,,https://www.uae-yellowpages.ae/listing-category/mep-contractors/?page=3,
80059258 052-8246069,"80059258 052-8246069 Products & Services Fitout Contractors, Interior Decorators, MEP Contractors",,052-8246069,https://www.uae-yellowpages.ae/listing-category/mep-contractors/?page=3,
Products & Services,"80059258 052-8246069 Products & Services Fitout Contractors, Interior Decorators, MEP Contractors",,052-8246069,https://www.uae-yellowpages.ae/listing-category/mep-contractors/?page=3,
"Warehouse No 73, Opp Emirates Printing Press, 24 B St, Industrial Area 2, Al Quoz","Dunex Technical Services LLC more info Warehouse No 73, Opp Emirates Printing Press, 24 B St, Industrial Area 2, Al Quoz Dubai 391312 04-3315656 054-5813262 054-5813261 Products & Services AC Contractors, AC Installation, Air Conditioning Engineers Installation And Maintenance, Air Conditioning Work, Contractors Electromechanical HVAC, HVAC Contractors, HVAC Works, MEP Contractors Read More Send Enquiry",Dubai,04-3315656,https://www.uae-yellowpages.ae/listing-category/mep-contractors/?page=3,
Dubai 391312,Dubai 391312,Dubai,,https://www.uae-yellowpages.ae/listing-category/mep-contractors/?page=3,
04-3315656 054-5813262 054-5813261,"04-3315656 054-5813262 054-5813261 Products & Services AC Contractors, AC Installation, Air Conditioning Engineers Installation And Maintenance, Air Conditioning Work, Contractors Electromechanical HVAC, HVAC Contractors, HVAC Works, MEP Contractors Read More",,04-3315656,https://www.uae-yellowpages.ae/listing-category/mep-contractors/?page=3,
Products & Services,"04-3315656 054-5813262 054-5813261 Products & Services AC Contractors, AC Installation, Air Conditioning Engineers Installation And Maintenance, Air Conditioning Work, Contractors Electromechanical HVAC, HVAC Contractors, HVAC Works, MEP Contractors Read More",,04-3315656,https://www.uae-yellowpages.ae/listing-category/mep-contractors/?page=3,
"1203, Opal Tower, Business Bay","Design Motives more info 1203, Opal Tower, Business Bay Dubai 37743 04-5531081 055-1217842 04-5531058 Products & Services Air Conditioning Contractors, Aluminium Fabricators and Glass Suppliers, Building Contracting, Building Maintenance-Repairs and Restoration, Interior Decoration Interior Decorators, Interior Designers and Consultants, Joinery, Joinery Furniture, MEP Contractors, Office Fitout Contractor, Turnkey Projects Read More Map Images Send Enquiry",Dubai,04-5531081,https://www.uae-yellowpages.ae/listing-category/mep-contractors/?page=3,
Dubai 37743,Dubai 37743,Dubai,,https://www.uae-yellowpages.ae/listing-category/mep-contractors/?page=3,
04-5531081 055-1217842 04-5531058,"04-5531081 055-1217842 04-5531058 Products & Services Air Conditioning Contractors, Aluminium Fabricators and Glass Suppliers, Building Contracting, Building Maintenance-Repairs and Restoration, Interior Decoration Interior Decorators, Interior Designers and Consultants, Joinery, Joinery Furniture, MEP Contractors, Office Fitout Contractor, Turnkey Projects Read More",,04-5531081,https://www.uae-yellowpages.ae/listing-category/mep-contractors/?page=3,
Products & Services,"04-5531081 055-1217842 04-5531058 Products & Services Air Conditioning Contractors, Aluminium Fabricators and Glass Suppliers, Building Contracting, Building Maintenance-Repairs and Restoration, Interior Decoration Interior Decorators, Interior Designers and Consultants, Joinery, Joinery Furniture, MEP Contractors, Office Fitout Contractor, Turnkey Projects Read More",,04-5531081,https://www.uae-yellowpages.ae/listing-category/mep-contractors/?page=3,
"Warehouse 2, Behind Al Habtoor Warehouse, Al Qusais Indl Area 3","Design Mart Contracting LLC more info Warehouse 2, Behind Al Habtoor Warehouse, Al Qusais Indl Area 3 Dubai 04-2561903 Products & Services Carpenters and Joiners, Clinic Interiors, Customized Furniture, Design and Build, Exhibition Stands Exhibition Stands Designers And Manufacturers, False Ceiling, Fitout Company, Fitout Consultants, Fitout Contractors, Fitouts, Food and Beverage Turnkey Contractors, Gypsum Interior Decorators, Hospital Interiors, Interior Consultants, Interior Contractors, Interior Decoration, Interior Decorators, Interior Decorators And Designers, Interior Designers, Interior Fitouts, Kiosks, Kitchen Cabinets, MEP Contractors, Office Chairs, Office Furniture, Office Interiors, Office Modification, Partitions, Restaurant Interiors, Shop Fitouts Read More Map Images Send Enquiry",Dubai,04-2561903,https://www.uae-yellowpages.ae/listing-category/mep-contractors/?page=3,
Dubai,Dubai,Dubai,,https://www.uae-yellowpages.ae/listing-category/mep-contractors/?page=3,
04-2561903,"04-2561903 Products & Services Carpenters and Joiners, Clinic Interiors, Customized Furniture, Design and Build, Exhibition Stands Exhibition Stands Designers And Manufacturers, False Ceiling, Fitout Company, Fitout Consultants, Fitout Contractors, Fitouts, Food and Beverage Turnkey Contractors, Gypsum Interior Decorators, Hospital Interiors, Interior Consultants, Interior Contractors, Interior Decoration, Interior Decorators, Interior Decorators And Designers, Interior Designers, Interior Fitouts, Kiosks, Kitchen Cabinets, MEP Contractors, Office Chairs, Office Furniture, Office Interiors, Office Modification, Partitions, Restaurant Interiors, Shop Fitouts Read More",,04-2561903,https://www.uae-yellowpages.ae/listing-category/mep-contractors/?page=3,
Products & Services,"04-2561903 Products & Services Carpenters and Joiners, Clinic Interiors, Customized Furniture, Design and Build, Exhibition Stands Exhibition Stands Designers And Manufacturers, False Ceiling, Fitout Company, Fitout Consultants, Fitout Contractors, Fitouts, Food and Beverage Turnkey Contractors, Gypsum Interior Decorators, Hospital Interiors, Interior Consultants, Interior Contractors, Interior Decoration, Interior Decorators, Interior Decorators And Designers, Interior Designers, Interior Fitouts, Kiosks, Kitchen Cabinets, MEP Contractors, Office Chairs, Office Furniture, Office Interiors, Office Modification, Partitions, Restaurant Interiors, Shop Fitouts Read More",,04-2561903,https://www.uae-yellowpages.ae/listing-category/mep-contractors/?page=3,
"1001, 10th Floor, The Binary By Omniyat, Business Bay","Design Concepts International more info 1001, 10th Floor, The Binary By Omniyat, Business Bay Dubai 24465 04-2400993 04-4357573 Products & Services Architectural Consultants, Civil Engineers, Interior Designers, Interior Designers and Consultants, Landscaping Contractors MEP Contractors, Project Management, Structural Engineering Read More Map Send Enquiry",Dubai,04-2400993,https://www.uae-yellowpages.ae/listing-category/mep-contractors/?page=3,
Dubai 24465,Dubai 24465,Dubai,,https://www.uae-yellowpages.ae/listing-category/mep-contractors/?page=3,
04-2400993 04-4357573,"04-2400993 04-4357573 Products & Services Architectural Consultants, Civil Engineers, Interior Designers, Interior Designers and Consultants, Landscaping Contractors MEP Contractors, Project Management, Structural Engineering Read More",,04-2400993,https://www.uae-yellowpages.ae/listing-category/mep-contractors/?page=3,
Products & Services,"04-2400993 04-4357573 Products & Services Architectural Consultants, Civil Engineers, Interior Designers, Interior Designers and Consultants, Landscaping Contractors MEP Contractors, Project Management, Structural Engineering Read More",,04-2400993,https://www.uae-yellowpages.ae/listing-category/mep-contractors/?page=3,
Ras Al Khor,"Al Kharbash Facilities Management more info Ras Al Khor Dubai 31311 04-3338733 04-3200356 Products & Services Building Cleaning, Building Maintenance-Repairs and Restoration, Cleaning and Janitorial Services, Facilities Management, General Maintenance MEP Contractors, Security Guard Read More Map Images Send Enquiry",Dubai,04-3338733,https://www.uae-yellowpages.ae/listing-category/mep-contractors/?page=3,
Dubai 31311,Dubai 31311,Dubai,,https://www.uae-yellowpages.ae/listing-category/mep-contractors/?page=3,
04-3338733 04-3200356,"04-3338733 04-3200356 Products & Services Building Cleaning, Building Maintenance-Repairs and Restoration, Cleaning and Janitorial Services, Facilities Management, General Maintenance MEP Contractors, Security Guard Read More",,04-3338733,https://www.uae-yellowpages.ae/listing-category/mep-contractors/?page=3,
Products & Services,"04-3338733 04-3200356 Products & Services Building Cleaning, Building Maintenance-Repairs and Restoration, Cleaning and Janitorial Services, Facilities Management, General Maintenance MEP Contractors, Security Guard Read More",,04-3338733,https://www.uae-yellowpages.ae/listing-category/mep-contractors/?page=3,
Dubai 1589,Dubai 1589,Dubai,,https://www.uae-yellowpages.ae/listing-category/mep-contractors/?page=3,
04-2344457 04-2344458,"04-2344457 04-2344458 Products & Services MEP Contractors, Warehousing Services",,04-2344457,https://www.uae-yellowpages.ae/listing-category/mep-contractors/?page=3,
Products & Services,"04-2344457 04-2344458 Products & Services MEP Contractors, Warehousing Services",,04-2344457,https://www.uae-yellowpages.ae/listing-category/mep-contractors/?page=3,
Dip 1,"Bin Dasmal Contracting more info Dip 1 Dubai 5389 04-8067676 04-8067677 Products & Services Air Conditioning Engineers Installation And Maintenance, Air Conditioning Equipment And Systems Repairs And Maintenance, Air Conditioning Services, HVAC, MEP Contractors MEP Maintenance, MEP Services, MEP Works Read More Map Images Send Enquiry",Dubai,04-8067676,https://www.uae-yellowpages.ae/listing-category/mep-contractors/?page=3,
Dubai 5389,Dubai 5389,Dubai,,https://www.uae-yellowpages.ae/listing-category/mep-contractors/?page=3,
04-8067676 04-8067677,"04-8067676 04-8067677 Products & Services Air Conditioning Engineers Installation And Maintenance, Air Conditioning Equipment And Systems Repairs And Maintenance, Air Conditioning Services, HVAC, MEP Contractors MEP Maintenance, MEP Services, MEP Works Read More",,04-8067676,https://www.uae-yellowpages.ae/listing-category/mep-contractors/?page=3,
Products & Services,"04-8067676 04-8067677 Products & Services Air Conditioning Engineers Installation And Maintenance, Air Conditioning Equipment And Systems Repairs And Maintenance, Air Conditioning Services, HVAC, MEP Contractors MEP Maintenance, MEP Services, MEP Works Read More",,04-8067676,https://www.uae-yellowpages.ae/listing-category/mep-contractors/?page=3,
"Office 304, Garhoud Star","Al Ikhaa Contracting LLC more info Office 304, Garhoud Star Dubai 251680 04-3471516 04-3471786 Products & Services Annual Maintenance Contracts, Building Contractors, Construction Companies, Contractor General, Design And Build Contracting Facilities Management, Fire Alarm Installation, Fire Fighting Installation, Fitout Contractors, Interior Decorators, MEP Contractors, Steel Buildings, Steel Construction, Steel Fabrication and Erection, Turnkey Projects, Villa Contractors, Warehouse Construction Read More Map Images Send Enquiry",Dubai,04-3471516,https://www.uae-yellowpages.ae/listing-category/mep-contractors/?page=3,
Dubai 251680,Dubai 251680,Dubai,,https://www.uae-yellowpages.ae/listing-category/mep-contractors/?page=3,
04-3471516 04-3471786,"04-3471516 04-3471786 Products & Services Annual Maintenance Contracts, Building Contractors, Construction Companies, Contractor General, Design And Build Contracting Facilities Management, Fire Alarm Installation, Fire Fighting Installation, Fitout Contractors, Interior Decorators, MEP Contractors, Steel Buildings, Steel Construction, Steel Fabrication and Erection, Turnkey Projects, Villa Contractors, Warehouse Construction Read More",,04-3471516,https://www.uae-yellowpages.ae/listing-category/mep-contractors/?page=3,
Products & Services,"04-3471516 04-3471786 Products & Services Annual Maintenance Contracts, Building Contractors, Construction Companies, Contractor General, Design And Build Contracting Facilities Management, Fire Alarm Installation, Fire Fighting Installation, Fitout Contractors, Interior Decorators, MEP Contractors, Steel Buildings, Steel Construction, Steel Fabrication and Erection, Turnkey Projects, Villa Contractors, Warehouse Construction Read More",,04-3471516,https://www.uae-yellowpages.ae/listing-category/mep-contractors/?page=3,
"Al Awir 800, Dubai - Hatta Road (E44)","Al Naboodah Group Enterprises more info Al Awir 800, Dubai - Hatta Road (E44) Dubai 1200 04-2948888 04-2948988 Products & Services Agricultural, Automotive, Building, Building Contractors, Civil Engineering Civil Engineering Contractors, Electrical, Fitouts, Heavy Equipment, Logistics, MEP, MEP Contractors, Transportation, Travel Agents Read More Map Send Enquiry",Dubai,04-2948888,https://www.uae-yellowpages.ae/listing-category/mep-contractors/?page=3,
Dubai 1200,Dubai 1200,Dubai,,https://www.uae-yellowpages.ae/listing-category/mep-contractors/?page=3,
04-2948888 04-2948988,"04-2948888 04-2948988 Products & Services Agricultural, Automotive, Building, Building Contractors, Civil Engineering Civil Engineering Contractors, Electrical, Fitouts, Heavy Equipment, Logistics, MEP, MEP Contractors, Transportation, Travel Agents Read More",,04-2948888,https://www.uae-yellowpages.ae/listing-category/mep-contractors/?page=3,
Products & Services,"04-2948888 04-2948988 Products & Services Agricultural, Automotive, Building, Building Contractors, Civil Engineering Civil Engineering Contractors, Electrical, Fitouts, Heavy Equipment, Logistics, MEP, MEP Contractors, Transportation, Travel Agents Read More",,04-2948888,https://www.uae-yellowpages.ae/listing-category/mep-contractors/?page=3,
Al Awir,"Al Naboodah Construction Group more info Al Awir Dubai 33900 04-2948777 04-2948833 Products & Services Asphalt, Building Contractors, Civil Engineering, Civil Engineering Companies, Concrete Construction Companies, Facilities Management, MEP Contractors, Plant and Machinery Read More Map Send Enquiry",Dubai,04-2948777,https://www.uae-yellowpages.ae/listing-category/mep-contractors/?page=3,
Dubai 33900,Dubai 33900,Dubai,,https://www.uae-yellowpages.ae/listing-category/mep-contractors/?page=3,
04-2948777 04-2948833,"04-2948777 04-2948833 Products & Services Asphalt, Building Contractors, Civil Engineering, Civil Engineering Companies, Concrete Construction Companies, Facilities Management, MEP Contractors, Plant and Machinery Read More",,04-2948777,https://www.uae-yellowpages.ae/listing-category/mep-contractors/?page=3,
Products & Services,"04-2948777 04-2948833 Products & Services Asphalt, Building Contractors, Civil Engineering, Civil Engineering Companies, Concrete Construction Companies, Facilities Management, MEP Contractors, Plant and Machinery Read More",,04-2948777,https://www.uae-yellowpages.ae/listing-category/mep-contractors/?page=3,
"B1002, Belrasheed Towers, Al Qusais","Smart Elite Group more info B1002, Belrasheed Towers, Al Qusais Dubai 04-2220333 Products & Services Computer Supplies, MEP Contractors, Technical Services Send Enquiry",Dubai,04-2220333,https://www.uae-yellowpages.ae/listing-category/mep-contractors/?page=3,
Dubai,Dubai,Dubai,,https://www.uae-yellowpages.ae/listing-category/mep-contractors/?page=3,
04-2220333,"04-2220333 Products & Services Computer Supplies, MEP Contractors, Technical Services",,04-2220333,https://www.uae-yellowpages.ae/listing-category/mep-contractors/?page=3,
Products & Services,"04-2220333 Products & Services Computer Supplies, MEP Contractors, Technical Services",,04-2220333,https://www.uae-yellowpages.ae/listing-category/mep-contractors/?page=3,
"Office 202, Fahad Building 4, Damascus Street, Al Qusais","Sashma Contracting LLC more info Office 202, Fahad Building 4, Damascus Street, Al Qusais Dubai 19079 04-2360401 052-2701144 Products & Services IT Solutions, MEP Contractors, Steel Fabricators and Engineers Send Enquiry",Dubai,04-2360401,https://www.uae-yellowpages.ae/listing-category/mep-contractors/?page=3,
Dubai 19079,Dubai 19079,Dubai,,https://www.uae-yellowpages.ae/listing-category/mep-contractors/?page=3,
04-2360401 052-2701144,"04-2360401 052-2701144 Products & Services IT Solutions, MEP Contractors, Steel Fabricators and Engineers",,04-2360401,https://www.uae-yellowpages.ae/listing-category/mep-contractors/?page=3,
Products & Services,"04-2360401 052-2701144 Products & Services IT Solutions, MEP Contractors, Steel Fabricators and Engineers",,04-2360401,https://www.uae-yellowpages.ae/listing-category/mep-contractors/?page=3,
"W/H 37 B, Opp Jotun Paints, Al Quoz Indl Area 2","San Paul Electro Mechanical Works LLC more info W/H 37 B, Opp Jotun Paints, Al Quoz Indl Area 2 Dubai 115217 04-3808813 04-3808812 Products & Services Electrical Contractors and Electricians, Fitouts, MEP Contractors, Painting, Plumbing Map Send Enquiry",Dubai,04-3808813,https://www.uae-yellowpages.ae/listing-category/mep-contractors/?page=3,
Dubai 115217,Dubai 115217,Dubai,,https://www.uae-yellowpages.ae/listing-category/mep-contractors/?page=3,
04-3808813 04-3808812,"04-3808813 04-3808812 Products & Services Electrical Contractors and Electricians, Fitouts, MEP Contractors, Painting, Plumbing",,04-3808813,https://www.uae-yellowpages.ae/listing-category/mep-contractors/?page=3,
Products & Services,"04-3808813 04-3808812 Products & Services Electrical Contractors and Electricians, Fitouts, MEP Contractors, Painting, Plumbing",,04-3808813,https://www.uae-yellowpages.ae/listing-category/mep-contractors/?page=3,
"Near Jotun Paints, Al Quoz 2","Sinas Interior more info Near Jotun Paints, Al Quoz 2 Dubai 2952 04-3393231 04-3393231 Products & Services Carpenters and Joiners, Carpet Contractors, Contractors Turnkey Projects, Fitout Contractors, Fitouts Interior Decorators, Interior Designers and Consultants, Joinery, MEP Contractors, Office Fitout, Turnkey Projects Read More Map Images Send Enquiry",Dubai,04-3393231,https://www.uae-yellowpages.ae/listing-category/mep-contractors/?page=3,
Dubai 2952,Dubai 2952,Dubai,,https://www.uae-yellowpages.ae/listing-category/mep-contractors/?page=3,
04-3393231 04-3393231,"04-3393231 04-3393231 Products & Services Carpenters and Joiners, Carpet Contractors, Contractors Turnkey Projects, Fitout Contractors, Fitouts Interior Decorators, Interior Designers and Consultants, Joinery, MEP Contractors, Office Fitout, Turnkey Projects Read More",,04-3393231,https://www.uae-yellowpages.ae/listing-category/mep-contractors/?page=3,
Products & Services,"04-3393231 04-3393231 Products & Services Carpenters and Joiners, Carpet Contractors, Contractors Turnkey Projects, Fitout Contractors, Fitouts Interior Decorators, Interior Designers and Consultants, Joinery, MEP Contractors, Office Fitout, Turnkey Projects Read More",,04-3393231,https://www.uae-yellowpages.ae/listing-category/mep-contractors/?page=3,
"Indl Area 2, Al Quoz","Sultan Al Joakar Technical Services LLC more info Indl Area 2, Al Quoz Dubai 23624 04-3477613 050-6535291 04-3404860 Products & Services Electrical Contractors, Electrical Contractors and Electricians, Electromechanical Engineers and Consultants, MEP Contractors, MEP Works Oilfield Contractors and Services, Pipeline Contractors, Plumbing and Sanitary Contractors, Steel Fabricators, Steel Fabricators and Engineers, Technical Services Read More Map Send Enquiry",Dubai,04-3477613,https://www.uae-yellowpages.ae/listing-category/mep-contractors/?page=3,
Dubai 23624,Dubai 23624,Dubai,,https://www.uae-yellowpages.ae/listing-category/mep-contractors/?page=3,
04-3477613 050-6535291 04-3404860,"04-3477613 050-6535291 04-3404860 Products & Services Electrical Contractors, Electrical Contractors and Electricians, Electromechanical Engineers and Consultants, MEP Contractors, MEP Works Oilfield Contractors and Services, Pipeline Contractors, Plumbing and Sanitary Contractors, Steel Fabricators, Steel Fabricators and Engineers, Technical Services Read More",,04-3477613,https://www.uae-yellowpages.ae/listing-category/mep-contractors/?page=3,
Products & Services,"04-3477613 050-6535291 04-3404860 Products & Services Electrical Contractors, Electrical Contractors and Electricians, Electromechanical Engineers and Consultants, MEP Contractors, MEP Works Oilfield Contractors and Services, Pipeline Contractors, Plumbing and Sanitary Contractors, Steel Fabricators, Steel Fabricators and Engineers, Technical Services Read More",,04-3477613,https://www.uae-yellowpages.ae/listing-category/mep-contractors/?page=3,
"Damascus St, Al Qusais","Power Access Electromechanical Works more info Damascus St, Al Qusais Dubai 251891 04-2640300 055-2577555 04-2640301 Products & Services Contractors Electromechanical, MEP Contractors, Plumbing and Sanitary Contractors Send Enquiry",Dubai,04-2640300,https://www.uae-yellowpages.ae/listing-category/mep-contractors/?page=3,
Dubai 251891,Dubai 251891,Dubai,,https://www.uae-yellowpages.ae/listing-category/mep-contractors/?page=3,
04-2640300 055-2577555 04-2640301,"04-2640300 055-2577555 04-2640301 Products & Services Contractors Electromechanical, MEP Contractors, Plumbing and Sanitary Contractors",,04-2640300,https://www.uae-yellowpages.ae/listing-category/mep-contractors/?page=3,
Products & Services,"04-2640300 055-2577555 04-2640301 Products & Services Contractors Electromechanical, MEP Contractors, Plumbing and Sanitary Contractors",,04-2640300,https://www.uae-yellowpages.ae/listing-category/mep-contractors/?page=3,
"M13, Dar Almaha Building, Near Abu Hail Metro Station, Abu Hail, Deira","Mohammed Aber Technical Services LLC more info M13, Dar Almaha Building, Near Abu Hail Metro Station, Abu Hail, Deira Dubai 95613 04-2209109 050-2777318 056-2777318 Products & Services Air Conditioning Engineers Installation And Maintenance, False Ceiling, MEP Contractors, Painting Contracting, Partitions Technical Services Read More Map Images Send Enquiry",Dubai,04-2209109,https://www.uae-yellowpages.ae/listing-category/mep-contractors/?page=3,
Dubai 95613,Dubai 95613,Dubai,,https://www.uae-yellowpages.ae/listing-category/mep-contractors/?page=3,
04-2209109 050-2777318 056-2777318,"04-2209109 050-2777318 056-2777318 Products & Services Air Conditioning Engineers Installation And Maintenance, False Ceiling, MEP Contractors, Painting Contracting, Partitions Technical Services Read More",,04-2209109,https://www.uae-yellowpages.ae/listing-category/mep-contractors/?page=3,
Products & Services,"04-2209109 050-2777318 056-2777318 Products & Services Air Conditioning Engineers Installation And Maintenance, False Ceiling, MEP Contractors, Painting Contracting, Partitions Technical Services Read More",,04-2209109,https://www.uae-yellowpages.ae/listing-category/mep-contractors/?page=3,
"Office 857, 8th Floor, Al Gaith Tower, Near Lulu Express, Hamdan Street","Stylish Advanced Decor more info Office 857, 8th Floor, Al Gaith Tower, Near Lulu Express, Hamdan Street Abu Dhabi 108744 02-5089124 050-5121868 Products & Services 3D Visualization, AC Contractors, AC Maintenance, Aluminium and Glass Works, Architectural Design Authority Approvals, Bathroom Renovation, Carpentry, Carpet Flooring, Commercial Kitchen, Commercial Space Design and Fitouts, Decoration Works, Electromechanical Contractors, Exhibition Stands, False Ceiling, Fire Rated Doors, Fitout Contractors, Flooring, Glass Doors, Glass Partition Works, Glass Partitions, Glass Works, Gypsum Decoration, Gypsum Decoration Works, Gypsum Interior Decorators, Gypsum Partition, HVAC Contractors, Interior Decorators, Interior Decorators And Designers, Interior Fitouts, Joinery, Kiosks, Kitchen Cabinets, Mashrabiya Pattern, MEP Contractors, Office Fitout, Office Modification, Office Renovation, Parquet Flooring, Partitions, Renovation Companies, Restaurant Decoration, Restaurant Fitouts, Restaurant Interiors, Tiles Fixing, Turnkey Projects, Villa Renovation, Wooden Cladding, Wooden Doors Read More Map Images Send Enquiry",Abu Dhabi,02-5089124,https://www.uae-yellowpages.ae/listing-category/mep-contractors/?page=3,
Abu Dhabi 108744,Abu Dhabi 108744,Abu Dhabi,,https://www.uae-yellowpages.ae/listing-category/mep-contractors/?page=3,
02-5089124 050-5121868,"02-5089124 050-5121868 Products & Services 3D Visualization, AC Contractors, AC Maintenance, Aluminium and Glass Works, Architectural Design Authority Approvals, Bathroom Renovation, Carpentry, Carpet Flooring, Commercial Kitchen, Commercial Space Design and Fitouts, Decoration Works, Electromechanical Contractors, Exhibition Stands, False Ceiling, Fire Rated Doors, Fitout Contractors, Flooring, Glass Doors, Glass Partition Works, Glass Partitions, Glass Works, Gypsum Decoration, Gypsum Decoration Works, Gypsum Interior Decorators, Gypsum Partition, HVAC Contractors, Interior Decorators, Interior Decorators And Designers, Interior Fitouts, Joinery, Kiosks, Kitchen Cabinets, Mashrabiya Pattern, MEP Contractors, Office Fitout, Office Modification, Office Renovation, Parquet Flooring, Partitions, Renovation Companies, Restaurant Decoration, Restaurant Fitouts, Restaurant Interiors, Tiles Fixing, Turnkey Projects, Villa Renovation, Wooden Cladding, Wooden Doors Read More",,02-5089124,https://www.uae-yellowpages.ae/listing-category/mep-contractors/?page=3,
Products & Services,"02-5089124 050-5121868 Products & Services 3D Visualization, AC Contractors, AC Maintenance, Aluminium and Glass Works, Architectural Design Authority Approvals, Bathroom Renovation, Carpentry, Carpet Flooring, Commercial Kitchen, Commercial Space Design and Fitouts, Decoration Works, Electromechanical Contractors, Exhibition Stands, False Ceiling, Fire Rated Doors, Fitout Contractors, Flooring, Glass Doors, Glass Partition Works, Glass Partitions, Glass Works, Gypsum Decoration, Gypsum Decoration Works, Gypsum Interior Decorators, Gypsum Partition, HVAC Contractors, Interior Decorators, Interior Decorators And Designers, Interior Fitouts, Joinery, Kiosks, Kitchen Cabinets, Mashrabiya Pattern, MEP Contractors, Office Fitout, Office Modification, Office Renovation, Parquet Flooring, Partitions, Renovation Companies, Restaurant Decoration, Restaurant Fitouts, Restaurant Interiors, Tiles Fixing, Turnkey Projects, Villa Renovation, Wooden Cladding, Wooden Doors Read More",,02-5089124,https://www.uae-yellowpages.ae/listing-category/mep-contractors/?page=3,
"M-11, Mussafah","High Bright Air Condition and General Maintenance more info M-11, Mussafah Abu Dhabi 055-4021782 Products & Services AC Maintenance, Air Conditioning Contractors, Air Conditioning Ducting Grills And Diffusers, Air Conditioning Equipment And Systems Repairs And Maintenance, Air Conditioning Equipment Suppliers Building Maintenance, Chilled Water Pipes Installation, Electrical Works, FCU Installation, General Maintenance, Heat Exchangers Installation, HVAC Annual Maintenance, HVAC Contractors, Hvac System Services, MEP Contractors, Plumbing Works Read More Images Send Enquiry",Abu Dhabi,055-4021782,https://www.uae-yellowpages.ae/listing-category/mep-contractors/?page=3,
Abu Dhabi,Abu Dhabi,Abu Dhabi,,https://www.uae-yellowpages.ae/listing-category/mep-contractors/?page=3,
055-4021782,"055-4021782 Products & Services AC Maintenance, Air Conditioning Contractors, Air Conditioning Ducting Grills And Diffusers, Air Conditioning Equipment And Systems Repairs And Maintenance, Air Conditioning Equipment Suppliers Building Maintenance, Chilled Water Pipes Installation, Electrical Works, FCU Installation, General Maintenance, Heat Exchangers Installation, HVAC Annual Maintenance, HVAC Contractors, Hvac System Services, MEP Contractors, Plumbing Works Read More",,055-4021782,https://www.uae-yellowpages.ae/listing-category/mep-contractors/?page=3,
Products & Services,"055-4021782 Products & Services AC Maintenance, Air Conditioning Contractors, Air Conditioning Ducting Grills And Diffusers, Air Conditioning Equipment And Systems Repairs And Maintenance, Air Conditioning Equipment Suppliers Building Maintenance, Chilled Water Pipes Installation, Electrical Works, FCU Installation, General Maintenance, Heat Exchangers Installation, HVAC Annual Maintenance, HVAC Contractors, Hvac System Services, MEP Contractors, Plumbing Works Read More",,055-4021782,https://www.uae-yellowpages.ae/listing-category/mep-contractors/?page=3,
Hamdan Street,"Mars Maintenance and Cleaning Services more info Hamdan Street Abu Dhabi 47479 02-6794190 050-6228169 Products & Services Building Cleaning, Building Maintenance, Cleaning Services, General Maintenance, Maid Services MEP Contractors, Tanks Cleaning Read More Send Enquiry",Abu Dhabi,02-6794190,https://www.uae-yellowpages.ae/listing-category/mep-contractors/?page=3,
Abu Dhabi 47479,Abu Dhabi 47479,Abu Dhabi,,https://www.uae-yellowpages.ae/listing-category/mep-contractors/?page=3,
02-6794190 050-6228169,"02-6794190 050-6228169 Products & Services Building Cleaning, Building Maintenance, Cleaning Services, General Maintenance, Maid Services MEP Contractors, Tanks Cleaning Read More",,02-6794190,https://www.uae-yellowpages.ae/listing-category/mep-contractors/?page=3,
Products & Services,"02-6794190 050-6228169 Products & Services Building Cleaning, Building Maintenance, Cleaning Services, General Maintenance, Maid Services MEP Contractors, Tanks Cleaning Read More",,02-6794190,https://www.uae-yellowpages.ae/listing-category/mep-contractors/?page=3,
"M-02, Building C-71, Shabia-10, Mussafah","Vigor Electromechanical LLC more info M-02, Building C-71, Shabia-10, Mussafah Abu Dhabi 110963 02-6225482 052-1413338 02-6225483 Products & Services Contractors Electromechanical, Design and Drafting, Electrical Contractors, Electrical Contractors and Electricians, Electromechanical Electromechanical Engineers and Consultants, Marine Contractors, Mechanical Contractors, MEP Contractors, Plumbing and Sanitary Contractors, Plumbing Systems, Testing and Commissioning Read More Map Send Enquiry",Abu Dhabi,02-6225482,https://www.uae-yellowpages.ae/listing-category/mep-contractors/?page=3,
Abu Dhabi 110963,Abu Dhabi 110963,Abu Dhabi,,https://www.uae-yellowpages.ae/listing-category/mep-contractors/?page=3,
02-6225482 052-1413338 02-6225483,"02-6225482 052-1413338 02-6225483 Products & Services Contractors Electromechanical, Design and Drafting, Electrical Contractors, Electrical Contractors and Electricians, Electromechanical Electromechanical Engineers and Consultants, Marine Contractors, Mechanical Contractors, MEP Contractors, Plumbing and Sanitary Contractors, Plumbing Systems, Testing and Commissioning Read More",,02-6225482,https://www.uae-yellowpages.ae/listing-category/mep-contractors/?page=3,
Products & Services,"02-6225482 052-1413338 02-6225483 Products & Services Contractors Electromechanical, Design and Drafting, Electrical Contractors, Electrical Contractors and Electricians, Electromechanical Electromechanical Engineers and Consultants, Marine Contractors, Mechanical Contractors, MEP Contractors, Plumbing and Sanitary Contractors, Plumbing Systems, Testing and Commissioning Read More",,02-6225482,https://www.uae-yellowpages.ae/listing-category/mep-contractors/?page=3,
Advertise With Us,Advertise With Us,,,https://www.uae-yellowpages.ae/listing-category/mep-contractors/?page=3,
"Office 112, Mohammed Saleh Mohammed Bin Lahej Building, Near Belhasa Driving Centre, Ras Al Khor","Pink City Group of Companies more info Office 112, Mohammed Saleh Mohammed Bin Lahej Building, Near Belhasa Driving Centre, Ras Al Khor Dubai 77826 04-2595949 054-7863463 056-4880400 Products & Services Chain link Fencing PVC Coated, Dewa Approved Contractors, Fence Posts and Fittings, Fence Suppliers, Fencing Fencing Company, Fencing Contractors, Fencing Manufacturers, Fencing Panels, Fencing Suppliers, Fencing Suppliers And Contractors, Fencing Wires, HVAC Contractors, MEP Contractors, Ministry Fencing, Municipality Fencing Read More Maps Images Website Send Enquiry",Dubai,04-2595949,https://www.uae-yellowpages.ae/listing-category/mep-contractors/?page=4,
Dubai 77826,Dubai 77826,Dubai,,https://www.uae-yellowpages.ae/listing-category/mep-contractors/?page=4,
04-2595949 054-7863463 056-4880400,"04-2595949 054-7863463 056-4880400 Products & Services Chain link Fencing PVC Coated, Dewa Approved Contractors, Fence Posts and Fittings, Fence Suppliers, Fencing Fencing Company, Fencing Contractors, Fencing Manufacturers, Fencing Panels, Fencing Suppliers, Fencing Suppliers And Contractors, Fencing Wires, HVAC Contractors, MEP Contractors, Ministry Fencing, Municipality Fencing Read More",,04-2595949,https://www.uae-yellowpages.ae/listing-category/mep-contractors/?page=4,
Products & Services,"04-2595949 054-7863463 056-4880400 Products & Services Chain link Fencing PVC Coated, Dewa Approved Contractors, Fence Posts and Fittings, Fence Suppliers, Fencing Fencing Company, Fencing Contractors, Fencing Manufacturers, Fencing Panels, Fencing Suppliers, Fencing Suppliers And Contractors, Fencing Wires, HVAC Contractors, MEP Contractors, Ministry Fencing, Municipality Fencing Read More",,04-2595949,https://www.uae-yellowpages.ae/listing-category/mep-contractors/?page=4,
Al Qusais Industrial Area 1,"A C M E Electromechanical Works LLC more info Al Qusais Industrial Area 1 Dubai 120656 04-2583122 Products & Services Cable Laying Contractors, Calibration Services, Contractor General, Contractors Electromechanical, Contractors General Control Systems Industrial and Residential, Earthing And Lightning Protection Equipment, Electrical Contractors, Electrical Contractors and Electricians, Electrical Engineers, Electrical-Plumbing and Sanitary Ware Repairs and Services, Electromechanical Contractors, Electromechanical Equipment, Explosion Control Equipment and Systems, Flow Meters, Fuel Handling Equipment, Instrumentation, Marine and Offshore Electrical and Electronic Eqpt and Services, MEP Contractors, Process Automation Solutions Read More Maps Images Website Send Enquiry",Dubai,04-2583122,https://www.uae-yellowpages.ae/listing-category/mep-contractors/?page=4,
Dubai 120656,Dubai 120656,Dubai,,https://www.uae-yellowpages.ae/listing-category/mep-contractors/?page=4,
04-2583122,"04-2583122 Products & Services Cable Laying Contractors, Calibration Services, Contractor General, Contractors Electromechanical, Contractors General Control Systems Industrial and Residential, Earthing And Lightning Protection Equipment, Electrical Contractors, Electrical Contractors and Electricians, Electrical Engineers, Electrical-Plumbing and Sanitary Ware Repairs and Services, Electromechanical Contractors, Electromechanical Equipment, Explosion Control Equipment and Systems, Flow Meters, Fuel Handling Equipment, Instrumentation, Marine and Offshore Electrical and Electronic Eqpt and Services, MEP Contractors, Process Automation Solutions Read More",,04-2583122,https://www.uae-yellowpages.ae/listing-category/mep-contractors/?page=4,
Products & Services,"04-2583122 Products & Services Cable Laying Contractors, Calibration Services, Contractor General, Contractors Electromechanical, Contractors General Control Systems Industrial and Residential, Earthing And Lightning Protection Equipment, Electrical Contractors, Electrical Contractors and Electricians, Electrical Engineers, Electrical-Plumbing and Sanitary Ware Repairs and Services, Electromechanical Contractors, Electromechanical Equipment, Explosion Control Equipment and Systems, Flow Meters, Fuel Handling Equipment, Instrumentation, Marine and Offshore Electrical and Electronic Eqpt and Services, MEP Contractors, Process Automation Solutions Read More",,04-2583122,https://www.uae-yellowpages.ae/listing-category/mep-contractors/?page=4,
"Office 203, 2nd Floor, Saeed Nasser Al Junaibi Building, Tourist Club Area","White Arch General Contracting & Maintenance LLC more info Office 203, 2nd Floor, Saeed Nasser Al Junaibi Building, Tourist Club Area Abu Dhabi 27612 02-6437371 055-4645888 Products & Services AC Annual Maintenance, AC Contractors, AC Installation, AC Maintenance, AC Maintenance and Services AC Servicing, Air Conditioners Rental, Air Conditioning And Refrigeration, Air Conditioning Contractors, Air Conditioning Engineers Installation And Maintenance, Air Conditioning Equipment And Systems Repairs And Maintenance, Air Conditioning Services, Amc Annual Maintenance Contracts, Chilled Water Systems, Chiller Installation, Chiller Overhauls and Maintenance, Chillers, Civil Engineering Contractors, Contractors Electromechanical, Contractors General, Direct Expansion Cooling Systems, Electrical Contractors, Electrical Contractors and Electricians, Electromechanical, Electromechanical Engineers and Consultants, Facilities Management, Facility Management Services, HVAC, HVAC and AMC Contract, HVAC Company, HVAC Contractors, Hvac System Services, MEP Contractors, MEP Works, Offshore Construction, Oilfield Contractors, Painters and Painting Contractors, Plumbing and Sanitary Contractors, Refrigeration Contractors, Refrigeration Contractors and Maintenance, Ultra Violet Light Installation, Variable Refrigerant Flow Cooling Systems, VRF Services Read More Maps Images Send Enquiry",Abu Dhabi,02-6437371,https://www.uae-yellowpages.ae/listing-category/mep-contractors/?page=4,
Abu Dhabi 27612,Abu Dhabi 27612,Abu Dhabi,,https://www.uae-yellowpages.ae/listing-category/mep-contractors/?page=4,
02-6437371 055-4645888,"02-6437371 055-4645888 Products & Services AC Annual Maintenance, AC Contractors, AC Installation, AC Maintenance, AC Maintenance and Services AC Servicing, Air Conditioners Rental, Air Conditioning And Refrigeration, Air Conditioning Contractors, Air Conditioning Engineers Installation And Maintenance, Air Conditioning Equipment And Systems Repairs And Maintenance, Air Conditioning Services, Amc Annual Maintenance Contracts, Chilled Water Systems, Chiller Installation, Chiller Overhauls and Maintenance, Chillers, Civil Engineering Contractors, Contractors Electromechanical, Contractors General, Direct Expansion Cooling Systems, Electrical Contractors, Electrical Contractors and Electricians, Electromechanical, Electromechanical Engineers and Consultants, Facilities Management, Facility Management Services, HVAC, HVAC and AMC Contract, HVAC Company, HVAC Contractors, Hvac System Services, MEP Contractors, MEP Works, Offshore Construction, Oilfield Contractors, Painters and Painting Contractors, Plumbing and Sanitary Contractors, Refrigeration Contractors, Refrigeration Contractors and Maintenance, Ultra Violet Light Installation, Variable Refrigerant Flow Cooling Systems, VRF Services Read More",,02-6437371,https://www.uae-yellowpages.ae/listing-category/mep-contractors/?page=4,
Products & Services,"02-6437371 055-4645888 Products & Services AC Annual Maintenance, AC Contractors, AC Installation, AC Maintenance, AC Maintenance and Services AC Servicing, Air Conditioners Rental, Air Conditioning And Refrigeration, Air Conditioning Contractors, Air Conditioning Engineers Installation And Maintenance, Air Conditioning Equipment And Systems Repairs And Maintenance, Air Conditioning Services, Amc Annual Maintenance Contracts, Chilled Water Systems, Chiller Installation, Chiller Overhauls and Maintenance, Chillers, Civil Engineering Contractors, Contractors Electromechanical, Contractors General, Direct Expansion Cooling Systems, Electrical Contractors, Electrical Contractors and Electricians, Electromechanical, Electromechanical Engineers and Consultants, Facilities Management, Facility Management Services, HVAC, HVAC and AMC Contract, HVAC Company, HVAC Contractors, Hvac System Services, MEP Contractors, MEP Works, Offshore Construction, Oilfield Contractors, Painters and Painting Contractors, Plumbing and Sanitary Contractors, Refrigeration Contractors, Refrigeration Contractors and Maintenance, Ultra Violet Light Installation, Variable Refrigerant Flow Cooling Systems, VRF Services Read More",,02-6437371,https://www.uae-yellowpages.ae/listing-category/mep-contractors/?page=4,
"Office 204, Happy Textile Building, Al Dhafra Dental Clinic, Hamdan Street","Uptown Technical Services LLC more info Office 204, Happy Textile Building, Al Dhafra Dental Clinic, Hamdan Street Abu Dhabi 112808 02-6394336 056-6777552 02-6394339 Products & Services Aluminum and Glass, Carpenters and Joiners, Carpentry, Civil Engineering Contractors, Commercial Interior Designers Construction Companies, Contractor General, Contractors Turnkey Projects, Electromechanical, Electromechanical Contractors, Fitout Contractors, Fitouts, General Contractors, Glass Partitions, Indoor & Outdoor Sign Manufacturer, Interior Decoration, Interior Decorators, Interior Decorators And Designers, Interior Design, Interior Design and Execution, Interior Design Company, Interior Design Services, Interior Designer, Interior Designers, Interior Designers and Consultants, Interior Designers and Contracting, Interior Designers and Decorators, Interior Designers and Fitouts, Interior Designers Contractors, Interior Designing, Interior Designing Services, Interiors, MEP Contracting, MEP Contractors, Office Fitout, Office Furniture, Oilfield Contractors, Oilfield Contractors & Services, Painting, Partitions, Renovation Companies, Renovation Contractors, Retail Contractor, Retail Renovation, Road Contractors, Turnkey Projects Read More Maps Images Send Enquiry",Abu Dhabi,02-6394336,https://www.uae-yellowpages.ae/listing-category/mep-contractors/?page=4,
Abu Dhabi 112808,Abu Dhabi 112808,Abu Dhabi,,https://www.uae-yellowpages.ae/listing-category/mep-contractors/?page=4,
02-6394336 056-6777552 02-6394339,"02-6394336 056-6777552 02-6394339 Products & Services Aluminum and Glass, Carpenters and Joiners, Carpentry, Civil Engineering Contractors, Commercial Interior Designers Construction Companies, Contractor General, Contractors Turnkey Projects, Electromechanical, Electromechanical Contractors, Fitout Contractors, Fitouts, General Contractors, Glass Partitions, Indoor & Outdoor Sign Manufacturer, Interior Decoration, Interior Decorators, Interior Decorators And Designers, Interior Design, Interior Design and Execution, Interior Design Company, Interior Design Services, Interior Designer, Interior Designers, Interior Designers and Consultants, Interior Designers and Contracting, Interior Designers and Decorators, Interior Designers and Fitouts, Interior Designers Contractors, Interior Designing, Interior Designing Services, Interiors, MEP Contracting, MEP Contractors, Office Fitout, Office Furniture, Oilfield Contractors, Oilfield Contractors & Services, Painting, Partitions, Renovation Companies, Renovation Contractors, Retail Contractor, Retail Renovation, Road Contractors, Turnkey Projects Read More",,02-6394336,https://www.uae-yellowpages.ae/listing-category/mep-contractors/?page=4,
Products & Services,"02-6394336 056-6777552 02-6394339 Products & Services Aluminum and Glass, Carpenters and Joiners, Carpentry, Civil Engineering Contractors, Commercial Interior Designers Construction Companies, Contractor General, Contractors Turnkey Projects, Electromechanical, Electromechanical Contractors, Fitout Contractors, Fitouts, General Contractors, Glass Partitions, Indoor & Outdoor Sign Manufacturer, Interior Decoration, Interior Decorators, Interior Decorators And Designers, Interior Design, Interior Design and Execution, Interior Design Company, Interior Design Services, Interior Designer, Interior Designers, Interior Designers and Consultants, Interior Designers and Contracting, Interior Designers and Decorators, Interior Designers and Fitouts, Interior Designers Contractors, Interior Designing, Interior Designing Services, Interiors, MEP Contracting, MEP Contractors, Office Fitout, Office Furniture, Oilfield Contractors, Oilfield Contractors & Services, Painting, Partitions, Renovation Companies, Renovation Contractors, Retail Contractor, Retail Renovation, Road Contractors, Turnkey Projects Read More",,02-6394336,https://www.uae-yellowpages.ae/listing-category/mep-contractors/?page=4,
"Warehouse 4, High Bay Building, Silicon Oasis","Makstylo Interiors LLC more info Warehouse 4, High Bay Building, Silicon Oasis Dubai 341449 04-3332388 055-1987813 04-3332385 Products & Services Acoustic Contractors, Contractors Electromechanical, Contractors Turnkey Projects, Doors, Fire Rated Doors Fitouts, Furniture Designers and Custom Builders, Interior Decorators, Interior Designers and Consultants, Interiors, Joinery, MEP Contractors Read More Map Images Send Enquiry",Dubai,04-3332388,https://www.uae-yellowpages.ae/listing-category/mep-contractors/?page=4,
Dubai 341449,Dubai 341449,Dubai,,https://www.uae-yellowpages.ae/listing-category/mep-contractors/?page=4,
04-3332388 055-1987813 04-3332385,"04-3332388 055-1987813 04-3332385 Products & Services Acoustic Contractors, Contractors Electromechanical, Contractors Turnkey Projects, Doors, Fire Rated Doors Fitouts, Furniture Designers and Custom Builders, Interior Decorators, Interior Designers and Consultants, Interiors, Joinery, MEP Contractors Read More",,04-3332388,https://www.uae-yellowpages.ae/listing-category/mep-contractors/?page=4,
Products & Services,"04-3332388 055-1987813 04-3332385 Products & Services Acoustic Contractors, Contractors Electromechanical, Contractors Turnkey Projects, Doors, Fire Rated Doors Fitouts, Furniture Designers and Custom Builders, Interior Decorators, Interior Designers and Consultants, Interiors, Joinery, MEP Contractors Read More",,04-3332388,https://www.uae-yellowpages.ae/listing-category/mep-contractors/?page=4,
"Warehouse 4, 26th Street, Al Quoz Industrial Area 4","Keletron Electromechanical Works LLC more info Warehouse 4, 26th Street, Al Quoz Industrial Area 4 Dubai 63245 04-3332185 052-2473124 050-6404610 Products & Services AC Installation, Air Conditioning Contractors, DEWA Additional Load Approval, DEWA Approval, Dewa Approved Contractors DEWA Approved Electrical Contractor, DEWA Fitout Approval, Electrical Contractors, Electrical Maintenance, Electrical Works, Electrical-Plumbing and Sanitary Ware Repairs and Services, Electromechanical Contractors, HVAC Contractors, MEP Contractors, Plumbing Contractors, Plumbing Works Read More Map Send Enquiry",Dubai,04-3332185,https://www.uae-yellowpages.ae/listing-category/mep-contractors/?page=4,
Dubai 63245,Dubai 63245,Dubai,,https://www.uae-yellowpages.ae/listing-category/mep-contractors/?page=4,
04-3332185 052-2473124 050-6404610,"04-3332185 052-2473124 050-6404610 Products & Services AC Installation, Air Conditioning Contractors, DEWA Additional Load Approval, DEWA Approval, Dewa Approved Contractors DEWA Approved Electrical Contractor, DEWA Fitout Approval, Electrical Contractors, Electrical Maintenance, Electrical Works, Electrical-Plumbing and Sanitary Ware Repairs and Services, Electromechanical Contractors, HVAC Contractors, MEP Contractors, Plumbing Contractors, Plumbing Works Read More",,04-3332185,https://www.uae-yellowpages.ae/listing-category/mep-contractors/?page=4,
Products & Services,"04-3332185 052-2473124 050-6404610 Products & Services AC Installation, Air Conditioning Contractors, DEWA Additional Load Approval, DEWA Approval, Dewa Approved Contractors DEWA Approved Electrical Contractor, DEWA Fitout Approval, Electrical Contractors, Electrical Maintenance, Electrical Works, Electrical-Plumbing and Sanitary Ware Repairs and Services, Electromechanical Contractors, HVAC Contractors, MEP Contractors, Plumbing Contractors, Plumbing Works Read More",,04-3332185,https://www.uae-yellowpages.ae/listing-category/mep-contractors/?page=4,
"6-202, Plot No:108-0, Ewart Holding Bldg, Al Quoz-3","Focus Tech LLC more info 6-202, Plot No:108-0, Ewart Holding Bldg, Al Quoz-3 Dubai 38101 04-2682784 056-1129311 Products & Services Civil Engineering Contractors, Infrastructure Management, MEP Contractors Send Enquiry",Dubai,04-2682784,https://www.uae-yellowpages.ae/listing-category/mep-contractors/?page=4,
Dubai 38101,Dubai 38101,Dubai,,https://www.uae-yellowpages.ae/listing-category/mep-contractors/?page=4,
04-2682784 056-1129311,"04-2682784 056-1129311 Products & Services Civil Engineering Contractors, Infrastructure Management, MEP Contractors",,04-2682784,https://www.uae-yellowpages.ae/listing-category/mep-contractors/?page=4,
Products & Services,"04-2682784 056-1129311 Products & Services Civil Engineering Contractors, Infrastructure Management, MEP Contractors",,04-2682784,https://www.uae-yellowpages.ae/listing-category/mep-contractors/?page=4,
"127, Ascon House, Deira","Imperial Power Electromechanical Works LLC more info 127, Ascon House, Deira Dubai 455726 056-1774531 056-1774522 Products & Services Acoustic Solutions, Air Conditioning Contractors, Air Conditioning Engineers Installation And Maintenance, Aluminium and Glass Works, Carpentry And Joinery Electrical Contractors, Facility Management, Fitout Contractors, Housekeeping Services, Interior Decorators, MEP Contractors Read More Send Enquiry",Dubai,056-1774531,https://www.uae-yellowpages.ae/listing-category/mep-contractors/?page=4,
Dubai 455726,Dubai 455726,Dubai,,https://www.uae-yellowpages.ae/listing-category/mep-contractors/?page=4,
056-1774531 056-1774522,"056-1774531 056-1774522 Products & Services Acoustic Solutions, Air Conditioning Contractors, Air Conditioning Engineers Installation And Maintenance, Aluminium and Glass Works, Carpentry And Joinery Electrical Contractors, Facility Management, Fitout Contractors, Housekeeping Services, Interior Decorators, MEP Contractors Read More",,056-1774531,https://www.uae-yellowpages.ae/listing-category/mep-contractors/?page=4,
Products & Services,"056-1774531 056-1774522 Products & Services Acoustic Solutions, Air Conditioning Contractors, Air Conditioning Engineers Installation And Maintenance, Aluminium and Glass Works, Carpentry And Joinery Electrical Contractors, Facility Management, Fitout Contractors, Housekeeping Services, Interior Decorators, MEP Contractors Read More",,056-1774531,https://www.uae-yellowpages.ae/listing-category/mep-contractors/?page=4,
"708, Lake Central Tower, Marasi Dr, Business Bay","J Walt Interiors and Contracting LLC more info 708, Lake Central Tower, Marasi Dr, Business Bay Dubai 390675 80059258 052-8246069 Products & Services Fitout Contractors, Interior Decorators, MEP Contractors Send Enquiry",Dubai,052-8246069,https://www.uae-yellowpages.ae/listing-category/mep-contractors/?page=4,
Dubai 390675,Dubai 390675,Dubai,,https://www.uae-yellowpages.ae/listing-category/mep-contractors/?page=4,
80059258 052-8246069,"80059258 052-8246069 Products & Services Fitout Contractors, Interior Decorators, MEP Contractors",,052-8246069,https://www.uae-yellowpages.ae/listing-category/mep-contractors/?page=4,
Products & Services,"80059258 052-8246069 Products & Services Fitout Contractors, Interior Decorators, MEP Contractors",,052-8246069,https://www.uae-yellowpages.ae/listing-category/mep-contractors/?page=4,
"Warehouse No 73, Opp Emirates Printing Press, 24 B St, Industrial Area 2, Al Quoz","Dunex Technical Services LLC more info Warehouse No 73, Opp Emirates Printing Press, 24 B St, Industrial Area 2, Al Quoz Dubai 391312 04-3315656 054-5813262 054-5813261 Products & Services AC Contractors, AC Installation, Air Conditioning Engineers Installation And Maintenance, Air Conditioning Work, Contractors Electromechanical HVAC, HVAC Contractors, HVAC Works, MEP Contractors Read More Send Enquiry",Dubai,04-3315656,https://www.uae-yellowpages.ae/listing-category/mep-contractors/?page=4,
Dubai 391312,Dubai 391312,Dubai,,https://www.uae-yellowpages.ae/listing-category/mep-contractors/?page=4,
04-3315656 054-5813262 054-5813261,"04-3315656 054-5813262 054-5813261 Products & Services AC Contractors, AC Installation, Air Conditioning Engineers Installation And Maintenance, Air Conditioning Work, Contractors Electromechanical HVAC, HVAC Contractors, HVAC Works, MEP Contractors Read More",,04-3315656,https://www.uae-yellowpages.ae/listing-category/mep-contractors/?page=4,
Products & Services,"04-3315656 054-5813262 054-5813261 Products & Services AC Contractors, AC Installation, Air Conditioning Engineers Installation And Maintenance, Air Conditioning Work, Contractors Electromechanical HVAC, HVAC Contractors, HVAC Works, MEP Contractors Read More",,04-3315656,https://www.uae-yellowpages.ae/listing-category/mep-contractors/?page=4,
"1203, Opal Tower, Business Bay","Design Motives more info 1203, Opal Tower, Business Bay Dubai 37743 04-5531081 055-1217842 04-5531058 Products & Services Air Conditioning Contractors, Aluminium Fabricators and Glass Suppliers, Building Contracting, Building Maintenance-Repairs and Restoration, Interior Decoration Interior Decorators, Interior Designers and Consultants, Joinery, Joinery Furniture, MEP Contractors, Office Fitout Contractor, Turnkey Projects Read More Map Images Send Enquiry",Dubai,04-5531081,https://www.uae-yellowpages.ae/listing-category/mep-contractors/?page=4,
Dubai 37743,Dubai 37743,Dubai,,https://www.uae-yellowpages.ae/listing-category/mep-contractors/?page=4,
04-5531081 055-1217842 04-5531058,"04-5531081 055-1217842 04-5531058 Products & Services Air Conditioning Contractors, Aluminium Fabricators and Glass Suppliers, Building Contracting, Building Maintenance-Repairs and Restoration, Interior Decoration Interior Decorators, Interior Designers and Consultants, Joinery, Joinery Furniture, MEP Contractors, Office Fitout Contractor, Turnkey Projects Read More",,04-5531081,https://www.uae-yellowpages.ae/listing-category/mep-contractors/?page=4,
Products & Services,"04-5531081 055-1217842 04-5531058 Products & Services Air Conditioning Contractors, Aluminium Fabricators and Glass Suppliers, Building Contracting, Building Maintenance-Repairs and Restoration, Interior Decoration Interior Decorators, Interior Designers and Consultants, Joinery, Joinery Furniture, MEP Contractors, Office Fitout Contractor, Turnkey Projects Read More",,04-5531081,https://www.uae-yellowpages.ae/listing-category/mep-contractors/?page=4,
"Warehouse 2, Behind Al Habtoor Warehouse, Al Qusais Indl Area 3","Design Mart Contracting LLC more info Warehouse 2, Behind Al Habtoor Warehouse, Al Qusais Indl Area 3 Dubai 04-2561903 Products & Services Carpenters and Joiners, Clinic Interiors, Customized Furniture, Design and Build, Exhibition Stands Exhibition Stands Designers And Manufacturers, False Ceiling, Fitout Company, Fitout Consultants, Fitout Contractors, Fitouts, Food and Beverage Turnkey Contractors, Gypsum Interior Decorators, Hospital Interiors, Interior Consultants, Interior Contractors, Interior Decoration, Interior Decorators, Interior Decorators And Designers, Interior Designers, Interior Fitouts, Kiosks, Kitchen Cabinets, MEP Contractors, Office Chairs, Office Furniture, Office Interiors, Office Modification, Partitions, Restaurant Interiors, Shop Fitouts Read More Map Images Send Enquiry",Dubai,04-2561903,https://www.uae-yellowpages.ae/listing-category/mep-contractors/?page=4,
Dubai,Dubai,Dubai,,https://www.uae-yellowpages.ae/listing-category/mep-contractors/?page=4,
04-2561903,"04-2561903 Products & Services Carpenters and Joiners, Clinic Interiors, Customized Furniture, Design and Build, Exhibition Stands Exhibition Stands Designers And Manufacturers, False Ceiling, Fitout Company, Fitout Consultants, Fitout Contractors, Fitouts, Food and Beverage Turnkey Contractors, Gypsum Interior Decorators, Hospital Interiors, Interior Consultants, Interior Contractors, Interior Decoration, Interior Decorators, Interior Decorators And Designers, Interior Designers, Interior Fitouts, Kiosks, Kitchen Cabinets, MEP Contractors, Office Chairs, Office Furniture, Office Interiors, Office Modification, Partitions, Restaurant Interiors, Shop Fitouts Read More",,04-2561903,https://www.uae-yellowpages.ae/listing-category/mep-contractors/?page=4,
Products & Services,"04-2561903 Products & Services Carpenters and Joiners, Clinic Interiors, Customized Furniture, Design and Build, Exhibition Stands Exhibition Stands Designers And Manufacturers, False Ceiling, Fitout Company, Fitout Consultants, Fitout Contractors, Fitouts, Food and Beverage Turnkey Contractors, Gypsum Interior Decorators, Hospital Interiors, Interior Consultants, Interior Contractors, Interior Decoration, Interior Decorators, Interior Decorators And Designers, Interior Designers, Interior Fitouts, Kiosks, Kitchen Cabinets, MEP Contractors, Office Chairs, Office Furniture, Office Interiors, Office Modification, Partitions, Restaurant Interiors, Shop Fitouts Read More",,04-2561903,https://www.uae-yellowpages.ae/listing-category/mep-contractors/?page=4,
"1001, 10th Floor, The Binary By Omniyat, Business Bay","Design Concepts International more info 1001, 10th Floor, The Binary By Omniyat, Business Bay Dubai 24465 04-2400993 04-4357573 Products & Services Architectural Consultants, Civil Engineers, Interior Designers, Interior Designers and Consultants, Landscaping Contractors MEP Contractors, Project Management, Structural Engineering Read More Map Send Enquiry",Dubai,04-2400993,https://www.uae-yellowpages.ae/listing-category/mep-contractors/?page=4,
Dubai 24465,Dubai 24465,Dubai,,https://www.uae-yellowpages.ae/listing-category/mep-contractors/?page=4,
04-2400993 04-4357573,"04-2400993 04-4357573 Products & Services Architectural Consultants, Civil Engineers, Interior Designers, Interior Designers and Consultants, Landscaping Contractors MEP Contractors, Project Management, Structural Engineering Read More",,04-2400993,https://www.uae-yellowpages.ae/listing-category/mep-contractors/?page=4,
Products & Services,"04-2400993 04-4357573 Products & Services Architectural Consultants, Civil Engineers, Interior Designers, Interior Designers and Consultants, Landscaping Contractors MEP Contractors, Project Management, Structural Engineering Read More",,04-2400993,https://www.uae-yellowpages.ae/listing-category/mep-contractors/?page=4,
Ras Al Khor,"Al Kharbash Facilities Management more info Ras Al Khor Dubai 31311 04-3338733 04-3200356 Products & Services Building Cleaning, Building Maintenance-Repairs and Restoration, Cleaning and Janitorial Services, Facilities Management, General Maintenance MEP Contractors, Security Guard Read More Map Images Send Enquiry",Dubai,04-3338733,https://www.uae-yellowpages.ae/listing-category/mep-contractors/?page=4,
Dubai 31311,Dubai 31311,Dubai,,https://www.uae-yellowpages.ae/listing-category/mep-contractors/?page=4,
04-3338733 04-3200356,"04-3338733 04-3200356 Products & Services Building Cleaning, Building Maintenance-Repairs and Restoration, Cleaning and Janitorial Services, Facilities Management, General Maintenance MEP Contractors, Security Guard Read More",,04-3338733,https://www.uae-yellowpages.ae/listing-category/mep-contractors/?page=4,
Products & Services,"04-3338733 04-3200356 Products & Services Building Cleaning, Building Maintenance-Repairs and Restoration, Cleaning and Janitorial Services, Facilities Management, General Maintenance MEP Contractors, Security Guard Read More",,04-3338733,https://www.uae-yellowpages.ae/listing-category/mep-contractors/?page=4,
Dubai 1589,Dubai 1589,Dubai,,https://www.uae-yellowpages.ae/listing-category/mep-contractors/?page=4,
04-2344457 04-2344458,"04-2344457 04-2344458 Products & Services MEP Contractors, Warehousing Services",,04-2344457,https://www.uae-yellowpages.ae/listing-category/mep-contractors/?page=4,
Products & Services,"04-2344457 04-2344458 Products & Services MEP Contractors, Warehousing Services",,04-2344457,https://www.uae-yellowpages.ae/listing-category/mep-contractors/?page=4,
Dip 1,"Bin Dasmal Contracting more info Dip 1 Dubai 5389 04-8067676 04-8067677 Products & Services Air Conditioning Engineers Installation And Maintenance, Air Conditioning Equipment And Systems Repairs And Maintenance, Air Conditioning Services, HVAC, MEP Contractors MEP Maintenance, MEP Services, MEP Works Read More Map Images Send Enquiry",Dubai,04-8067676,https://www.uae-yellowpages.ae/listing-category/mep-contractors/?page=4,
Dubai 5389,Dubai 5389,Dubai,,https://www.uae-yellowpages.ae/listing-category/mep-contractors/?page=4,
04-8067676 04-8067677,"04-8067676 04-8067677 Products & Services Air Conditioning Engineers Installation And Maintenance, Air Conditioning Equipment And Systems Repairs And Maintenance, Air Conditioning Services, HVAC, MEP Contractors MEP Maintenance, MEP Services, MEP Works Read More",,04-8067676,https://www.uae-yellowpages.ae/listing-category/mep-contractors/?page=4,
Products & Services,"04-8067676 04-8067677 Products & Services Air Conditioning Engineers Installation And Maintenance, Air Conditioning Equipment And Systems Repairs And Maintenance, Air Conditioning Services, HVAC, MEP Contractors MEP Maintenance, MEP Services, MEP Works Read More",,04-8067676,https://www.uae-yellowpages.ae/listing-category/mep-contractors/?page=4,
"Office 304, Garhoud Star","Al Ikhaa Contracting LLC more info Office 304, Garhoud Star Dubai 251680 04-3471516 04-3471786 Products & Services Annual Maintenance Contracts, Building Contractors, Construction Companies, Contractor General, Design And Build Contracting Facilities Management, Fire Alarm Installation, Fire Fighting Installation, Fitout Contractors, Interior Decorators, MEP Contractors, Steel Buildings, Steel Construction, Steel Fabrication and Erection, Turnkey Projects, Villa Contractors, Warehouse Construction Read More Map Images Send Enquiry",Dubai,04-3471516,https://www.uae-yellowpages.ae/listing-category/mep-contractors/?page=4,
Dubai 251680,Dubai 251680,Dubai,,https://www.uae-yellowpages.ae/listing-category/mep-contractors/?page=4,
04-3471516 04-3471786,"04-3471516 04-3471786 Products & Services Annual Maintenance Contracts, Building Contractors, Construction Companies, Contractor General, Design And Build Contracting Facilities Management, Fire Alarm Installation, Fire Fighting Installation, Fitout Contractors, Interior Decorators, MEP Contractors, Steel Buildings, Steel Construction, Steel Fabrication and Erection, Turnkey Projects, Villa Contractors, Warehouse Construction Read More",,04-3471516,https://www.uae-yellowpages.ae/listing-category/mep-contractors/?page=4,
Products & Services,"04-3471516 04-3471786 Products & Services Annual Maintenance Contracts, Building Contractors, Construction Companies, Contractor General, Design And Build Contracting Facilities Management, Fire Alarm Installation, Fire Fighting Installation, Fitout Contractors, Interior Decorators, MEP Contractors, Steel Buildings, Steel Construction, Steel Fabrication and Erection, Turnkey Projects, Villa Contractors, Warehouse Construction Read More",,04-3471516,https://www.uae-yellowpages.ae/listing-category/mep-contractors/?page=4,
"Al Awir 800, Dubai - Hatta Road (E44)","Al Naboodah Group Enterprises more info Al Awir 800, Dubai - Hatta Road (E44) Dubai 1200 04-2948888 04-2948988 Products & Services Agricultural, Automotive, Building, Building Contractors, Civil Engineering Civil Engineering Contractors, Electrical, Fitouts, Heavy Equipment, Logistics, MEP, MEP Contractors, Transportation, Travel Agents Read More Map Send Enquiry",Dubai,04-2948888,https://www.uae-yellowpages.ae/listing-category/mep-contractors/?page=4,
Dubai 1200,Dubai 1200,Dubai,,https://www.uae-yellowpages.ae/listing-category/mep-contractors/?page=4,
04-2948888 04-2948988,"04-2948888 04-2948988 Products & Services Agricultural, Automotive, Building, Building Contractors, Civil Engineering Civil Engineering Contractors, Electrical, Fitouts, Heavy Equipment, Logistics, MEP, MEP Contractors, Transportation, Travel Agents Read More",,04-2948888,https://www.uae-yellowpages.ae/listing-category/mep-contractors/?page=4,
Products & Services,"04-2948888 04-2948988 Products & Services Agricultural, Automotive, Building, Building Contractors, Civil Engineering Civil Engineering Contractors, Electrical, Fitouts, Heavy Equipment, Logistics, MEP, MEP Contractors, Transportation, Travel Agents Read More",,04-2948888,https://www.uae-yellowpages.ae/listing-category/mep-contractors/?page=4,
Al Awir,"Al Naboodah Construction Group more info Al Awir Dubai 33900 04-2948777 04-2948833 Products & Services Asphalt, Building Contractors, Civil Engineering, Civil Engineering Companies, Concrete Construction Companies, Facilities Management, MEP Contractors, Plant and Machinery Read More Map Send Enquiry",Dubai,04-2948777,https://www.uae-yellowpages.ae/listing-category/mep-contractors/?page=4,
Dubai 33900,Dubai 33900,Dubai,,https://www.uae-yellowpages.ae/listing-category/mep-contractors/?page=4,
04-2948777 04-2948833,"04-2948777 04-2948833 Products & Services Asphalt, Building Contractors, Civil Engineering, Civil Engineering Companies, Concrete Construction Companies, Facilities Management, MEP Contractors, Plant and Machinery Read More",,04-2948777,https://www.uae-yellowpages.ae/listing-category/mep-contractors/?page=4,
Products & Services,"04-2948777 04-2948833 Products & Services Asphalt, Building Contractors, Civil Engineering, Civil Engineering Companies, Concrete Construction Companies, Facilities Management, MEP Contractors, Plant and Machinery Read More",,04-2948777,https://www.uae-yellowpages.ae/listing-category/mep-contractors/?page=4,
"B1002, Belrasheed Towers, Al Qusais","Smart Elite Group more info B1002, Belrasheed Towers, Al Qusais Dubai 04-2220333 Products & Services Computer Supplies, MEP Contractors, Technical Services Send Enquiry",Dubai,04-2220333,https://www.uae-yellowpages.ae/listing-category/mep-contractors/?page=4,
Dubai,Dubai,Dubai,,https://www.uae-yellowpages.ae/listing-category/mep-contractors/?page=4,
04-2220333,"04-2220333 Products & Services Computer Supplies, MEP Contractors, Technical Services",,04-2220333,https://www.uae-yellowpages.ae/listing-category/mep-contractors/?page=4,
Products & Services,"04-2220333 Products & Services Computer Supplies, MEP Contractors, Technical Services",,04-2220333,https://www.uae-yellowpages.ae/listing-category/mep-contractors/?page=4,
"Office 202, Fahad Building 4, Damascus Street, Al Qusais","Sashma Contracting LLC more info Office 202, Fahad Building 4, Damascus Street, Al Qusais Dubai 19079 04-2360401 052-2701144 Products & Services IT Solutions, MEP Contractors, Steel Fabricators and Engineers Send Enquiry",Dubai,04-2360401,https://www.uae-yellowpages.ae/listing-category/mep-contractors/?page=4,
Dubai 19079,Dubai 19079,Dubai,,https://www.uae-yellowpages.ae/listing-category/mep-contractors/?page=4,
04-2360401 052-2701144,"04-2360401 052-2701144 Products & Services IT Solutions, MEP Contractors, Steel Fabricators and Engineers",,04-2360401,https://www.uae-yellowpages.ae/listing-category/mep-contractors/?page=4,
Products & Services,"04-2360401 052-2701144 Products & Services IT Solutions, MEP Contractors, Steel Fabricators and Engineers",,04-2360401,https://www.uae-yellowpages.ae/listing-category/mep-contractors/?page=4,
"W/H 37 B, Opp Jotun Paints, Al Quoz Indl Area 2","San Paul Electro Mechanical Works LLC more info W/H 37 B, Opp Jotun Paints, Al Quoz Indl Area 2 Dubai 115217 04-3808813 04-3808812 Products & Services Electrical Contractors and Electricians, Fitouts, MEP Contractors, Painting, Plumbing Map Send Enquiry",Dubai,04-3808813,https://www.uae-yellowpages.ae/listing-category/mep-contractors/?page=4,
Dubai 115217,Dubai 115217,Dubai,,https://www.uae-yellowpages.ae/listing-category/mep-contractors/?page=4,
04-3808813 04-3808812,"04-3808813 04-3808812 Products & Services Electrical Contractors and Electricians, Fitouts, MEP Contractors, Painting, Plumbing",,04-3808813,https://www.uae-yellowpages.ae/listing-category/mep-contractors/?page=4,
Products & Services,"04-3808813 04-3808812 Products & Services Electrical Contractors and Electricians, Fitouts, MEP Contractors, Painting, Plumbing",,04-3808813,https://www.uae-yellowpages.ae/listing-category/mep-contractors/?page=4,
"Near Jotun Paints, Al Quoz 2","Sinas Interior more info Near Jotun Paints, Al Quoz 2 Dubai 2952 04-3393231 04-3393231 Products & Services Carpenters and Joiners, Carpet Contractors, Contractors Turnkey Projects, Fitout Contractors, Fitouts Interior Decorators, Interior Designers and Consultants, Joinery, MEP Contractors, Office Fitout, Turnkey Projects Read More Map Images Send Enquiry",Dubai,04-3393231,https://www.uae-yellowpages.ae/listing-category/mep-contractors/?page=4,
Dubai 2952,Dubai 2952,Dubai,,https://www.uae-yellowpages.ae/listing-category/mep-contractors/?page=4,
04-3393231 04-3393231,"04-3393231 04-3393231 Products & Services Carpenters and Joiners, Carpet Contractors, Contractors Turnkey Projects, Fitout Contractors, Fitouts Interior Decorators, Interior Designers and Consultants, Joinery, MEP Contractors, Office Fitout, Turnkey Projects Read More",,04-3393231,https://www.uae-yellowpages.ae/listing-category/mep-contractors/?page=4,
Products & Services,"04-3393231 04-3393231 Products & Services Carpenters and Joiners, Carpet Contractors, Contractors Turnkey Projects, Fitout Contractors, Fitouts Interior Decorators, Interior Designers and Consultants, Joinery, MEP Contractors, Office Fitout, Turnkey Projects Read More",,04-3393231,https://www.uae-yellowpages.ae/listing-category/mep-contractors/?page=4,
"Indl Area 2, Al Quoz","Sultan Al Joakar Technical Services LLC more info Indl Area 2, Al Quoz Dubai 23624 04-3477613 050-6535291 04-3404860 Products & Services Electrical Contractors, Electrical Contractors and Electricians, Electromechanical Engineers and Consultants, MEP Contractors, MEP Works Oilfield Contractors and Services, Pipeline Contractors, Plumbing and Sanitary Contractors, Steel Fabricators, Steel Fabricators and Engineers, Technical Services Read More Map Send Enquiry",Dubai,04-3477613,https://www.uae-yellowpages.ae/listing-category/mep-contractors/?page=4,
Dubai 23624,Dubai 23624,Dubai,,https://www.uae-yellowpages.ae/listing-category/mep-contractors/?page=4,
04-3477613 050-6535291 04-3404860,"04-3477613 050-6535291 04-3404860 Products & Services Electrical Contractors, Electrical Contractors and Electricians, Electromechanical Engineers and Consultants, MEP Contractors, MEP Works Oilfield Contractors and Services, Pipeline Contractors, Plumbing and Sanitary Contractors, Steel Fabricators, Steel Fabricators and Engineers, Technical Services Read More",,04-3477613,https://www.uae-yellowpages.ae/listing-category/mep-contractors/?page=4,
Products & Services,"04-3477613 050-6535291 04-3404860 Products & Services Electrical Contractors, Electrical Contractors and Electricians, Electromechanical Engineers and Consultants, MEP Contractors, MEP Works Oilfield Contractors and Services, Pipeline Contractors, Plumbing and Sanitary Contractors, Steel Fabricators, Steel Fabricators and Engineers, Technical Services Read More",,04-3477613,https://www.uae-yellowpages.ae/listing-category/mep-contractors/?page=4,
"Damascus St, Al Qusais","Power Access Electromechanical Works more info Damascus St, Al Qusais Dubai 251891 04-2640300 055-2577555 04-2640301 Products & Services Contractors Electromechanical, MEP Contractors, Plumbing and Sanitary Contractors Send Enquiry",Dubai,04-2640300,https://www.uae-yellowpages.ae/listing-category/mep-contractors/?page=4,
Dubai 251891,Dubai 251891,Dubai,,https://www.uae-yellowpages.ae/listing-category/mep-contractors/?page=4,
04-2640300 055-2577555 04-2640301,"04-2640300 055-2577555 04-2640301 Products & Services Contractors Electromechanical, MEP Contractors, Plumbing and Sanitary Contractors",,04-2640300,https://www.uae-yellowpages.ae/listing-category/mep-contractors/?page=4,
Products & Services,"04-2640300 055-2577555 04-2640301 Products & Services Contractors Electromechanical, MEP Contractors, Plumbing and Sanitary Contractors",,04-2640300,https://www.uae-yellowpages.ae/listing-category/mep-contractors/?page=4,
"M13, Dar Almaha Building, Near Abu Hail Metro Station, Abu Hail, Deira","Mohammed Aber Technical Services LLC more info M13, Dar Almaha Building, Near Abu Hail Metro Station, Abu Hail, Deira Dubai 95613 04-2209109 050-2777318 056-2777318 Products & Services Air Conditioning Engineers Installation And Maintenance, False Ceiling, MEP Contractors, Painting Contracting, Partitions Technical Services Read More Map Images Send Enquiry",Dubai,04-2209109,https://www.uae-yellowpages.ae/listing-category/mep-contractors/?page=4,
Dubai 95613,Dubai 95613,Dubai,,https://www.uae-yellowpages.ae/listing-category/mep-contractors/?page=4,
04-2209109 050-2777318 056-2777318,"04-2209109 050-2777318 056-2777318 Products & Services Air Conditioning Engineers Installation And Maintenance, False Ceiling, MEP Contractors, Painting Contracting, Partitions Technical Services Read More",,04-2209109,https://www.uae-yellowpages.ae/listing-category/mep-contractors/?page=4,
Products & Services,"04-2209109 050-2777318 056-2777318 Products & Services Air Conditioning Engineers Installation And Maintenance, False Ceiling, MEP Contractors, Painting Contracting, Partitions Technical Services Read More",,04-2209109,https://www.uae-yellowpages.ae/listing-category/mep-contractors/?page=4,
"Office 857, 8th Floor, Al Gaith Tower, Near Lulu Express, Hamdan Street","Stylish Advanced Decor more info Office 857, 8th Floor, Al Gaith Tower, Near Lulu Express, Hamdan Street Abu Dhabi 108744 02-5089124 050-5121868 Products & Services 3D Visualization, AC Contractors, AC Maintenance, Aluminium and Glass Works, Architectural Design Authority Approvals, Bathroom Renovation, Carpentry, Carpet Flooring, Commercial Kitchen, Commercial Space Design and Fitouts, Decoration Works, Electromechanical Contractors, Exhibition Stands, False Ceiling, Fire Rated Doors, Fitout Contractors, Flooring, Glass Doors, Glass Partition Works, Glass Partitions, Glass Works, Gypsum Decoration, Gypsum Decoration Works, Gypsum Interior Decorators, Gypsum Partition, HVAC Contractors, Interior Decorators, Interior Decorators And Designers, Interior Fitouts, Joinery, Kiosks, Kitchen Cabinets, Mashrabiya Pattern, MEP Contractors, Office Fitout, Office Modification, Office Renovation, Parquet Flooring, Partitions, Renovation Companies, Restaurant Decoration, Restaurant Fitouts, Restaurant Interiors, Tiles Fixing, Turnkey Projects, Villa Renovation, Wooden Cladding, Wooden Doors Read More Map Images Send Enquiry",Abu Dhabi,02-5089124,https://www.uae-yellowpages.ae/listing-category/mep-contractors/?page=4,
Abu Dhabi 108744,Abu Dhabi 108744,Abu Dhabi,,https://www.uae-yellowpages.ae/listing-category/mep-contractors/?page=4,
02-5089124 050-5121868,"02-5089124 050-5121868 Products & Services 3D Visualization, AC Contractors, AC Maintenance, Aluminium and Glass Works, Architectural Design Authority Approvals, Bathroom Renovation, Carpentry, Carpet Flooring, Commercial Kitchen, Commercial Space Design and Fitouts, Decoration Works, Electromechanical Contractors, Exhibition Stands, False Ceiling, Fire Rated Doors, Fitout Contractors, Flooring, Glass Doors, Glass Partition Works, Glass Partitions, Glass Works, Gypsum Decoration, Gypsum Decoration Works, Gypsum Interior Decorators, Gypsum Partition, HVAC Contractors, Interior Decorators, Interior Decorators And Designers, Interior Fitouts, Joinery, Kiosks, Kitchen Cabinets, Mashrabiya Pattern, MEP Contractors, Office Fitout, Office Modification, Office Renovation, Parquet Flooring, Partitions, Renovation Companies, Restaurant Decoration, Restaurant Fitouts, Restaurant Interiors, Tiles Fixing, Turnkey Projects, Villa Renovation, Wooden Cladding, Wooden Doors Read More",,02-5089124,https://www.uae-yellowpages.ae/listing-category/mep-contractors/?page=4,
Products & Services,"02-5089124 050-5121868 Products & Services 3D Visualization, AC Contractors, AC Maintenance, Aluminium and Glass Works, Architectural Design Authority Approvals, Bathroom Renovation, Carpentry, Carpet Flooring, Commercial Kitchen, Commercial Space Design and Fitouts, Decoration Works, Electromechanical Contractors, Exhibition Stands, False Ceiling, Fire Rated Doors, Fitout Contractors, Flooring, Glass Doors, Glass Partition Works, Glass Partitions, Glass Works, Gypsum Decoration, Gypsum Decoration Works, Gypsum Interior Decorators, Gypsum Partition, HVAC Contractors, Interior Decorators, Interior Decorators And Designers, Interior Fitouts, Joinery, Kiosks, Kitchen Cabinets, Mashrabiya Pattern, MEP Contractors, Office Fitout, Office Modification, Office Renovation, Parquet Flooring, Partitions, Renovation Companies, Restaurant Decoration, Restaurant Fitouts, Restaurant Interiors, Tiles Fixing, Turnkey Projects, Villa Renovation, Wooden Cladding, Wooden Doors Read More",,02-5089124,https://www.uae-yellowpages.ae/listing-category/mep-contractors/?page=4,
"M-11, Mussafah","High Bright Air Condition and General Maintenance more info M-11, Mussafah Abu Dhabi 055-4021782 Products & Services AC Maintenance, Air Conditioning Contractors, Air Conditioning Ducting Grills And Diffusers, Air Conditioning Equipment And Systems Repairs And Maintenance, Air Conditioning Equipment Suppliers Building Maintenance, Chilled Water Pipes Installation, Electrical Works, FCU Installation, General Maintenance, Heat Exchangers Installation, HVAC Annual Maintenance, HVAC Contractors, Hvac System Services, MEP Contractors, Plumbing Works Read More Images Send Enquiry",Abu Dhabi,055-4021782,https://www.uae-yellowpages.ae/listing-category/mep-contractors/?page=4,
Abu Dhabi,Abu Dhabi,Abu Dhabi,,https://www.uae-yellowpages.ae/listing-category/mep-contractors/?page=4,
055-4021782,"055-4021782 Products & Services AC Maintenance, Air Conditioning Contractors, Air Conditioning Ducting Grills And Diffusers, Air Conditioning Equipment And Systems Repairs And Maintenance, Air Conditioning Equipment Suppliers Building Maintenance, Chilled Water Pipes Installation, Electrical Works, FCU Installation, General Maintenance, Heat Exchangers Installation, HVAC Annual Maintenance, HVAC Contractors, Hvac System Services, MEP Contractors, Plumbing Works Read More",,055-4021782,https://www.uae-yellowpages.ae/listing-category/mep-contractors/?page=4,
Products & Services,"055-4021782 Products & Services AC Maintenance, Air Conditioning Contractors, Air Conditioning Ducting Grills And Diffusers, Air Conditioning Equipment And Systems Repairs And Maintenance, Air Conditioning Equipment Suppliers Building Maintenance, Chilled Water Pipes Installation, Electrical Works, FCU Installation, General Maintenance, Heat Exchangers Installation, HVAC Annual Maintenance, HVAC Contractors, Hvac System Services, MEP Contractors, Plumbing Works Read More",,055-4021782,https://www.uae-yellowpages.ae/listing-category/mep-contractors/?page=4,
Hamdan Street,"Mars Maintenance and Cleaning Services more info Hamdan Street Abu Dhabi 47479 02-6794190 050-6228169 Products & Services Building Cleaning, Building Maintenance, Cleaning Services, General Maintenance, Maid Services MEP Contractors, Tanks Cleaning Read More Send Enquiry",Abu Dhabi,02-6794190,https://www.uae-yellowpages.ae/listing-category/mep-contractors/?page=4,
Abu Dhabi 47479,Abu Dhabi 47479,Abu Dhabi,,https://www.uae-yellowpages.ae/listing-category/mep-contractors/?page=4,
02-6794190 050-6228169,"02-6794190 050-6228169 Products & Services Building Cleaning, Building Maintenance, Cleaning Services, General Maintenance, Maid Services MEP Contractors, Tanks Cleaning Read More",,02-6794190,https://www.uae-yellowpages.ae/listing-category/mep-contractors/?page=4,
Products & Services,"02-6794190 050-6228169 Products & Services Building Cleaning, Building Maintenance, Cleaning Services, General Maintenance, Maid Services MEP Contractors, Tanks Cleaning Read More",,02-6794190,https://www.uae-yellowpages.ae/listing-category/mep-contractors/?page=4,
"M-02, Building C-71, Shabia-10, Mussafah","Vigor Electromechanical LLC more info M-02, Building C-71, Shabia-10, Mussafah Abu Dhabi 110963 02-6225482 052-1413338 02-6225483 Products & Services Contractors Electromechanical, Design and Drafting, Electrical Contractors, Electrical Contractors and Electricians, Electromechanical Electromechanical Engineers and Consultants, Marine Contractors, Mechanical Contractors, MEP Contractors, Plumbing and Sanitary Contractors, Plumbing Systems, Testing and Commissioning Read More Map Send Enquiry",Abu Dhabi,02-6225482,https://www.uae-yellowpages.ae/listing-category/mep-contractors/?page=4,
Abu Dhabi 110963,Abu Dhabi 110963,Abu Dhabi,,https://www.uae-yellowpages.ae/listing-category/mep-contractors/?page=4,
02-6225482 052-1413338 02-6225483,"02-6225482 052-1413338 02-6225483 Products & Services Contractors Electromechanical, Design and Drafting, Electrical Contractors, Electrical Contractors and Electricians, Electromechanical Electromechanical Engineers and Consultants, Marine Contractors, Mechanical Contractors, MEP Contractors, Plumbing and Sanitary Contractors, Plumbing Systems, Testing and Commissioning Read More",,02-6225482,https://www.uae-yellowpages.ae/listing-category/mep-contractors/?page=4,
Products & Services,"02-6225482 052-1413338 02-6225483 Products & Services Contractors Electromechanical, Design and Drafting, Electrical Contractors, Electrical Contractors and Electricians, Electromechanical Electromechanical Engineers and Consultants, Marine Contractors, Mechanical Contractors, MEP Contractors, Plumbing and Sanitary Contractors, Plumbing Systems, Testing and Commissioning Read More",,02-6225482,https://www.uae-yellowpages.ae/listing-category/mep-contractors/?page=4,
Advertise With Us,Advertise With Us,,,https://www.uae-yellowpages.ae/listing-category/mep-contractors/?page=4,
"Office 112, Mohammed Saleh Mohammed Bin Lahej Building, Near Belhasa Driving Centre, Ras Al Khor","Pink City Group of Companies more info Office 112, Mohammed Saleh Mohammed Bin Lahej Building, Near Belhasa Driving Centre, Ras Al Khor Dubai 77826 04-2595949 054-7863463 056-4880400 Products & Services Chain link Fencing PVC Coated, Dewa Approved Contractors, Fence Posts and Fittings, Fence Suppliers, Fencing Fencing Company, Fencing Contractors, Fencing Manufacturers, Fencing Panels, Fencing Suppliers, Fencing Suppliers And Contractors, Fencing Wires, HVAC Contractors, MEP Contractors, Ministry Fencing, Municipality Fencing Read More Maps Images Website Send Enquiry",Dubai,04-2595949,https://www.uae-yellowpages.ae/listing-category/mep-contractors/?page=5,
Dubai 77826,Dubai 77826,Dubai,,https://www.uae-yellowpages.ae/listing-category/mep-contractors/?page=5,
04-2595949 054-7863463 056-4880400,"04-2595949 054-7863463 056-4880400 Products & Services Chain link Fencing PVC Coated, Dewa Approved Contractors, Fence Posts and Fittings, Fence Suppliers, Fencing Fencing Company, Fencing Contractors, Fencing Manufacturers, Fencing Panels, Fencing Suppliers, Fencing Suppliers And Contractors, Fencing Wires, HVAC Contractors, MEP Contractors, Ministry Fencing, Municipality Fencing Read More",,04-2595949,https://www.uae-yellowpages.ae/listing-category/mep-contractors/?page=5,
Products & Services,"04-2595949 054-7863463 056-4880400 Products & Services Chain link Fencing PVC Coated, Dewa Approved Contractors, Fence Posts and Fittings, Fence Suppliers, Fencing Fencing Company, Fencing Contractors, Fencing Manufacturers, Fencing Panels, Fencing Suppliers, Fencing Suppliers And Contractors, Fencing Wires, HVAC Contractors, MEP Contractors, Ministry Fencing, Municipality Fencing Read More",,04-2595949,https://www.uae-yellowpages.ae/listing-category/mep-contractors/?page=5,
Al Qusais Industrial Area 1,"A C M E Electromechanical Works LLC more info Al Qusais Industrial Area 1 Dubai 120656 04-2583122 Products & Services Cable Laying Contractors, Calibration Services, Contractor General, Contractors Electromechanical, Contractors General Control Systems Industrial and Residential, Earthing And Lightning Protection Equipment, Electrical Contractors, Electrical Contractors and Electricians, Electrical Engineers, Electrical-Plumbing and Sanitary Ware Repairs and Services, Electromechanical Contractors, Electromechanical Equipment, Explosion Control Equipment and Systems, Flow Meters, Fuel Handling Equipment, Instrumentation, Marine and Offshore Electrical and Electronic Eqpt and Services, MEP Contractors, Process Automation Solutions Read More Maps Images Website Send Enquiry",Dubai,04-2583122,https://www.uae-yellowpages.ae/listing-category/mep-contractors/?page=5,
Dubai 120656,Dubai 120656,Dubai,,https://www.uae-yellowpages.ae/listing-category/mep-contractors/?page=5,
04-2583122,"04-2583122 Products & Services Cable Laying Contractors, Calibration Services, Contractor General, Contractors Electromechanical, Contractors General Control Systems Industrial and Residential, Earthing And Lightning Protection Equipment, Electrical Contractors, Electrical Contractors and Electricians, Electrical Engineers, Electrical-Plumbing and Sanitary Ware Repairs and Services, Electromechanical Contractors, Electromechanical Equipment, Explosion Control Equipment and Systems, Flow Meters, Fuel Handling Equipment, Instrumentation, Marine and Offshore Electrical and Electronic Eqpt and Services, MEP Contractors, Process Automation Solutions Read More",,04-2583122,https://www.uae-yellowpages.ae/listing-category/mep-contractors/?page=5,
Products & Services,"04-2583122 Products & Services Cable Laying Contractors, Calibration Services, Contractor General, Contractors Electromechanical, Contractors General Control Systems Industrial and Residential, Earthing And Lightning Protection Equipment, Electrical Contractors, Electrical Contractors and Electricians, Electrical Engineers, Electrical-Plumbing and Sanitary Ware Repairs and Services, Electromechanical Contractors, Electromechanical Equipment, Explosion Control Equipment and Systems, Flow Meters, Fuel Handling Equipment, Instrumentation, Marine and Offshore Electrical and Electronic Eqpt and Services, MEP Contractors, Process Automation Solutions Read More",,04-2583122,https://www.uae-yellowpages.ae/listing-category/mep-contractors/?page=5,
"Office 203, 2nd Floor, Saeed Nasser Al Junaibi Building, Tourist Club Area","White Arch General Contracting & Maintenance LLC more info Office 203, 2nd Floor, Saeed Nasser Al Junaibi Building, Tourist Club Area Abu Dhabi 27612 02-6437371 055-4645888 Products & Services AC Annual Maintenance, AC Contractors, AC Installation, AC Maintenance, AC Maintenance and Services AC Servicing, Air Conditioners Rental, Air Conditioning And Refrigeration, Air Conditioning Contractors, Air Conditioning Engineers Installation And Maintenance, Air Conditioning Equipment And Systems Repairs And Maintenance, Air Conditioning Services, Amc Annual Maintenance Contracts, Chilled Water Systems, Chiller Installation, Chiller Overhauls and Maintenance, Chillers, Civil Engineering Contractors, Contractors Electromechanical, Contractors General, Direct Expansion Cooling Systems, Electrical Contractors, Electrical Contractors and Electricians, Electromechanical, Electromechanical Engineers and Consultants, Facilities Management, Facility Management Services, HVAC, HVAC and AMC Contract, HVAC Company, HVAC Contractors, Hvac System Services, MEP Contractors, MEP Works, Offshore Construction, Oilfield Contractors, Painters and Painting Contractors, Plumbing and Sanitary Contractors, Refrigeration Contractors, Refrigeration Contractors and Maintenance, Ultra Violet Light Installation, Variable Refrigerant Flow Cooling Systems, VRF Services Read More Maps Images Send Enquiry",Abu Dhabi,02-6437371,https://www.uae-yellowpages.ae/listing-category/mep-contractors/?page=5,
Abu Dhabi 27612,Abu Dhabi 27612,Abu Dhabi,,https://www.uae-yellowpages.ae/listing-category/mep-contractors/?page=5,
02-6437371 055-4645888,"02-6437371 055-4645888 Products & Services AC Annual Maintenance, AC Contractors, AC Installation, AC Maintenance, AC Maintenance and Services AC Servicing, Air Conditioners Rental, Air Conditioning And Refrigeration, Air Conditioning Contractors, Air Conditioning Engineers Installation And Maintenance, Air Conditioning Equipment And Systems Repairs And Maintenance, Air Conditioning Services, Amc Annual Maintenance Contracts, Chilled Water Systems, Chiller Installation, Chiller Overhauls and Maintenance, Chillers, Civil Engineering Contractors, Contractors Electromechanical, Contractors General, Direct Expansion Cooling Systems, Electrical Contractors, Electrical Contractors and Electricians, Electromechanical, Electromechanical Engineers and Consultants, Facilities Management, Facility Management Services, HVAC, HVAC and AMC Contract, HVAC Company, HVAC Contractors, Hvac System Services, MEP Contractors, MEP Works, Offshore Construction, Oilfield Contractors, Painters and Painting Contractors, Plumbing and Sanitary Contractors, Refrigeration Contractors, Refrigeration Contractors and Maintenance, Ultra Violet Light Installation, Variable Refrigerant Flow Cooling Systems, VRF Services Read More",,02-6437371,https://www.uae-yellowpages.ae/listing-category/mep-contractors/?page=5,
Products & Services,"02-6437371 055-4645888 Products & Services AC Annual Maintenance, AC Contractors, AC Installation, AC Maintenance, AC Maintenance and Services AC Servicing, Air Conditioners Rental, Air Conditioning And Refrigeration, Air Conditioning Contractors, Air Conditioning Engineers Installation And Maintenance, Air Conditioning Equipment And Systems Repairs And Maintenance, Air Conditioning Services, Amc Annual Maintenance Contracts, Chilled Water Systems, Chiller Installation, Chiller Overhauls and Maintenance, Chillers, Civil Engineering Contractors, Contractors Electromechanical, Contractors General, Direct Expansion Cooling Systems, Electrical Contractors, Electrical Contractors and Electricians, Electromechanical, Electromechanical Engineers and Consultants, Facilities Management, Facility Management Services, HVAC, HVAC and AMC Contract, HVAC Company, HVAC Contractors, Hvac System Services, MEP Contractors, MEP Works, Offshore Construction, Oilfield Contractors, Painters and Painting Contractors, Plumbing and Sanitary Contractors, Refrigeration Contractors, Refrigeration Contractors and Maintenance, Ultra Violet Light Installation, Variable Refrigerant Flow Cooling Systems, VRF Services Read More",,02-6437371,https://www.uae-yellowpages.ae/listing-category/mep-contractors/?page=5,
"Office 204, Happy Textile Building, Al Dhafra Dental Clinic, Hamdan Street","Uptown Technical Services LLC more info Office 204, Happy Textile Building, Al Dhafra Dental Clinic, Hamdan Street Abu Dhabi 112808 02-6394336 056-6777552 02-6394339 Products & Services Aluminum and Glass, Carpenters and Joiners, Carpentry, Civil Engineering Contractors, Commercial Interior Designers Construction Companies, Contractor General, Contractors Turnkey Projects, Electromechanical, Electromechanical Contractors, Fitout Contractors, Fitouts, General Contractors, Glass Partitions, Indoor & Outdoor Sign Manufacturer, Interior Decoration, Interior Decorators, Interior Decorators And Designers, Interior Design, Interior Design and Execution, Interior Design Company, Interior Design Services, Interior Designer, Interior Designers, Interior Designers and Consultants, Interior Designers and Contracting, Interior Designers and Decorators, Interior Designers and Fitouts, Interior Designers Contractors, Interior Designing, Interior Designing Services, Interiors, MEP Contracting, MEP Contractors, Office Fitout, Office Furniture, Oilfield Contractors, Oilfield Contractors & Services, Painting, Partitions, Renovation Companies, Renovation Contractors, Retail Contractor, Retail Renovation, Road Contractors, Turnkey Projects Read More Maps Images Send Enquiry",Abu Dhabi,02-6394336,https://www.uae-yellowpages.ae/listing-category/mep-contractors/?page=5,
Abu Dhabi 112808,Abu Dhabi 112808,Abu Dhabi,,https://www.uae-yellowpages.ae/listing-category/mep-contractors/?page=5,
02-6394336 056-6777552 02-6394339,"02-6394336 056-6777552 02-6394339 Products & Services Aluminum and Glass, Carpenters and Joiners, Carpentry, Civil Engineering Contractors, Commercial Interior Designers Construction Companies, Contractor General, Contractors Turnkey Projects, Electromechanical, Electromechanical Contractors, Fitout Contractors, Fitouts, General Contractors, Glass Partitions, Indoor & Outdoor Sign Manufacturer, Interior Decoration, Interior Decorators, Interior Decorators And Designers, Interior Design, Interior Design and Execution, Interior Design Company, Interior Design Services, Interior Designer, Interior Designers, Interior Designers and Consultants, Interior Designers and Contracting, Interior Designers and Decorators, Interior Designers and Fitouts, Interior Designers Contractors, Interior Designing, Interior Designing Services, Interiors, MEP Contracting, MEP Contractors, Office Fitout, Office Furniture, Oilfield Contractors, Oilfield Contractors & Services, Painting, Partitions, Renovation Companies, Renovation Contractors, Retail Contractor, Retail Renovation, Road Contractors, Turnkey Projects Read More",,02-6394336,https://www.uae-yellowpages.ae/listing-category/mep-contractors/?page=5,
Products & Services,"02-6394336 056-6777552 02-6394339 Products & Services Aluminum and Glass, Carpenters and Joiners, Carpentry, Civil Engineering Contractors, Commercial Interior Designers Construction Companies, Contractor General, Contractors Turnkey Projects, Electromechanical, Electromechanical Contractors, Fitout Contractors, Fitouts, General Contractors, Glass Partitions, Indoor & Outdoor Sign Manufacturer, Interior Decoration, Interior Decorators, Interior Decorators And Designers, Interior Design, Interior Design and Execution, Interior Design Company, Interior Design Services, Interior Designer, Interior Designers, Interior Designers and Consultants, Interior Designers and Contracting, Interior Designers and Decorators, Interior Designers and Fitouts, Interior Designers Contractors, Interior Designing, Interior Designing Services, Interiors, MEP Contracting, MEP Contractors, Office Fitout, Office Furniture, Oilfield Contractors, Oilfield Contractors & Services, Painting, Partitions, Renovation Companies, Renovation Contractors, Retail Contractor, Retail Renovation, Road Contractors, Turnkey Projects Read More",,02-6394336,https://www.uae-yellowpages.ae/listing-category/mep-contractors/?page=5,
"Warehouse 4, High Bay Building, Silicon Oasis","Makstylo Interiors LLC more info Warehouse 4, High Bay Building, Silicon Oasis Dubai 341449 04-3332388 055-1987813 04-3332385 Products & Services Acoustic Contractors, Contractors Electromechanical, Contractors Turnkey Projects, Doors, Fire Rated Doors Fitouts, Furniture Designers and Custom Builders, Interior Decorators, Interior Designers and Consultants, Interiors, Joinery, MEP Contractors Read More Map Images Send Enquiry",Dubai,04-3332388,https://www.uae-yellowpages.ae/listing-category/mep-contractors/?page=5,
Dubai 341449,Dubai 341449,Dubai,,https://www.uae-yellowpages.ae/listing-category/mep-contractors/?page=5,
04-3332388 055-1987813 04-3332385,"04-3332388 055-1987813 04-3332385 Products & Services Acoustic Contractors, Contractors Electromechanical, Contractors Turnkey Projects, Doors, Fire Rated Doors Fitouts, Furniture Designers and Custom Builders, Interior Decorators, Interior Designers and Consultants, Interiors, Joinery, MEP Contractors Read More",,04-3332388,https://www.uae-yellowpages.ae/listing-category/mep-contractors/?page=5,
Products & Services,"04-3332388 055-1987813 04-3332385 Products & Services Acoustic Contractors, Contractors Electromechanical, Contractors Turnkey Projects, Doors, Fire Rated Doors Fitouts, Furniture Designers and Custom Builders, Interior Decorators, Interior Designers and Consultants, Interiors, Joinery, MEP Contractors Read More",,04-3332388,https://www.uae-yellowpages.ae/listing-category/mep-contractors/?page=5,
"Warehouse 4, 26th Street, Al Quoz Industrial Area 4","Keletron Electromechanical Works LLC more info Warehouse 4, 26th Street, Al Quoz Industrial Area 4 Dubai 63245 04-3332185 052-2473124 050-6404610 Products & Services AC Installation, Air Conditioning Contractors, DEWA Additional Load Approval, DEWA Approval, Dewa Approved Contractors DEWA Approved Electrical Contractor, DEWA Fitout Approval, Electrical Contractors, Electrical Maintenance, Electrical Works, Electrical-Plumbing and Sanitary Ware Repairs and Services, Electromechanical Contractors, HVAC Contractors, MEP Contractors, Plumbing Contractors, Plumbing Works Read More Map Send Enquiry",Dubai,04-3332185,https://www.uae-yellowpages.ae/listing-category/mep-contractors/?page=5,
Dubai 63245,Dubai 63245,Dubai,,https://www.uae-yellowpages.ae/listing-category/mep-contractors/?page=5,
04-3332185 052-2473124 050-6404610,"04-3332185 052-2473124 050-6404610 Products & Services AC Installation, Air Conditioning Contractors, DEWA Additional Load Approval, DEWA Approval, Dewa Approved Contractors DEWA Approved Electrical Contractor, DEWA Fitout Approval, Electrical Contractors, Electrical Maintenance, Electrical Works, Electrical-Plumbing and Sanitary Ware Repairs and Services, Electromechanical Contractors, HVAC Contractors, MEP Contractors, Plumbing Contractors, Plumbing Works Read More",,04-3332185,https://www.uae-yellowpages.ae/listing-category/mep-contractors/?page=5,
Products & Services,"04-3332185 052-2473124 050-6404610 Products & Services AC Installation, Air Conditioning Contractors, DEWA Additional Load Approval, DEWA Approval, Dewa Approved Contractors DEWA Approved Electrical Contractor, DEWA Fitout Approval, Electrical Contractors, Electrical Maintenance, Electrical Works, Electrical-Plumbing and Sanitary Ware Repairs and Services, Electromechanical Contractors, HVAC Contractors, MEP Contractors, Plumbing Contractors, Plumbing Works Read More",,04-3332185,https://www.uae-yellowpages.ae/listing-category/mep-contractors/?page=5,
"6-202, Plot No:108-0, Ewart Holding Bldg, Al Quoz-3","Focus Tech LLC more info 6-202, Plot No:108-0, Ewart Holding Bldg, Al Quoz-3 Dubai 38101 04-2682784 056-1129311 Products & Services Civil Engineering Contractors, Infrastructure Management, MEP Contractors Send Enquiry",Dubai,04-2682784,https://www.uae-yellowpages.ae/listing-category/mep-contractors/?page=5,
Dubai 38101,Dubai 38101,Dubai,,https://www.uae-yellowpages.ae/listing-category/mep-contractors/?page=5,
04-2682784 056-1129311,"04-2682784 056-1129311 Products & Services Civil Engineering Contractors, Infrastructure Management, MEP Contractors",,04-2682784,https://www.uae-yellowpages.ae/listing-category/mep-contractors/?page=5,
Products & Services,"04-2682784 056-1129311 Products & Services Civil Engineering Contractors, Infrastructure Management, MEP Contractors",,04-2682784,https://www.uae-yellowpages.ae/listing-category/mep-contractors/?page=5,
"127, Ascon House, Deira","Imperial Power Electromechanical Works LLC more info 127, Ascon House, Deira Dubai 455726 056-1774531 056-1774522 Products & Services Acoustic Solutions, Air Conditioning Contractors, Air Conditioning Engineers Installation And Maintenance, Aluminium and Glass Works, Carpentry And Joinery Electrical Contractors, Facility Management, Fitout Contractors, Housekeeping Services, Interior Decorators, MEP Contractors Read More Send Enquiry",Dubai,056-1774531,https://www.uae-yellowpages.ae/listing-category/mep-contractors/?page=5,
Dubai 455726,Dubai 455726,Dubai,,https://www.uae-yellowpages.ae/listing-category/mep-contractors/?page=5,
056-1774531 056-1774522,"056-1774531 056-1774522 Products & Services Acoustic Solutions, Air Conditioning Contractors, Air Conditioning Engineers Installation And Maintenance, Aluminium and Glass Works, Carpentry And Joinery Electrical Contractors, Facility Management, Fitout Contractors, Housekeeping Services, Interior Decorators, MEP Contractors Read More",,056-1774531,https://www.uae-yellowpages.ae/listing-category/mep-contractors/?page=5,
Products & Services,"056-1774531 056-1774522 Products & Services Acoustic Solutions, Air Conditioning Contractors, Air Conditioning Engineers Installation And Maintenance, Aluminium and Glass Works, Carpentry And Joinery Electrical Contractors, Facility Management, Fitout Contractors, Housekeeping Services, Interior Decorators, MEP Contractors Read More",,056-1774531,https://www.uae-yellowpages.ae/listing-category/mep-contractors/?page=5,
"708, Lake Central Tower, Marasi Dr, Business Bay","J Walt Interiors and Contracting LLC more info 708, Lake Central Tower, Marasi Dr, Business Bay Dubai 390675 80059258 052-8246069 Products & Services Fitout Contractors, Interior Decorators, MEP Contractors Send Enquiry",Dubai,052-8246069,https://www.uae-yellowpages.ae/listing-category/mep-contractors/?page=5,
Dubai 390675,Dubai 390675,Dubai,,https://www.uae-yellowpages.ae/listing-category/mep-contractors/?page=5,
80059258 052-8246069,"80059258 052-8246069 Products & Services Fitout Contractors, Interior Decorators, MEP Contractors",,052-8246069,https://www.uae-yellowpages.ae/listing-category/mep-contractors/?page=5,
Products & Services,"80059258 052-8246069 Products & Services Fitout Contractors, Interior Decorators, MEP Contractors",,052-8246069,https://www.uae-yellowpages.ae/listing-category/mep-contractors/?page=5,
"Warehouse No 73, Opp Emirates Printing Press, 24 B St, Industrial Area 2, Al Quoz","Dunex Technical Services LLC more info Warehouse No 73, Opp Emirates Printing Press, 24 B St, Industrial Area 2, Al Quoz Dubai 391312 04-3315656 054-5813262 054-5813261 Products & Services AC Contractors, AC Installation, Air Conditioning Engineers Installation And Maintenance, Air Conditioning Work, Contractors Electromechanical HVAC, HVAC Contractors, HVAC Works, MEP Contractors Read More Send Enquiry",Dubai,04-3315656,https://www.uae-yellowpages.ae/listing-category/mep-contractors/?page=5,
Dubai 391312,Dubai 391312,Dubai,,https://www.uae-yellowpages.ae/listing-category/mep-contractors/?page=5,
04-3315656 054-5813262 054-5813261,"04-3315656 054-5813262 054-5813261 Products & Services AC Contractors, AC Installation, Air Conditioning Engineers Installation And Maintenance, Air Conditioning Work, Contractors Electromechanical HVAC, HVAC Contractors, HVAC Works, MEP Contractors Read More",,04-3315656,https://www.uae-yellowpages.ae/listing-category/mep-contractors/?page=5,
Products & Services,"04-3315656 054-5813262 054-5813261 Products & Services AC Contractors, AC Installation, Air Conditioning Engineers Installation And Maintenance, Air Conditioning Work, Contractors Electromechanical HVAC, HVAC Contractors, HVAC Works, MEP Contractors Read More",,04-3315656,https://www.uae-yellowpages.ae/listing-category/mep-contractors/?page=5,
"1203, Opal Tower, Business Bay","Design Motives more info 1203, Opal Tower, Business Bay Dubai 37743 04-5531081 055-1217842 04-5531058 Products & Services Air Conditioning Contractors, Aluminium Fabricators and Glass Suppliers, Building Contracting, Building Maintenance-Repairs and Restoration, Interior Decoration Interior Decorators, Interior Designers and Consultants, Joinery, Joinery Furniture, MEP Contractors, Office Fitout Contractor, Turnkey Projects Read More Map Images Send Enquiry",Dubai,04-5531081,https://www.uae-yellowpages.ae/listing-category/mep-contractors/?page=5,
Dubai 37743,Dubai 37743,Dubai,,https://www.uae-yellowpages.ae/listing-category/mep-contractors/?page=5,
04-5531081 055-1217842 04-5531058,"04-5531081 055-1217842 04-5531058 Products & Services Air Conditioning Contractors, Aluminium Fabricators and Glass Suppliers, Building Contracting, Building Maintenance-Repairs and Restoration, Interior Decoration Interior Decorators, Interior Designers and Consultants, Joinery, Joinery Furniture, MEP Contractors, Office Fitout Contractor, Turnkey Projects Read More",,04-5531081,https://www.uae-yellowpages.ae/listing-category/mep-contractors/?page=5,
Products & Services,"04-5531081 055-1217842 04-5531058 Products & Services Air Conditioning Contractors, Aluminium Fabricators and Glass Suppliers, Building Contracting, Building Maintenance-Repairs and Restoration, Interior Decoration Interior Decorators, Interior Designers and Consultants, Joinery, Joinery Furniture, MEP Contractors, Office Fitout Contractor, Turnkey Projects Read More",,04-5531081,https://www.uae-yellowpages.ae/listing-category/mep-contractors/?page=5,
"Warehouse 2, Behind Al Habtoor Warehouse, Al Qusais Indl Area 3","Design Mart Contracting LLC more info Warehouse 2, Behind Al Habtoor Warehouse, Al Qusais Indl Area 3 Dubai 04-2561903 Products & Services Carpenters and Joiners, Clinic Interiors, Customized Furniture, Design and Build, Exhibition Stands Exhibition Stands Designers And Manufacturers, False Ceiling, Fitout Company, Fitout Consultants, Fitout Contractors, Fitouts, Food and Beverage Turnkey Contractors, Gypsum Interior Decorators, Hospital Interiors, Interior Consultants, Interior Contractors, Interior Decoration, Interior Decorators, Interior Decorators And Designers, Interior Designers, Interior Fitouts, Kiosks, Kitchen Cabinets, MEP Contractors, Office Chairs, Office Furniture, Office Interiors, Office Modification, Partitions, Restaurant Interiors, Shop Fitouts Read More Map Images Send Enquiry",Dubai,04-2561903,https://www.uae-yellowpages.ae/listing-category/mep-contractors/?page=5,
Dubai,Dubai,Dubai,,https://www.uae-yellowpages.ae/listing-category/mep-contractors/?page=5,
04-2561903,"04-2561903 Products & Services Carpenters and Joiners, Clinic Interiors, Customized Furniture, Design and Build, Exhibition Stands Exhibition Stands Designers And Manufacturers, False Ceiling, Fitout Company, Fitout Consultants, Fitout Contractors, Fitouts, Food and Beverage Turnkey Contractors, Gypsum Interior Decorators, Hospital Interiors, Interior Consultants, Interior Contractors, Interior Decoration, Interior Decorators, Interior Decorators And Designers, Interior Designers, Interior Fitouts, Kiosks, Kitchen Cabinets, MEP Contractors, Office Chairs, Office Furniture, Office Interiors, Office Modification, Partitions, Restaurant Interiors, Shop Fitouts Read More",,04-2561903,https://www.uae-yellowpages.ae/listing-category/mep-contractors/?page=5,
Products & Services,"04-2561903 Products & Services Carpenters and Joiners, Clinic Interiors, Customized Furniture, Design and Build, Exhibition Stands Exhibition Stands Designers And Manufacturers, False Ceiling, Fitout Company, Fitout Consultants, Fitout Contractors, Fitouts, Food and Beverage Turnkey Contractors, Gypsum Interior Decorators, Hospital Interiors, Interior Consultants, Interior Contractors, Interior Decoration, Interior Decorators, Interior Decorators And Designers, Interior Designers, Interior Fitouts, Kiosks, Kitchen Cabinets, MEP Contractors, Office Chairs, Office Furniture, Office Interiors, Office Modification, Partitions, Restaurant Interiors, Shop Fitouts Read More",,04-2561903,https://www.uae-yellowpages.ae/listing-category/mep-contractors/?page=5,
"1001, 10th Floor, The Binary By Omniyat, Business Bay","Design Concepts International more info 1001, 10th Floor, The Binary By Omniyat, Business Bay Dubai 24465 04-2400993 04-4357573 Products & Services Architectural Consultants, Civil Engineers, Interior Designers, Interior Designers and Consultants, Landscaping Contractors MEP Contractors, Project Management, Structural Engineering Read More Map Send Enquiry",Dubai,04-2400993,https://www.uae-yellowpages.ae/listing-category/mep-contractors/?page=5,
Dubai 24465,Dubai 24465,Dubai,,https://www.uae-yellowpages.ae/listing-category/mep-contractors/?page=5,
04-2400993 04-4357573,"04-2400993 04-4357573 Products & Services Architectural Consultants, Civil Engineers, Interior Designers, Interior Designers and Consultants, Landscaping Contractors MEP Contractors, Project Management, Structural Engineering Read More",,04-2400993,https://www.uae-yellowpages.ae/listing-category/mep-contractors/?page=5,
Products & Services,"04-2400993 04-4357573 Products & Services Architectural Consultants, Civil Engineers, Interior Designers, Interior Designers and Consultants, Landscaping Contractors MEP Contractors, Project Management, Structural Engineering Read More",,04-2400993,https://www.uae-yellowpages.ae/listing-category/mep-contractors/?page=5,
Ras Al Khor,"Al Kharbash Facilities Management more info Ras Al Khor Dubai 31311 04-3338733 04-3200356 Products & Services Building Cleaning, Building Maintenance-Repairs and Restoration, Cleaning and Janitorial Services, Facilities Management, General Maintenance MEP Contractors, Security Guard Read More Map Images Send Enquiry",Dubai,04-3338733,https://www.uae-yellowpages.ae/listing-category/mep-contractors/?page=5,
Dubai 31311,Dubai 31311,Dubai,,https://www.uae-yellowpages.ae/listing-category/mep-contractors/?page=5,
04-3338733 04-3200356,"04-3338733 04-3200356 Products & Services Building Cleaning, Building Maintenance-Repairs and Restoration, Cleaning and Janitorial Services, Facilities Management, General Maintenance MEP Contractors, Security Guard Read More",,04-3338733,https://www.uae-yellowpages.ae/listing-category/mep-contractors/?page=5,
Products & Services,"04-3338733 04-3200356 Products & Services Building Cleaning, Building Maintenance-Repairs and Restoration, Cleaning and Janitorial Services, Facilities Management, General Maintenance MEP Contractors, Security Guard Read More",,04-3338733,https://www.uae-yellowpages.ae/listing-category/mep-contractors/?page=5,
Dubai 1589,Dubai 1589,Dubai,,https://www.uae-yellowpages.ae/listing-category/mep-contractors/?page=5,
04-2344457 04-2344458,"04-2344457 04-2344458 Products & Services MEP Contractors, Warehousing Services",,04-2344457,https://www.uae-yellowpages.ae/listing-category/mep-contractors/?page=5,
Products & Services,"04-2344457 04-2344458 Products & Services MEP Contractors, Warehousing Services",,04-2344457,https://www.uae-yellowpages.ae/listing-category/mep-contractors/?page=5,
Dip 1,"Bin Dasmal Contracting more info Dip 1 Dubai 5389 04-8067676 04-8067677 Products & Services Air Conditioning Engineers Installation And Maintenance, Air Conditioning Equipment And Systems Repairs And Maintenance, Air Conditioning Services, HVAC, MEP Contractors MEP Maintenance, MEP Services, MEP Works Read More Map Images Send Enquiry",Dubai,04-8067676,https://www.uae-yellowpages.ae/listing-category/mep-contractors/?page=5,
Dubai 5389,Dubai 5389,Dubai,,https://www.uae-yellowpages.ae/listing-category/mep-contractors/?page=5,
04-8067676 04-8067677,"04-8067676 04-8067677 Products & Services Air Conditioning Engineers Installation And Maintenance, Air Conditioning Equipment And Systems Repairs And Maintenance, Air Conditioning Services, HVAC, MEP Contractors MEP Maintenance, MEP Services, MEP Works Read More",,04-8067676,https://www.uae-yellowpages.ae/listing-category/mep-contractors/?page=5,
Products & Services,"04-8067676 04-8067677 Products & Services Air Conditioning Engineers Installation And Maintenance, Air Conditioning Equipment And Systems Repairs And Maintenance, Air Conditioning Services, HVAC, MEP Contractors MEP Maintenance, MEP Services, MEP Works Read More",,04-8067676,https://www.uae-yellowpages.ae/listing-category/mep-contractors/?page=5,
"Office 304, Garhoud Star","Al Ikhaa Contracting LLC more info Office 304, Garhoud Star Dubai 251680 04-3471516 04-3471786 Products & Services Annual Maintenance Contracts, Building Contractors, Construction Companies, Contractor General, Design And Build Contracting Facilities Management, Fire Alarm Installation, Fire Fighting Installation, Fitout Contractors, Interior Decorators, MEP Contractors, Steel Buildings, Steel Construction, Steel Fabrication and Erection, Turnkey Projects, Villa Contractors, Warehouse Construction Read More Map Images Send Enquiry",Dubai,04-3471516,https://www.uae-yellowpages.ae/listing-category/mep-contractors/?page=5,
Dubai 251680,Dubai 251680,Dubai,,https://www.uae-yellowpages.ae/listing-category/mep-contractors/?page=5,
04-3471516 04-3471786,"04-3471516 04-3471786 Products & Services Annual Maintenance Contracts, Building Contractors, Construction Companies, Contractor General, Design And Build Contracting Facilities Management, Fire Alarm Installation, Fire Fighting Installation, Fitout Contractors, Interior Decorators, MEP Contractors, Steel Buildings, Steel Construction, Steel Fabrication and Erection, Turnkey Projects, Villa Contractors, Warehouse Construction Read More",,04-3471516,https://www.uae-yellowpages.ae/listing-category/mep-contractors/?page=5,
Products & Services,"04-3471516 04-3471786 Products & Services Annual Maintenance Contracts, Building Contractors, Construction Companies, Contractor General, Design And Build Contracting Facilities Management, Fire Alarm Installation, Fire Fighting Installation, Fitout Contractors, Interior Decorators, MEP Contractors, Steel Buildings, Steel Construction, Steel Fabrication and Erection, Turnkey Projects, Villa Contractors, Warehouse Construction Read More",,04-3471516,https://www.uae-yellowpages.ae/listing-category/mep-contractors/?page=5,
"Al Awir 800, Dubai - Hatta Road (E44)","Al Naboodah Group Enterprises more info Al Awir 800, Dubai - Hatta Road (E44) Dubai 1200 04-2948888 04-2948988 Products & Services Agricultural, Automotive, Building, Building Contractors, Civil Engineering Civil Engineering Contractors, Electrical, Fitouts, Heavy Equipment, Logistics, MEP, MEP Contractors, Transportation, Travel Agents Read More Map Send Enquiry",Dubai,04-2948888,https://www.uae-yellowpages.ae/listing-category/mep-contractors/?page=5,
Dubai 1200,Dubai 1200,Dubai,,https://www.uae-yellowpages.ae/listing-category/mep-contractors/?page=5,
04-2948888 04-2948988,"04-2948888 04-2948988 Products & Services Agricultural, Automotive, Building, Building Contractors, Civil Engineering Civil Engineering Contractors, Electrical, Fitouts, Heavy Equipment, Logistics, MEP, MEP Contractors, Transportation, Travel Agents Read More",,04-2948888,https://www.uae-yellowpages.ae/listing-category/mep-contractors/?page=5,
Products & Services,"04-2948888 04-2948988 Products & Services Agricultural, Automotive, Building, Building Contractors, Civil Engineering Civil Engineering Contractors, Electrical, Fitouts, Heavy Equipment, Logistics, MEP, MEP Contractors, Transportation, Travel Agents Read More",,04-2948888,https://www.uae-yellowpages.ae/listing-category/mep-contractors/?page=5,
Al Awir,"Al Naboodah Construction Group more info Al Awir Dubai 33900 04-2948777 04-2948833 Products & Services Asphalt, Building Contractors, Civil Engineering, Civil Engineering Companies, Concrete Construction Companies, Facilities Management, MEP Contractors, Plant and Machinery Read More Map Send Enquiry",Dubai,04-2948777,https://www.uae-yellowpages.ae/listing-category/mep-contractors/?page=5,
Dubai 33900,Dubai 33900,Dubai,,https://www.uae-yellowpages.ae/listing-category/mep-contractors/?page=5,
04-2948777 04-2948833,"04-2948777 04-2948833 Products & Services Asphalt, Building Contractors, Civil Engineering, Civil Engineering Companies, Concrete Construction Companies, Facilities Management, MEP Contractors, Plant and Machinery Read More",,04-2948777,https://www.uae-yellowpages.ae/listing-category/mep-contractors/?page=5,
Products & Services,"04-2948777 04-2948833 Products & Services Asphalt, Building Contractors, Civil Engineering, Civil Engineering Companies, Concrete Construction Companies, Facilities Management, MEP Contractors, Plant and Machinery Read More",,04-2948777,https://www.uae-yellowpages.ae/listing-category/mep-contractors/?page=5,
"B1002, Belrasheed Towers, Al Qusais","Smart Elite Group more info B1002, Belrasheed Towers, Al Qusais Dubai 04-2220333 Products & Services Computer Supplies, MEP Contractors, Technical Services Send Enquiry",Dubai,04-2220333,https://www.uae-yellowpages.ae/listing-category/mep-contractors/?page=5,
Dubai,Dubai,Dubai,,https://www.uae-yellowpages.ae/listing-category/mep-contractors/?page=5,
04-2220333,"04-2220333 Products & Services Computer Supplies, MEP Contractors, Technical Services",,04-2220333,https://www.uae-yellowpages.ae/listing-category/mep-contractors/?page=5,
Products & Services,"04-2220333 Products & Services Computer Supplies, MEP Contractors, Technical Services",,04-2220333,https://www.uae-yellowpages.ae/listing-category/mep-contractors/?page=5,
"Office 202, Fahad Building 4, Damascus Street, Al Qusais","Sashma Contracting LLC more info Office 202, Fahad Building 4, Damascus Street, Al Qusais Dubai 19079 04-2360401 052-2701144 Products & Services IT Solutions, MEP Contractors, Steel Fabricators and Engineers Send Enquiry",Dubai,04-2360401,https://www.uae-yellowpages.ae/listing-category/mep-contractors/?page=5,
Dubai 19079,Dubai 19079,Dubai,,https://www.uae-yellowpages.ae/listing-category/mep-contractors/?page=5,
04-2360401 052-2701144,"04-2360401 052-2701144 Products & Services IT Solutions, MEP Contractors, Steel Fabricators and Engineers",,04-2360401,https://www.uae-yellowpages.ae/listing-category/mep-contractors/?page=5,
Products & Services,"04-2360401 052-2701144 Products & Services IT Solutions, MEP Contractors, Steel Fabricators and Engineers",,04-2360401,https://www.uae-yellowpages.ae/listing-category/mep-contractors/?page=5,
"W/H 37 B, Opp Jotun Paints, Al Quoz Indl Area 2","San Paul Electro Mechanical Works LLC more info W/H 37 B, Opp Jotun Paints, Al Quoz Indl Area 2 Dubai 115217 04-3808813 04-3808812 Products & Services Electrical Contractors and Electricians, Fitouts, MEP Contractors, Painting, Plumbing Map Send Enquiry",Dubai,04-3808813,https://www.uae-yellowpages.ae/listing-category/mep-contractors/?page=5,
Dubai 115217,Dubai 115217,Dubai,,https://www.uae-yellowpages.ae/listing-category/mep-contractors/?page=5,
04-3808813 04-3808812,"04-3808813 04-3808812 Products & Services Electrical Contractors and Electricians, Fitouts, MEP Contractors, Painting, Plumbing",,04-3808813,https://www.uae-yellowpages.ae/listing-category/mep-contractors/?page=5,
Products & Services,"04-3808813 04-3808812 Products & Services Electrical Contractors and Electricians, Fitouts, MEP Contractors, Painting, Plumbing",,04-3808813,https://www.uae-yellowpages.ae/listing-category/mep-contractors/?page=5,
"Near Jotun Paints, Al Quoz 2","Sinas Interior more info Near Jotun Paints, Al Quoz 2 Dubai 2952 04-3393231 04-3393231 Products & Services Carpenters and Joiners, Carpet Contractors, Contractors Turnkey Projects, Fitout Contractors, Fitouts Interior Decorators, Interior Designers and Consultants, Joinery, MEP Contractors, Office Fitout, Turnkey Projects Read More Map Images Send Enquiry",Dubai,04-3393231,https://www.uae-yellowpages.ae/listing-category/mep-contractors/?page=5,
Dubai 2952,Dubai 2952,Dubai,,https://www.uae-yellowpages.ae/listing-category/mep-contractors/?page=5,
04-3393231 04-3393231,"04-3393231 04-3393231 Products & Services Carpenters and Joiners, Carpet Contractors, Contractors Turnkey Projects, Fitout Contractors, Fitouts Interior Decorators, Interior Designers and Consultants, Joinery, MEP Contractors, Office Fitout, Turnkey Projects Read More",,04-3393231,https://www.uae-yellowpages.ae/listing-category/mep-contractors/?page=5,
Products & Services,"04-3393231 04-3393231 Products & Services Carpenters and Joiners, Carpet Contractors, Contractors Turnkey Projects, Fitout Contractors, Fitouts Interior Decorators, Interior Designers and Consultants, Joinery, MEP Contractors, Office Fitout, Turnkey Projects Read More",,04-3393231,https://www.uae-yellowpages.ae/listing-category/mep-contractors/?page=5,
"Indl Area 2, Al Quoz","Sultan Al Joakar Technical Services LLC more info Indl Area 2, Al Quoz Dubai 23624 04-3477613 050-6535291 04-3404860 Products & Services Electrical Contractors, Electrical Contractors and Electricians, Electromechanical Engineers and Consultants, MEP Contractors, MEP Works Oilfield Contractors and Services, Pipeline Contractors, Plumbing and Sanitary Contractors, Steel Fabricators, Steel Fabricators and Engineers, Technical Services Read More Map Send Enquiry",Dubai,04-3477613,https://www.uae-yellowpages.ae/listing-category/mep-contractors/?page=5,
Dubai 23624,Dubai 23624,Dubai,,https://www.uae-yellowpages.ae/listing-category/mep-contractors/?page=5,
04-3477613 050-6535291 04-3404860,"04-3477613 050-6535291 04-3404860 Products & Services Electrical Contractors, Electrical Contractors and Electricians, Electromechanical Engineers and Consultants, MEP Contractors, MEP Works Oilfield Contractors and Services, Pipeline Contractors, Plumbing and Sanitary Contractors, Steel Fabricators, Steel Fabricators and Engineers, Technical Services Read More",,04-3477613,https://www.uae-yellowpages.ae/listing-category/mep-contractors/?page=5,
Products & Services,"04-3477613 050-6535291 04-3404860 Products & Services Electrical Contractors, Electrical Contractors and Electricians, Electromechanical Engineers and Consultants, MEP Contractors, MEP Works Oilfield Contractors and Services, Pipeline Contractors, Plumbing and Sanitary Contractors, Steel Fabricators, Steel Fabricators and Engineers, Technical Services Read More",,04-3477613,https://www.uae-yellowpages.ae/listing-category/mep-contractors/?page=5,
"Damascus St, Al Qusais","Power Access Electromechanical Works more info Damascus St, Al Qusais Dubai 251891 04-2640300 055-2577555 04-2640301 Products & Services Contractors Electromechanical, MEP Contractors, Plumbing and Sanitary Contractors Send Enquiry",Dubai,04-2640300,https://www.uae-yellowpages.ae/listing-category/mep-contractors/?page=5,
Dubai 251891,Dubai 251891,Dubai,,https://www.uae-yellowpages.ae/listing-category/mep-contractors/?page=5,
04-2640300 055-2577555 04-2640301,"04-2640300 055-2577555 04-2640301 Products & Services Contractors Electromechanical, MEP Contractors, Plumbing and Sanitary Contractors",,04-2640300,https://www.uae-yellowpages.ae/listing-category/mep-contractors/?page=5,
Products & Services,"04-2640300 055-2577555 04-2640301 Products & Services Contractors Electromechanical, MEP Contractors, Plumbing and Sanitary Contractors",,04-2640300,https://www.uae-yellowpages.ae/listing-category/mep-contractors/?page=5,
"M13, Dar Almaha Building, Near Abu Hail Metro Station, Abu Hail, Deira","Mohammed Aber Technical Services LLC more info M13, Dar Almaha Building, Near Abu Hail Metro Station, Abu Hail, Deira Dubai 95613 04-2209109 050-2777318 056-2777318 Products & Services Air Conditioning Engineers Installation And Maintenance, False Ceiling, MEP Contractors, Painting Contracting, Partitions Technical Services Read More Map Images Send Enquiry",Dubai,04-2209109,https://www.uae-yellowpages.ae/listing-category/mep-contractors/?page=5,
Dubai 95613,Dubai 95613,Dubai,,https://www.uae-yellowpages.ae/listing-category/mep-contractors/?page=5,
04-2209109 050-2777318 056-2777318,"04-2209109 050-2777318 056-2777318 Products & Services Air Conditioning Engineers Installation And Maintenance, False Ceiling, MEP Contractors, Painting Contracting, Partitions Technical Services Read More",,04-2209109,https://www.uae-yellowpages.ae/listing-category/mep-contractors/?page=5,
Products & Services,"04-2209109 050-2777318 056-2777318 Products & Services Air Conditioning Engineers Installation And Maintenance, False Ceiling, MEP Contractors, Painting Contracting, Partitions Technical Services Read More",,04-2209109,https://www.uae-yellowpages.ae/listing-category/mep-contractors/?page=5,
"Office 857, 8th Floor, Al Gaith Tower, Near Lulu Express, Hamdan Street","Stylish Advanced Decor more info Office 857, 8th Floor, Al Gaith Tower, Near Lulu Express, Hamdan Street Abu Dhabi 108744 02-5089124 050-5121868 Products & Services 3D Visualization, AC Contractors, AC Maintenance, Aluminium and Glass Works, Architectural Design Authority Approvals, Bathroom Renovation, Carpentry, Carpet Flooring, Commercial Kitchen, Commercial Space Design and Fitouts, Decoration Works, Electromechanical Contractors, Exhibition Stands, False Ceiling, Fire Rated Doors, Fitout Contractors, Flooring, Glass Doors, Glass Partition Works, Glass Partitions, Glass Works, Gypsum Decoration, Gypsum Decoration Works, Gypsum Interior Decorators, Gypsum Partition, HVAC Contractors, Interior Decorators, Interior Decorators And Designers, Interior Fitouts, Joinery, Kiosks, Kitchen Cabinets, Mashrabiya Pattern, MEP Contractors, Office Fitout, Office Modification, Office Renovation, Parquet Flooring, Partitions, Renovation Companies, Restaurant Decoration, Restaurant Fitouts, Restaurant Interiors, Tiles Fixing, Turnkey Projects, Villa Renovation, Wooden Cladding, Wooden Doors Read More Map Images Send Enquiry",Abu Dhabi,02-5089124,https://www.uae-yellowpages.ae/listing-category/mep-contractors/?page=5,
Abu Dhabi 108744,Abu Dhabi 108744,Abu Dhabi,,https://www.uae-yellowpages.ae/listing-category/mep-contractors/?page=5,
02-5089124 050-5121868,"02-5089124 050-5121868 Products & Services 3D Visualization, AC Contractors, AC Maintenance, Aluminium and Glass Works, Architectural Design Authority Approvals, Bathroom Renovation, Carpentry, Carpet Flooring, Commercial Kitchen, Commercial Space Design and Fitouts, Decoration Works, Electromechanical Contractors, Exhibition Stands, False Ceiling, Fire Rated Doors, Fitout Contractors, Flooring, Glass Doors, Glass Partition Works, Glass Partitions, Glass Works, Gypsum Decoration, Gypsum Decoration Works, Gypsum Interior Decorators, Gypsum Partition, HVAC Contractors, Interior Decorators, Interior Decorators And Designers, Interior Fitouts, Joinery, Kiosks, Kitchen Cabinets, Mashrabiya Pattern, MEP Contractors, Office Fitout, Office Modification, Office Renovation, Parquet Flooring, Partitions, Renovation Companies, Restaurant Decoration, Restaurant Fitouts, Restaurant Interiors, Tiles Fixing, Turnkey Projects, Villa Renovation, Wooden Cladding, Wooden Doors Read More",,02-5089124,https://www.uae-yellowpages.ae/listing-category/mep-contractors/?page=5,
Products & Services,"02-5089124 050-5121868 Products & Services 3D Visualization, AC Contractors, AC Maintenance, Aluminium and Glass Works, Architectural Design Authority Approvals, Bathroom Renovation, Carpentry, Carpet Flooring, Commercial Kitchen, Commercial Space Design and Fitouts, Decoration Works, Electromechanical Contractors, Exhibition Stands, False Ceiling, Fire Rated Doors, Fitout Contractors, Flooring, Glass Doors, Glass Partition Works, Glass Partitions, Glass Works, Gypsum Decoration, Gypsum Decoration Works, Gypsum Interior Decorators, Gypsum Partition, HVAC Contractors, Interior Decorators, Interior Decorators And Designers, Interior Fitouts, Joinery, Kiosks, Kitchen Cabinets, Mashrabiya Pattern, MEP Contractors, Office Fitout, Office Modification, Office Renovation, Parquet Flooring, Partitions, Renovation Companies, Restaurant Decoration, Restaurant Fitouts, Restaurant Interiors, Tiles Fixing, Turnkey Projects, Villa Renovation, Wooden Cladding, Wooden Doors Read More",,02-5089124,https://www.uae-yellowpages.ae/listing-category/mep-contractors/?page=5,
"M-11, Mussafah","High Bright Air Condition and General Maintenance more info M-11, Mussafah Abu Dhabi 055-4021782 Products & Services AC Maintenance, Air Conditioning Contractors, Air Conditioning Ducting Grills And Diffusers, Air Conditioning Equipment And Systems Repairs And Maintenance, Air Conditioning Equipment Suppliers Building Maintenance, Chilled Water Pipes Installation, Electrical Works, FCU Installation, General Maintenance, Heat Exchangers Installation, HVAC Annual Maintenance, HVAC Contractors, Hvac System Services, MEP Contractors, Plumbing Works Read More Images Send Enquiry",Abu Dhabi,055-4021782,https://www.uae-yellowpages.ae/listing-category/mep-contractors/?page=5,
Abu Dhabi,Abu Dhabi,Abu Dhabi,,https://www.uae-yellowpages.ae/listing-category/mep-contractors/?page=5,
055-4021782,"055-4021782 Products & Services AC Maintenance, Air Conditioning Contractors, Air Conditioning Ducting Grills And Diffusers, Air Conditioning Equipment And Systems Repairs And Maintenance, Air Conditioning Equipment Suppliers Building Maintenance, Chilled Water Pipes Installation, Electrical Works, FCU Installation, General Maintenance, Heat Exchangers Installation, HVAC Annual Maintenance, HVAC Contractors, Hvac System Services, MEP Contractors, Plumbing Works Read More",,055-4021782,https://www.uae-yellowpages.ae/listing-category/mep-contractors/?page=5,
Products & Services,"055-4021782 Products & Services AC Maintenance, Air Conditioning Contractors, Air Conditioning Ducting Grills And Diffusers, Air Conditioning Equipment And Systems Repairs And Maintenance, Air Conditioning Equipment Suppliers Building Maintenance, Chilled Water Pipes Installation, Electrical Works, FCU Installation, General Maintenance, Heat Exchangers Installation, HVAC Annual Maintenance, HVAC Contractors, Hvac System Services, MEP Contractors, Plumbing Works Read More",,055-4021782,https://www.uae-yellowpages.ae/listing-category/mep-contractors/?page=5,
Hamdan Street,"Mars Maintenance and Cleaning Services more info Hamdan Street Abu Dhabi 47479 02-6794190 050-6228169 Products & Services Building Cleaning, Building Maintenance, Cleaning Services, General Maintenance, Maid Services MEP Contractors, Tanks Cleaning Read More Send Enquiry",Abu Dhabi,02-6794190,https://www.uae-yellowpages.ae/listing-category/mep-contractors/?page=5,
Abu Dhabi 47479,Abu Dhabi 47479,Abu Dhabi,,https://www.uae-yellowpages.ae/listing-category/mep-contractors/?page=5,
02-6794190 050-6228169,"02-6794190 050-6228169 Products & Services Building Cleaning, Building Maintenance, Cleaning Services, General Maintenance, Maid Services MEP Contractors, Tanks Cleaning Read More",,02-6794190,https://www.uae-yellowpages.ae/listing-category/mep-contractors/?page=5,
Products & Services,"02-6794190 050-6228169 Products & Services Building Cleaning, Building Maintenance, Cleaning Services, General Maintenance, Maid Services MEP Contractors, Tanks Cleaning Read More",,02-6794190,https://www.uae-yellowpages.ae/listing-category/mep-contractors/?page=5,
"M-02, Building C-71, Shabia-10, Mussafah","Vigor Electromechanical LLC more info M-02, Building C-71, Shabia-10, Mussafah Abu Dhabi 110963 02-6225482 052-1413338 02-6225483 Products & Services Contractors Electromechanical, Design and Drafting, Electrical Contractors, Electrical Contractors and Electricians, Electromechanical Electromechanical Engineers and Consultants, Marine Contractors, Mechanical Contractors, MEP Contractors, Plumbing and Sanitary Contractors, Plumbing Systems, Testing and Commissioning Read More Map Send Enquiry",Abu Dhabi,02-6225482,https://www.uae-yellowpages.ae/listing-category/mep-contractors/?page=5,
Abu Dhabi 110963,Abu Dhabi 110963,Abu Dhabi,,https://www.uae-yellowpages.ae/listing-category/mep-contractors/?page=5,
02-6225482 052-1413338 02-6225483,"02-6225482 052-1413338 02-6225483 Products & Services Contractors Electromechanical, Design and Drafting, Electrical Contractors, Electrical Contractors and Electricians, Electromechanical Electromechanical Engineers and Consultants, Marine Contractors, Mechanical Contractors, MEP Contractors, Plumbing and Sanitary Contractors, Plumbing Systems, Testing and Commissioning Read More",,02-6225482,https://www.uae-yellowpages.ae/listing-category/mep-contractors/?page=5,
Products & Services,"02-6225482 052-1413338 02-6225483 Products & Services Contractors Electromechanical, Design and Drafting, Electrical Contractors, Electrical Contractors and Electricians, Electromechanical Electromechanical Engineers and Consultants, Marine Contractors, Mechanical Contractors, MEP Contractors, Plumbing and Sanitary Contractors, Plumbing Systems, Testing and Commissioning Read More",,02-6225482,https://www.uae-yellowpages.ae/listing-category/mep-contractors/?page=5,
Advertise With Us,Advertise With Us,,,https://www.uae-yellowpages.ae/listing-category/mep-contractors/?page=5,
Zayed 1st Street (Electra Road),"Granite Construction Co W.L.L more info Zayed 1st Street (Electra Road) Abu Dhabi 842 02-6770080 02-6774729 Products & Services Electromechanical Contractors, General Contractors, Offshore Construction & Supplies, Offshore Construction Services, Oilfield Contractors Maps Images Website Send Enquiry",Abu Dhabi,02-6770080,https://www.uae-yellowpages.ae/listing-category/electromechanical-contractors/,
Abu Dhabi 842,Abu Dhabi 842,Abu Dhabi,,https://www.uae-yellowpages.ae/listing-category/electromechanical-contractors/,
02-6770080 02-6774729,"02-6770080 02-6774729 Products & Services Electromechanical Contractors, General Contractors, Offshore Construction & Supplies, Offshore Construction Services, Oilfield Contractors",,02-6770080,https://www.uae-yellowpages.ae/listing-category/electromechanical-contractors/,
Products & Services,"02-6770080 02-6774729 Products & Services Electromechanical Contractors, General Contractors, Offshore Construction & Supplies, Offshore Construction Services, Oilfield Contractors",,02-6770080,https://www.uae-yellowpages.ae/listing-category/electromechanical-contractors/,
"Block 1, D 153, M 33, Sanaya Road, Musaffah","Taurus Group more info Block 1, D 153, M 33, Sanaya Road, Musaffah Abu Dhabi 778380 02-5582800 054-5817080 02-5582770 Products & Services Ac Brackets & Slotted Channels, Ac Equipment & Systems, AC Installation, AC Maintenance, Ac Manufacturers AC Parts, Ac Parts & Tools, AC Spare Parts, AHA Training, Air Compressor, Air Conditioning, Air Conditioning Engineers Installation And Maintenance, Air Conditioning Equipment Suppliers, Air Curtains, BLS Training, Building Management Systems, Building Management Systems-BMS, Civil Defense Approved Contractors, Electrical Labour Supply, Electromechanical Contractors, Emergency Exit Light System, Emergency Lighting, Facilities Management, Fire Alarm Systems, Fire Damper, Fire Extinguishers, Fire Fighting Contractors, Fire Fighting Equipment, Fire Fighting Equipment Manufacturers, Fire Fighting Maintenance, Fire Hose, Fire Protection, Fire Protection and Fire Fighting Equipment and Service, Fire Suppression System, First Aid AED, First Aid AHA, First Aid CRP, First Aid Training, FM 200 Fire Suppression, FM 200 System, General Contractors, HassanTuk Fire Alarm Monitor, HVAC Controls, Hvac Controls Thermostats And Transformers, HVAC Labour Supply, Hvac Products & Accessories, Labour Supply, Labour Supply Services, Manpower Suppliers, Manpower Supply, Midea Air Conditioners, Mitsubishi Air Conditioners, Offshore Construction & Supplies, Offshore Construction Services, Oilfield Contractors, Oilfield Contractors & Services, Safety Equipment, Sprinkler System, Transport Companies Read More Brand(s) ALDES Fans | ALDES Fire Damper | ALDES Pressure Fans | ALDES Smoke Control System | ALDES Ventilation Control System HASSANTUK Fire Alarm Monitor | MINIMAX Fire Alarm | MINIMAX Fire Fighting Equipment | MINIMAX Fire Hose | MINIMAX Fire Solutions | MINIMAX FM 200 Fire Suppression | MINIMAX Sprinkler System | SVT Fire Sealant | SVT Fire Stop | VESDA Aspirating Smoke Detector Read More Features Maps Images Website Send Enquiry",Abu Dhabi,02-5582800,https://www.uae-yellowpages.ae/listing-category/electromechanical-contractors/,
Abu Dhabi 778380,Abu Dhabi 778380,Abu Dhabi,,https://www.uae-yellowpages.ae/listing-category/electromechanical-contractors/,
02-5582800 054-5817080 02-5582770,"02-5582800 054-5817080 02-5582770 Products & Services Ac Brackets & Slotted Channels, Ac Equipment & Systems, AC Installation, AC Maintenance, Ac Manufacturers AC Parts, Ac Parts & Tools, AC Spare Parts, AHA Training, Air Compressor, Air Conditioning, Air Conditioning Engineers Installation And Maintenance, Air Conditioning Equipment Suppliers, Air Curtains, BLS Training, Building Management Systems, Building Management Systems-BMS, Civil Defense Approved Contractors, Electrical Labour Supply, Electromechanical Contractors, Emergency Exit Light System, Emergency Lighting, Facilities Management, Fire Alarm Systems, Fire Damper, Fire Extinguishers, Fire Fighting Contractors, Fire Fighting Equipment, Fire Fighting Equipment Manufacturers, Fire Fighting Maintenance, Fire Hose, Fire Protection, Fire Protection and Fire Fighting Equipment and Service, Fire Suppression System, First Aid AED, First Aid AHA, First Aid CRP, First Aid Training, FM 200 Fire Suppression, FM 200 System, General Contractors, HassanTuk Fire Alarm Monitor, HVAC Controls, Hvac Controls Thermostats And Transformers, HVAC Labour Supply, Hvac Products & Accessories, Labour Supply, Labour Supply Services, Manpower Suppliers, Manpower Supply, Midea Air Conditioners, Mitsubishi Air Conditioners, Offshore Construction & Supplies, Offshore Construction Services, Oilfield Contractors, Oilfield Contractors & Services, Safety Equipment, Sprinkler System, Transport Companies Read More Brand(s) ALDES Fans | ALDES Fire Damper | ALDES Pressure Fans | ALDES Smoke Control System | ALDES Ventilation Control System HASSANTUK Fire Alarm Monitor | MINIMAX Fire Alarm | MINIMAX Fire Fighting Equipment | MINIMAX Fire Hose | MINIMAX Fire Solutions | MINIMAX FM 200 Fire Suppression | MINIMAX Sprinkler System | SVT Fire Sealant | SVT Fire Stop | VESDA Aspirating Smoke Detector Read More Features",,02-5582800,https://www.uae-yellowpages.ae/listing-category/electromechanical-contractors/,
Products & Services,"02-5582800 054-5817080 02-5582770 Products & Services Ac Brackets & Slotted Channels, Ac Equipment & Systems, AC Installation, AC Maintenance, Ac Manufacturers AC Parts, Ac Parts & Tools, AC Spare Parts, AHA Training, Air Compressor, Air Conditioning, Air Conditioning Engineers Installation And Maintenance, Air Conditioning Equipment Suppliers, Air Curtains, BLS Training, Building Management Systems, Building Management Systems-BMS, Civil Defense Approved Contractors, Electrical Labour Supply, Electromechanical Contractors, Emergency Exit Light System, Emergency Lighting, Facilities Management, Fire Alarm Systems, Fire Damper, Fire Extinguishers, Fire Fighting Contractors, Fire Fighting Equipment, Fire Fighting Equipment Manufacturers, Fire Fighting Maintenance, Fire Hose, Fire Protection, Fire Protection and Fire Fighting Equipment and Service, Fire Suppression System, First Aid AED, First Aid AHA, First Aid CRP, First Aid Training, FM 200 Fire Suppression, FM 200 System, General Contractors, HassanTuk Fire Alarm Monitor, HVAC Controls, Hvac Controls Thermostats And Transformers, HVAC Labour Supply, Hvac Products & Accessories, Labour Supply, Labour Supply Services, Manpower Suppliers, Manpower Supply, Midea Air Conditioners, Mitsubishi Air Conditioners, Offshore Construction & Supplies, Offshore Construction Services, Oilfield Contractors, Oilfield Contractors & Services, Safety Equipment, Sprinkler System, Transport Companies Read More Brand(s) ALDES Fans | ALDES Fire Damper | ALDES Pressure Fans | ALDES Smoke Control System | ALDES Ventilation Control System HASSANTUK Fire Alarm Monitor | MINIMAX Fire Alarm | MINIMAX Fire Fighting Equipment | MINIMAX Fire Hose | MINIMAX Fire Solutions | MINIMAX FM 200 Fire Suppression | MINIMAX Sprinkler System | SVT Fire Sealant | SVT Fire Stop | VESDA Aspirating Smoke Detector Read More Features",,02-5582800,https://www.uae-yellowpages.ae/listing-category/electromechanical-contractors/,
Brand(s),"02-5582800 054-5817080 02-5582770 Products & Services Ac Brackets & Slotted Channels, Ac Equipment & Systems, AC Installation, AC Maintenance, Ac Manufacturers AC Parts, Ac Parts & Tools, AC Spare Parts, AHA Training, Air Compressor, Air Conditioning, Air Conditioning Engineers Installation And Maintenance, Air Conditioning Equipment Suppliers, Air Curtains, BLS Training, Building Management Systems, Building Management Systems-BMS, Civil Defense Approved Contractors, Electrical Labour Supply, Electromechanical Contractors, Emergency Exit Light System, Emergency Lighting, Facilities Management, Fire Alarm Systems, Fire Damper, Fire Extinguishers, Fire Fighting Contractors, Fire Fighting Equipment, Fire Fighting Equipment Manufacturers, Fire Fighting Maintenance, Fire Hose, Fire Protection, Fire Protection and Fire Fighting Equipment and Service, Fire Suppression System, First Aid AED, First Aid AHA, First Aid CRP, First Aid Training, FM 200 Fire Suppression, FM 200 System, General Contractors, HassanTuk Fire Alarm Monitor, HVAC Controls, Hvac Controls Thermostats And Transformers, HVAC Labour Supply, Hvac Products & Accessories, Labour Supply, Labour Supply Services, Manpower Suppliers, Manpower Supply, Midea Air Conditioners, Mitsubishi Air Conditioners, Offshore Construction & Supplies, Offshore Construction Services, Oilfield Contractors, Oilfield Contractors & Services, Safety Equipment, Sprinkler System, Transport Companies Read More Brand(s) ALDES Fans | ALDES Fire Damper | ALDES Pressure Fans | ALDES Smoke Control System | ALDES Ventilation Control System HASSANTUK Fire Alarm Monitor | MINIMAX Fire Alarm | MINIMAX Fire Fighting Equipment | MINIMAX Fire Hose | MINIMAX Fire Solutions | MINIMAX FM 200 Fire Suppression | MINIMAX Sprinkler System | SVT Fire Sealant | SVT Fire Stop | VESDA Aspirating Smoke Detector Read More Features",,02-5582800,https://www.uae-yellowpages.ae/listing-category/electromechanical-contractors/,
Al Qusais Industrial Area 1,"A C M E Electromechanical Works LLC more info Al Qusais Industrial Area 1 Dubai 120656 04-2583122 Products & Services Cable Laying Contractors, Calibration Services, Contractor General, Contractors Electromechanical, Contractors General Control Systems Industrial and Residential, Earthing And Lightning Protection Equipment, Electrical Contractors, Electrical Contractors and Electricians, Electrical Engineers, Electrical-Plumbing and Sanitary Ware Repairs and Services, Electromechanical Contractors, Electromechanical Equipment, Explosion Control Equipment and Systems, Flow Meters, Fuel Handling Equipment, Instrumentation, Marine and Offshore Electrical and Electronic Eqpt and Services, MEP Contractors, Process Automation Solutions Read More Maps Images Website Send Enquiry",Dubai,04-2583122,https://www.uae-yellowpages.ae/listing-category/electromechanical-contractors/,
Dubai 120656,Dubai 120656,Dubai,,https://www.uae-yellowpages.ae/listing-category/electromechanical-contractors/,
04-2583122,"04-2583122 Products & Services Cable Laying Contractors, Calibration Services, Contractor General, Contractors Electromechanical, Contractors General Control Systems Industrial and Residential, Earthing And Lightning Protection Equipment, Electrical Contractors, Electrical Contractors and Electricians, Electrical Engineers, Electrical-Plumbing and Sanitary Ware Repairs and Services, Electromechanical Contractors, Electromechanical Equipment, Explosion Control Equipment and Systems, Flow Meters, Fuel Handling Equipment, Instrumentation, Marine and Offshore Electrical and Electronic Eqpt and Services, MEP Contractors, Process Automation Solutions Read More",,04-2583122,https://www.uae-yellowpages.ae/listing-category/electromechanical-contractors/,
Products & Services,"04-2583122 Products & Services Cable Laying Contractors, Calibration Services, Contractor General, Contractors Electromechanical, Contractors General Control Systems Industrial and Residential, Earthing And Lightning Protection Equipment, Electrical Contractors, Electrical Contractors and Electricians, Electrical Engineers, Electrical-Plumbing and Sanitary Ware Repairs and Services, Electromechanical Contractors, Electromechanical Equipment, Explosion Control Equipment and Systems, Flow Meters, Fuel Handling Equipment, Instrumentation, Marine and Offshore Electrical and Electronic Eqpt and Services, MEP Contractors, Process Automation Solutions Read More",,04-2583122,https://www.uae-yellowpages.ae/listing-category/electromechanical-contractors/,
"Office 204, Happy Textile Building, Al Dhafra Dental Clinic, Hamdan Street","Uptown Technical Services LLC more info Office 204, Happy Textile Building, Al Dhafra Dental Clinic, Hamdan Street Abu Dhabi 112808 02-6394336 056-6777552 02-6394339 Products & Services Aluminum and Glass, Carpenters and Joiners, Carpentry, Civil Engineering Contractors, Commercial Interior Designers Construction Companies, Contractor General, Contractors Turnkey Projects, Electromechanical, Electromechanical Contractors, Fitout Contractors, Fitouts, General Contractors, Glass Partitions, Indoor & Outdoor Sign Manufacturer, Interior Decoration, Interior Decorators, Interior Decorators And Designers, Interior Design, Interior Design and Execution, Interior Design Company, Interior Design Services, Interior Designer, Interior Designers, Interior Designers and Consultants, Interior Designers and Contracting, Interior Designers and Decorators, Interior Designers and Fitouts, Interior Designers Contractors, Interior Designing, Interior Designing Services, Interiors, MEP Contracting, MEP Contractors, Office Fitout, Office Furniture, Oilfield Contractors, Oilfield Contractors & Services, Painting, Partitions, Renovation Companies, Renovation Contractors, Retail Contractor, Retail Renovation, Road Contractors, Turnkey Projects Read More Maps Images Send Enquiry",Abu Dhabi,02-6394336,https://www.uae-yellowpages.ae/listing-category/electromechanical-contractors/,
Abu Dhabi 112808,Abu Dhabi 112808,Abu Dhabi,,https://www.uae-yellowpages.ae/listing-category/electromechanical-contractors/,
02-6394336 056-6777552 02-6394339,"02-6394336 056-6777552 02-6394339 Products & Services Aluminum and Glass, Carpenters and Joiners, Carpentry, Civil Engineering Contractors, Commercial Interior Designers Construction Companies, Contractor General, Contractors Turnkey Projects, Electromechanical, Electromechanical Contractors, Fitout Contractors, Fitouts, General Contractors, Glass Partitions, Indoor & Outdoor Sign Manufacturer, Interior Decoration, Interior Decorators, Interior Decorators And Designers, Interior Design, Interior Design and Execution, Interior Design Company, Interior Design Services, Interior Designer, Interior Designers, Interior Designers and Consultants, Interior Designers and Contracting, Interior Designers and Decorators, Interior Designers and Fitouts, Interior Designers Contractors, Interior Designing, Interior Designing Services, Interiors, MEP Contracting, MEP Contractors, Office Fitout, Office Furniture, Oilfield Contractors, Oilfield Contractors & Services, Painting, Partitions, Renovation Companies, Renovation Contractors, Retail Contractor, Retail Renovation, Road Contractors, Turnkey Projects Read More",,02-6394336,https://www.uae-yellowpages.ae/listing-category/electromechanical-contractors/,
Products & Services,"02-6394336 056-6777552 02-6394339 Products & Services Aluminum and Glass, Carpenters and Joiners, Carpentry, Civil Engineering Contractors, Commercial Interior Designers Construction Companies, Contractor General, Contractors Turnkey Projects, Electromechanical, Electromechanical Contractors, Fitout Contractors, Fitouts, General Contractors, Glass Partitions, Indoor & Outdoor Sign Manufacturer, Interior Decoration, Interior Decorators, Interior Decorators And Designers, Interior Design, Interior Design and Execution, Interior Design Company, Interior Design Services, Interior Designer, Interior Designers, Interior Designers and Consultants, Interior Designers and Contracting, Interior Designers and Decorators, Interior Designers and Fitouts, Interior Designers Contractors, Interior Designing, Interior Designing Services, Interiors, MEP Contracting, MEP Contractors, Office Fitout, Office Furniture, Oilfield Contractors, Oilfield Contractors & Services, Painting, Partitions, Renovation Companies, Renovation Contractors, Retail Contractor, Retail Renovation, Road Contractors, Turnkey Projects Read More",,02-6394336,https://www.uae-yellowpages.ae/listing-category/electromechanical-contractors/,
02 5465600 054 4417007,"02 5465600 054 4417007 Products & Services Electromechanical Contractors, General Contractors",,02 5465600,https://www.uae-yellowpages.ae/listing-category/electromechanical-contractors/,
Products & Services,"02 5465600 054 4417007 Products & Services Electromechanical Contractors, General Contractors",,02 5465600,https://www.uae-yellowpages.ae/listing-category/electromechanical-contractors/,
"Office 384, Mussafah, M- 43","Trenton General Contracting more info Office 384, Mussafah, M- 43 Abu Dhabi 02 8776643 055 4869988 Products & Services Electromechanical Contractors, General Contractors, Offshore Construction & Supplies, Offshore Construction Services, Oilfield Contractors Images Send Enquiry",Abu Dhabi,02 8776643,https://www.uae-yellowpages.ae/listing-category/electromechanical-contractors/,
Abu Dhabi,Abu Dhabi,Abu Dhabi,,https://www.uae-yellowpages.ae/listing-category/electromechanical-contractors/,
02 8776643 055 4869988,"02 8776643 055 4869988 Products & Services Electromechanical Contractors, General Contractors, Offshore Construction & Supplies, Offshore Construction Services, Oilfield Contractors",,02 8776643,https://www.uae-yellowpages.ae/listing-category/electromechanical-contractors/,
Products & Services,"02 8776643 055 4869988 Products & Services Electromechanical Contractors, General Contractors, Offshore Construction & Supplies, Offshore Construction Services, Oilfield Contractors",,02 8776643,https://www.uae-yellowpages.ae/listing-category/electromechanical-contractors/,
"1503, Lulu Centre, Salam Street","Insulation Dynamics more info 1503, Lulu Centre, Salam Street Abu Dhabi 94378 02-6773543 Products & Services Adhesives, Civil Engineering Contractors, Contractor General, Contractors Electromechanical, Contractors General Contractors Turnkey Projects, Electromechanical Contractors, External Insulation-EIFS, Fire Rated Sealants, Fire Stop Material Supplies, Fireproofing Contractors, Fireproofing Contractors And Materials, General Contractors, Insulation and Cladding Contractors, Insulation Contractors, Insulation Contractors and Material Suppliers, Insulation Materials Acoustics, Offshore Construction, Offshore Construction & Supplies, Offshore Construction Services, Oilfield Contractors, Passive Fire Protection, Sealants, Thermal Insulation Read More Brands BOSTIK Adhesives | BOSTIK Sealants | DEN BRAVEN Adhesives | DEN BRAVEN Sealants | Read More Features Maps Images Send Enquiry Website",Abu Dhabi,02-6773543,https://www.uae-yellowpages.ae/listing-category/electromechanical-contractors/,
Abu Dhabi 94378,Abu Dhabi 94378,Abu Dhabi,,https://www.uae-yellowpages.ae/listing-category/electromechanical-contractors/,
02-6773543,"02-6773543 Products & Services Adhesives, Civil Engineering Contractors, Contractor General, Contractors Electromechanical, Contractors General Contractors Turnkey Projects, Electromechanical Contractors, External Insulation-EIFS, Fire Rated Sealants, Fire Stop Material Supplies, Fireproofing Contractors, Fireproofing Contractors And Materials, General Contractors, Insulation and Cladding Contractors, Insulation Contractors, Insulation Contractors and Material Suppliers, Insulation Materials Acoustics, Offshore Construction, Offshore Construction & Supplies, Offshore Construction Services, Oilfield Contractors, Passive Fire Protection, Sealants, Thermal Insulation Read More Brands BOSTIK Adhesives | BOSTIK Sealants | DEN BRAVEN Adhesives | DEN BRAVEN Sealants | Read More Features",,02-6773543,https://www.uae-yellowpages.ae/listing-category/electromechanical-contractors/,
Products & Services,"02-6773543 Products & Services Adhesives, Civil Engineering Contractors, Contractor General, Contractors Electromechanical, Contractors General Contractors Turnkey Projects, Electromechanical Contractors, External Insulation-EIFS, Fire Rated Sealants, Fire Stop Material Supplies, Fireproofing Contractors, Fireproofing Contractors And Materials, General Contractors, Insulation and Cladding Contractors, Insulation Contractors, Insulation Contractors and Material Suppliers, Insulation Materials Acoustics, Offshore Construction, Offshore Construction & Supplies, Offshore Construction Services, Oilfield Contractors, Passive Fire Protection, Sealants, Thermal Insulation Read More Brands BOSTIK Adhesives | BOSTIK Sealants | DEN BRAVEN Adhesives | DEN BRAVEN Sealants | Read More Features",,02-6773543,https://www.uae-yellowpages.ae/listing-category/electromechanical-contractors/,
Brands,"02-6773543 Products & Services Adhesives, Civil Engineering Contractors, Contractor General, Contractors Electromechanical, Contractors General Contractors Turnkey Projects, Electromechanical Contractors, External Insulation-EIFS, Fire Rated Sealants, Fire Stop Material Supplies, Fireproofing Contractors, Fireproofing Contractors And Materials, General Contractors, Insulation and Cladding Contractors, Insulation Contractors, Insulation Contractors and Material Suppliers, Insulation Materials Acoustics, Offshore Construction, Offshore Construction & Supplies, Offshore Construction Services, Oilfield Contractors, Passive Fire Protection, Sealants, Thermal Insulation Read More Brands BOSTIK Adhesives | BOSTIK Sealants | DEN BRAVEN Adhesives | DEN BRAVEN Sealants | Read More Features",,02-6773543,https://www.uae-yellowpages.ae/listing-category/electromechanical-contractors/,
"112, Granada Building 7, Al Hudaiba St, Near Indian Public School, Al Nakheel","Top Line Electromechanical Engineering LLC more info 112, Granada Building 7, Al Hudaiba St, Near Indian Public School, Al Nakheel Ras Al Khaimah 13230 07-2363871 050-5391038 052-6739840 Products & Services AC Maintenance Contract, Air Conditioning Duct Accessories Manufacturers and Supplier, Chilled Water Systems, Chillers, Contractors Electromechanical Contractors General, Electromechanical Contractors, HVAC Grillers and Diffusers, HVAC Maintenance Contract, HVAC Products, Offshore Construction, Oilfield Contractors Read More Map Images Send Enquiry",Ras Al Khaimah,07-2363871,https://www.uae-yellowpages.ae/listing-category/electromechanical-contractors/,
Ras Al Khaimah 13230,Ras Al Khaimah 13230,Ras Al Khaimah,,https://www.uae-yellowpages.ae/listing-category/electromechanical-contractors/,
07-2363871 050-5391038 052-6739840,"07-2363871 050-5391038 052-6739840 Products & Services AC Maintenance Contract, Air Conditioning Duct Accessories Manufacturers and Supplier, Chilled Water Systems, Chillers, Contractors Electromechanical Contractors General, Electromechanical Contractors, HVAC Grillers and Diffusers, HVAC Maintenance Contract, HVAC Products, Offshore Construction, Oilfield Contractors Read More",,07-2363871,https://www.uae-yellowpages.ae/listing-category/electromechanical-contractors/,
Products & Services,"07-2363871 050-5391038 052-6739840 Products & Services AC Maintenance Contract, Air Conditioning Duct Accessories Manufacturers and Supplier, Chilled Water Systems, Chillers, Contractors Electromechanical Contractors General, Electromechanical Contractors, HVAC Grillers and Diffusers, HVAC Maintenance Contract, HVAC Products, Offshore Construction, Oilfield Contractors Read More",,07-2363871,https://www.uae-yellowpages.ae/listing-category/electromechanical-contractors/,
"Emirates Islamic Bank Building, Hamdan Bin Abdullah Street","Leopard Contracting And Steel Construction LLC more info Emirates Islamic Bank Building, Hamdan Bin Abdullah Street Fujairah 8698 09-2229896 050-3661147 Products & Services Anchor Bolts, Car Park Shades, Chain link Fencing PVC Coated, Civil Industrial Works, Cladding Sheets Conveyor Belts, Design And Build Contracting, Electromechanical Contractors, Fencing Contractors, Fencing Work, General Contractors, Hot Rolled Steel, Industrial Construction, Industrial Contractors, Land Development, Metal Works, Offshore Construction & Supplies, Offshore Construction Services, Oilfield Contractors, PEB, Pipe Supports, Sandwich Panels, Silos, Staircases, Steel Fabricators, Steel Fabricators and Engineers, Steel Structures, Steel Warehouses, Storage Sheds, Storage Tanks, Warehouses, Warehousing And Storage Read More Map Images Send Enquiry",Fujairah,09-2229896,https://www.uae-yellowpages.ae/listing-category/electromechanical-contractors/,
Fujairah 8698,Fujairah 8698,Fujairah,,https://www.uae-yellowpages.ae/listing-category/electromechanical-contractors/,
09-2229896 050-3661147,"09-2229896 050-3661147 Products & Services Anchor Bolts, Car Park Shades, Chain link Fencing PVC Coated, Civil Industrial Works, Cladding Sheets Conveyor Belts, Design And Build Contracting, Electromechanical Contractors, Fencing Contractors, Fencing Work, General Contractors, Hot Rolled Steel, Industrial Construction, Industrial Contractors, Land Development, Metal Works, Offshore Construction & Supplies, Offshore Construction Services, Oilfield Contractors, PEB, Pipe Supports, Sandwich Panels, Silos, Staircases, Steel Fabricators, Steel Fabricators and Engineers, Steel Structures, Steel Warehouses, Storage Sheds, Storage Tanks, Warehouses, Warehousing And Storage Read More",,09-2229896,https://www.uae-yellowpages.ae/listing-category/electromechanical-contractors/,
Products & Services,"09-2229896 050-3661147 Products & Services Anchor Bolts, Car Park Shades, Chain link Fencing PVC Coated, Civil Industrial Works, Cladding Sheets Conveyor Belts, Design And Build Contracting, Electromechanical Contractors, Fencing Contractors, Fencing Work, General Contractors, Hot Rolled Steel, Industrial Construction, Industrial Contractors, Land Development, Metal Works, Offshore Construction & Supplies, Offshore Construction Services, Oilfield Contractors, PEB, Pipe Supports, Sandwich Panels, Silos, Staircases, Steel Fabricators, Steel Fabricators and Engineers, Steel Structures, Steel Warehouses, Storage Sheds, Storage Tanks, Warehouses, Warehousing And Storage Read More",,09-2229896,https://www.uae-yellowpages.ae/listing-category/electromechanical-contractors/,
"Warehouse 4, 26th Street, Al Quoz Industrial Area 4","Keletron Electromechanical Works LLC more info Warehouse 4, 26th Street, Al Quoz Industrial Area 4 Dubai 63245 04-3332185 052-2473124 050-6404610 Products & Services AC Installation, Air Conditioning Contractors, DEWA Additional Load Approval, DEWA Approval, Dewa Approved Contractors DEWA Approved Electrical Contractor, DEWA Fitout Approval, Electrical Contractors, Electrical Maintenance, Electrical Works, Electrical-Plumbing and Sanitary Ware Repairs and Services, Electromechanical Contractors, HVAC Contractors, MEP Contractors, Plumbing Contractors, Plumbing Works Read More Map Send Enquiry",Dubai,04-3332185,https://www.uae-yellowpages.ae/listing-category/electromechanical-contractors/,
Dubai 63245,Dubai 63245,Dubai,,https://www.uae-yellowpages.ae/listing-category/electromechanical-contractors/,
04-3332185 052-2473124 050-6404610,"04-3332185 052-2473124 050-6404610 Products & Services AC Installation, Air Conditioning Contractors, DEWA Additional Load Approval, DEWA Approval, Dewa Approved Contractors DEWA Approved Electrical Contractor, DEWA Fitout Approval, Electrical Contractors, Electrical Maintenance, Electrical Works, Electrical-Plumbing and Sanitary Ware Repairs and Services, Electromechanical Contractors, HVAC Contractors, MEP Contractors, Plumbing Contractors, Plumbing Works Read More",,04-3332185,https://www.uae-yellowpages.ae/listing-category/electromechanical-contractors/,
Products & Services,"04-3332185 052-2473124 050-6404610 Products & Services AC Installation, Air Conditioning Contractors, DEWA Additional Load Approval, DEWA Approval, Dewa Approved Contractors DEWA Approved Electrical Contractor, DEWA Fitout Approval, Electrical Contractors, Electrical Maintenance, Electrical Works, Electrical-Plumbing and Sanitary Ware Repairs and Services, Electromechanical Contractors, HVAC Contractors, MEP Contractors, Plumbing Contractors, Plumbing Works Read More",,04-3332185,https://www.uae-yellowpages.ae/listing-category/electromechanical-contractors/,
"Shk Ahmed Bldg, 2nd Dec Rd, Satwa","Al Thamer Electromechanical Works LLC more info Shk Ahmed Bldg, 2nd Dec Rd, Satwa Dubai 44913 04-3987840 04-3987850 Products & Services Contractors Electromechanical, Electrical Contractors and Electricians, Electromechanical Contractors Send Enquiry",Dubai,04-3987840,https://www.uae-yellowpages.ae/listing-category/electromechanical-contractors/,
Dubai 44913,Dubai 44913,Dubai,,https://www.uae-yellowpages.ae/listing-category/electromechanical-contractors/,
04-3987840 04-3987850,"04-3987840 04-3987850 Products & Services Contractors Electromechanical, Electrical Contractors and Electricians, Electromechanical Contractors",,04-3987840,https://www.uae-yellowpages.ae/listing-category/electromechanical-contractors/,
Products & Services,"04-3987840 04-3987850 Products & Services Contractors Electromechanical, Electrical Contractors and Electricians, Electromechanical Contractors",,04-3987840,https://www.uae-yellowpages.ae/listing-category/electromechanical-contractors/,
Al Qusais Indl Area 3,"Chugtai Technical Services Company more info Al Qusais Indl Area 3 Dubai 7102 04-2671412 04-2671409 Products & Services Contractors Electromechanical, Electromechanical Contractors Map Send Enquiry",Dubai,04-2671412,https://www.uae-yellowpages.ae/listing-category/electromechanical-contractors/,
Dubai 7102,Dubai 7102,Dubai,,https://www.uae-yellowpages.ae/listing-category/electromechanical-contractors/,
04-2671412 04-2671409,"04-2671412 04-2671409 Products & Services Contractors Electromechanical, Electromechanical Contractors",,04-2671412,https://www.uae-yellowpages.ae/listing-category/electromechanical-contractors/,
Products & Services,"04-2671412 04-2671409 Products & Services Contractors Electromechanical, Electromechanical Contractors",,04-2671412,https://www.uae-yellowpages.ae/listing-category/electromechanical-contractors/,
"11th Floor, Galleries 4, Jebel Ali Down Town","Daikin Middle East and Africa FZE more info 11th Floor, Galleries 4, Jebel Ali Down Town Dubai 18674 04-8159300 056-7367536 Products & Services AHU, Air Condition Equipment, Air Conditioning and Refrigeration Compressors Repairs, Air Conditioning Consultants, Air Conditioning Contractors Air Conditioning Duct Accessories Manufacturers, Air Conditioning Engineers Installation And Maintenance, Air Conditioning Equipment and Systems, Air Conditioning Equipment And Systems Parts And Supplies, Air Conditioning Equipment And Systems Repairs And Maintenance, Air Conditioning Equipment Suppliers, Air Conditioning Installation, Air Conditioning Installation And Maintenance, Air Conditioning Services, Air Handling Unit, Central Air Conditioners, Chillers, Control Systems, Control Systems Industrial and Residential, Cooling Equipment, Domestic and Commercial Chillers, Electromechanical Contractors, Fan Coil Unit, HVAC Control, HVAC Control Suppliers, Hvac Grilles And Diffusers, HVAC Products, Hvac Testing And Commissioning, Inverter, Variable Refrigerant Flow Read More Map Send Enquiry",Dubai,04-8159300,https://www.uae-yellowpages.ae/listing-category/electromechanical-contractors/,
Dubai 18674,Dubai 18674,Dubai,,https://www.uae-yellowpages.ae/listing-category/electromechanical-contractors/,
04-8159300 056-7367536,"04-8159300 056-7367536 Products & Services AHU, Air Condition Equipment, Air Conditioning and Refrigeration Compressors Repairs, Air Conditioning Consultants, Air Conditioning Contractors Air Conditioning Duct Accessories Manufacturers, Air Conditioning Engineers Installation And Maintenance, Air Conditioning Equipment and Systems, Air Conditioning Equipment And Systems Parts And Supplies, Air Conditioning Equipment And Systems Repairs And Maintenance, Air Conditioning Equipment Suppliers, Air Conditioning Installation, Air Conditioning Installation And Maintenance, Air Conditioning Services, Air Handling Unit, Central Air Conditioners, Chillers, Control Systems, Control Systems Industrial and Residential, Cooling Equipment, Domestic and Commercial Chillers, Electromechanical Contractors, Fan Coil Unit, HVAC Control, HVAC Control Suppliers, Hvac Grilles And Diffusers, HVAC Products, Hvac Testing And Commissioning, Inverter, Variable Refrigerant Flow Read More",,04-8159300,https://www.uae-yellowpages.ae/listing-category/electromechanical-contractors/,
Products & Services,"04-8159300 056-7367536 Products & Services AHU, Air Condition Equipment, Air Conditioning and Refrigeration Compressors Repairs, Air Conditioning Consultants, Air Conditioning Contractors Air Conditioning Duct Accessories Manufacturers, Air Conditioning Engineers Installation And Maintenance, Air Conditioning Equipment and Systems, Air Conditioning Equipment And Systems Parts And Supplies, Air Conditioning Equipment And Systems Repairs And Maintenance, Air Conditioning Equipment Suppliers, Air Conditioning Installation, Air Conditioning Installation And Maintenance, Air Conditioning Services, Air Handling Unit, Central Air Conditioners, Chillers, Control Systems, Control Systems Industrial and Residential, Cooling Equipment, Domestic and Commercial Chillers, Electromechanical Contractors, Fan Coil Unit, HVAC Control, HVAC Control Suppliers, Hvac Grilles And Diffusers, HVAC Products, Hvac Testing And Commissioning, Inverter, Variable Refrigerant Flow Read More",,04-8159300,https://www.uae-yellowpages.ae/listing-category/electromechanical-contractors/,
"Office #210, 2nd Floor, Bayan Business Center, Dubai Investment Park 1","Centaur Electro Mechanical Contracting Company LLC more info Office #210, 2nd Floor, Bayan Business Center, Dubai Investment Park 1 Dubai 25024 04-3541955 04-3541956 Products & Services Contractors Electromechanical, Electromechanical Contractors, Electromechanical Equipment, High Voltage Cabling And Substations, Overhead Transmission Lines Transformers Manufacturers and Suppliers Read More Send Enquiry",Dubai,04-3541955,https://www.uae-yellowpages.ae/listing-category/electromechanical-contractors/,
Dubai 25024,Dubai 25024,Dubai,,https://www.uae-yellowpages.ae/listing-category/electromechanical-contractors/,
04-3541955 04-3541956,"04-3541955 04-3541956 Products & Services Contractors Electromechanical, Electromechanical Contractors, Electromechanical Equipment, High Voltage Cabling And Substations, Overhead Transmission Lines Transformers Manufacturers and Suppliers Read More",,04-3541955,https://www.uae-yellowpages.ae/listing-category/electromechanical-contractors/,
Products & Services,"04-3541955 04-3541956 Products & Services Contractors Electromechanical, Electromechanical Contractors, Electromechanical Equipment, High Voltage Cabling And Substations, Overhead Transmission Lines Transformers Manufacturers and Suppliers Read More",,04-3541955,https://www.uae-yellowpages.ae/listing-category/electromechanical-contractors/,
"Shop #5, Block R6, Sheikh Hamdan Colony, Karama","Aldebaran Technical Services LLC more info Shop #5, Block R6, Sheikh Hamdan Colony, Karama Dubai 122820 055-3494942 056-1885529 Products & Services Air Conditioning Contractors, Air Conditioning Engineers Installation And Maintenance, Air Conditioning Installation And Maintenance, Anti Slip Floor Coatings, Building Cleaning Ceiling And Partitions, Ceilings, Cementitious Self Leveling, Cleaning and Janitorial Services, Cold Room Flooring, Contractors Electromechanical, Electrical Installation, Electromechanical Contractors, Epoxy, Epoxy Floor Coating, Epoxy Flooring, Epoxy Resin Floor Screeds, Epoxy Screed Work, Epoxy Self Leveling, Flooring, Floors Wooden, Line Marking Paints and Coatings, Painting Contractors, Polyurethane Resin Floor Screed, PVC Flooring, Technical Services, Tiles Fixing, Variable Refrigerant Flow, Vinyl Flooring, Wooden floors Read More Map Images Send Enquiry",Dubai,055-3494942,https://www.uae-yellowpages.ae/listing-category/electromechanical-contractors/,
Dubai 122820,Dubai 122820,Dubai,,https://www.uae-yellowpages.ae/listing-category/electromechanical-contractors/,
055-3494942 056-1885529,"055-3494942 056-1885529 Products & Services Air Conditioning Contractors, Air Conditioning Engineers Installation And Maintenance, Air Conditioning Installation And Maintenance, Anti Slip Floor Coatings, Building Cleaning Ceiling And Partitions, Ceilings, Cementitious Self Leveling, Cleaning and Janitorial Services, Cold Room Flooring, Contractors Electromechanical, Electrical Installation, Electromechanical Contractors, Epoxy, Epoxy Floor Coating, Epoxy Flooring, Epoxy Resin Floor Screeds, Epoxy Screed Work, Epoxy Self Leveling, Flooring, Floors Wooden, Line Marking Paints and Coatings, Painting Contractors, Polyurethane Resin Floor Screed, PVC Flooring, Technical Services, Tiles Fixing, Variable Refrigerant Flow, Vinyl Flooring, Wooden floors Read More",,055-3494942,https://www.uae-yellowpages.ae/listing-category/electromechanical-contractors/,
Products & Services,"055-3494942 056-1885529 Products & Services Air Conditioning Contractors, Air Conditioning Engineers Installation And Maintenance, Air Conditioning Installation And Maintenance, Anti Slip Floor Coatings, Building Cleaning Ceiling And Partitions, Ceilings, Cementitious Self Leveling, Cleaning and Janitorial Services, Cold Room Flooring, Contractors Electromechanical, Electrical Installation, Electromechanical Contractors, Epoxy, Epoxy Floor Coating, Epoxy Flooring, Epoxy Resin Floor Screeds, Epoxy Screed Work, Epoxy Self Leveling, Flooring, Floors Wooden, Line Marking Paints and Coatings, Painting Contractors, Polyurethane Resin Floor Screed, PVC Flooring, Technical Services, Tiles Fixing, Variable Refrigerant Flow, Vinyl Flooring, Wooden floors Read More",,055-3494942,https://www.uae-yellowpages.ae/listing-category/electromechanical-contractors/,
"Near To Golden Square Hotel, Al-Nakheel Road, Deira","Sayed Fayyaz Hussain Technical Services LLC more info Near To Golden Square Hotel, Al-Nakheel Road, Deira Dubai 381049 055-5667214 04-2223516 Products & Services Air Conditioning, Air Conditioning Engineers Installation And Maintenance, Electromechanical Contractors, Painters and Painting Contractors, Plumbing and Sanitary Contractors Tiles Fixing Read More Map Send Enquiry",Dubai,04-2223516,https://www.uae-yellowpages.ae/listing-category/electromechanical-contractors/,
Dubai 381049,Dubai 381049,Dubai,,https://www.uae-yellowpages.ae/listing-category/electromechanical-contractors/,
055-5667214 04-2223516,"055-5667214 04-2223516 Products & Services Air Conditioning, Air Conditioning Engineers Installation And Maintenance, Electromechanical Contractors, Painters and Painting Contractors, Plumbing and Sanitary Contractors Tiles Fixing Read More",,04-2223516,https://www.uae-yellowpages.ae/listing-category/electromechanical-contractors/,
Products & Services,"055-5667214 04-2223516 Products & Services Air Conditioning, Air Conditioning Engineers Installation And Maintenance, Electromechanical Contractors, Painters and Painting Contractors, Plumbing and Sanitary Contractors Tiles Fixing Read More",,04-2223516,https://www.uae-yellowpages.ae/listing-category/electromechanical-contractors/,
"Galadari Bldg, Opp Mazda Showroom, Deira","Najmat Group Of Companies more info Galadari Bldg, Opp Mazda Showroom, Deira Dubai 112155 04-2666389 04-2667389 Products & Services Contractors Electromechanical, Electromechanical Contractors Send Enquiry",Dubai,04-2666389,https://www.uae-yellowpages.ae/listing-category/electromechanical-contractors/,
Dubai 112155,Dubai 112155,Dubai,,https://www.uae-yellowpages.ae/listing-category/electromechanical-contractors/,
04-2666389 04-2667389,"04-2666389 04-2667389 Products & Services Contractors Electromechanical, Electromechanical Contractors",,04-2666389,https://www.uae-yellowpages.ae/listing-category/electromechanical-contractors/,
Products & Services,"04-2666389 04-2667389 Products & Services Contractors Electromechanical, Electromechanical Contractors",,04-2666389,https://www.uae-yellowpages.ae/listing-category/electromechanical-contractors/,
"205, PTC Bldg, Damascus St, Al Qusais","Najmat Al Ras Electro Mechanical Works LLC more info 205, PTC Bldg, Damascus St, Al Qusais Dubai 113650 04-2511708 055-5564892 04-2511709 Products & Services Contractors Electromechanical, Electrical Contractors and Electricians, Electromechanical Contractors, Plumbing and Electrical Contractors Map Send Enquiry",Dubai,04-2511708,https://www.uae-yellowpages.ae/listing-category/electromechanical-contractors/,
Dubai 113650,Dubai 113650,Dubai,,https://www.uae-yellowpages.ae/listing-category/electromechanical-contractors/,
04-2511708 055-5564892 04-2511709,"04-2511708 055-5564892 04-2511709 Products & Services Contractors Electromechanical, Electrical Contractors and Electricians, Electromechanical Contractors, Plumbing and Electrical Contractors",,04-2511708,https://www.uae-yellowpages.ae/listing-category/electromechanical-contractors/,
Products & Services,"04-2511708 055-5564892 04-2511709 Products & Services Contractors Electromechanical, Electrical Contractors and Electricians, Electromechanical Contractors, Plumbing and Electrical Contractors",,04-2511708,https://www.uae-yellowpages.ae/listing-category/electromechanical-contractors/,
"705, Damac Business Tower, Business Bay","Pathak Middle East Electromechanical LLC more info 705, Damac Business Tower, Business Bay Dubai 89350 04-3586520 04-3586530 Products & Services Air Conditioning Contractors, Cladding Lift and Escalator, Contractors Electromechanical, Electrical Contractors and Electricians, Electromechanical Contractors Electromechanical Engineers and Consultants, Fire Alarm Systems, Fire Protection and Fire Fighting Equipment and Service, Fitout Contractors, Insulation Contractors and Material Suppliers Read More Map Send Enquiry",Dubai,04-3586520,https://www.uae-yellowpages.ae/listing-category/electromechanical-contractors/,
Dubai 89350,Dubai 89350,Dubai,,https://www.uae-yellowpages.ae/listing-category/electromechanical-contractors/,
04-3586520 04-3586530,"04-3586520 04-3586530 Products & Services Air Conditioning Contractors, Cladding Lift and Escalator, Contractors Electromechanical, Electrical Contractors and Electricians, Electromechanical Contractors Electromechanical Engineers and Consultants, Fire Alarm Systems, Fire Protection and Fire Fighting Equipment and Service, Fitout Contractors, Insulation Contractors and Material Suppliers Read More",,04-3586520,https://www.uae-yellowpages.ae/listing-category/electromechanical-contractors/,
Products & Services,"04-3586520 04-3586530 Products & Services Air Conditioning Contractors, Cladding Lift and Escalator, Contractors Electromechanical, Electrical Contractors and Electricians, Electromechanical Contractors Electromechanical Engineers and Consultants, Fire Alarm Systems, Fire Protection and Fire Fighting Equipment and Service, Fitout Contractors, Insulation Contractors and Material Suppliers Read More",,04-3586520,https://www.uae-yellowpages.ae/listing-category/electromechanical-contractors/,
"Office 857, 8th Floor, Al Gaith Tower, Near Lulu Express, Hamdan Street","Stylish Advanced Decor more info Office 857, 8th Floor, Al Gaith Tower, Near Lulu Express, Hamdan Street Abu Dhabi 108744 02-5089124 050-5121868 Products & Services 3D Visualization, AC Contractors, AC Maintenance, Aluminium and Glass Works, Architectural Design Authority Approvals, Bathroom Renovation, Carpentry, Carpet Flooring, Commercial Kitchen, Commercial Space Design and Fitouts, Decoration Works, Electromechanical Contractors, Exhibition Stands, False Ceiling, Fire Rated Doors, Fitout Contractors, Flooring, Glass Doors, Glass Partition Works, Glass Partitions, Glass Works, Gypsum Decoration, Gypsum Decoration Works, Gypsum Interior Decorators, Gypsum Partition, HVAC Contractors, Interior Decorators, Interior Decorators And Designers, Interior Fitouts, Joinery, Kiosks, Kitchen Cabinets, Mashrabiya Pattern, MEP Contractors, Office Fitout, Office Modification, Office Renovation, Parquet Flooring, Partitions, Renovation Companies, Restaurant Decoration, Restaurant Fitouts, Restaurant Interiors, Tiles Fixing, Turnkey Projects, Villa Renovation, Wooden Cladding, Wooden Doors Read More Map Images Send Enquiry",Abu Dhabi,02-5089124,https://www.uae-yellowpages.ae/listing-category/electromechanical-contractors/,
Abu Dhabi 108744,Abu Dhabi 108744,Abu Dhabi,,https://www.uae-yellowpages.ae/listing-category/electromechanical-contractors/,
02-5089124 050-5121868,"02-5089124 050-5121868 Products & Services 3D Visualization, AC Contractors, AC Maintenance, Aluminium and Glass Works, Architectural Design Authority Approvals, Bathroom Renovation, Carpentry, Carpet Flooring, Commercial Kitchen, Commercial Space Design and Fitouts, Decoration Works, Electromechanical Contractors, Exhibition Stands, False Ceiling, Fire Rated Doors, Fitout Contractors, Flooring, Glass Doors, Glass Partition Works, Glass Partitions, Glass Works, Gypsum Decoration, Gypsum Decoration Works, Gypsum Interior Decorators, Gypsum Partition, HVAC Contractors, Interior Decorators, Interior Decorators And Designers, Interior Fitouts, Joinery, Kiosks, Kitchen Cabinets, Mashrabiya Pattern, MEP Contractors, Office Fitout, Office Modification, Office Renovation, Parquet Flooring, Partitions, Renovation Companies, Restaurant Decoration, Restaurant Fitouts, Restaurant Interiors, Tiles Fixing, Turnkey Projects, Villa Renovation, Wooden Cladding, Wooden Doors Read More",,02-5089124,https://www.uae-yellowpages.ae/listing-category/electromechanical-contractors/,
Products & Services,"02-5089124 050-5121868 Products & Services 3D Visualization, AC Contractors, AC Maintenance, Aluminium and Glass Works, Architectural Design Authority Approvals, Bathroom Renovation, Carpentry, Carpet Flooring, Commercial Kitchen, Commercial Space Design and Fitouts, Decoration Works, Electromechanical Contractors, Exhibition Stands, False Ceiling, Fire Rated Doors, Fitout Contractors, Flooring, Glass Doors, Glass Partition Works, Glass Partitions, Glass Works, Gypsum Decoration, Gypsum Decoration Works, Gypsum Interior Decorators, Gypsum Partition, HVAC Contractors, Interior Decorators, Interior Decorators And Designers, Interior Fitouts, Joinery, Kiosks, Kitchen Cabinets, Mashrabiya Pattern, MEP Contractors, Office Fitout, Office Modification, Office Renovation, Parquet Flooring, Partitions, Renovation Companies, Restaurant Decoration, Restaurant Fitouts, Restaurant Interiors, Tiles Fixing, Turnkey Projects, Villa Renovation, Wooden Cladding, Wooden Doors Read More",,02-5089124,https://www.uae-yellowpages.ae/listing-category/electromechanical-contractors/,
"M1, Concord Salon Bldg, Khalidiya","New Age Technology LLC more info M1, Concord Salon Bldg, Khalidiya Abu Dhabi 42355 02-6662004 050-7868158 02-6662360 Products & Services Air Conditioning Engineers Installation And Maintenance, Building Maintenance, CCTV, Contractors Electromechanical, Electromechanical Contractors Map Send Enquiry",Abu Dhabi,02-6662004,https://www.uae-yellowpages.ae/listing-category/electromechanical-contractors/,
Abu Dhabi 42355,Abu Dhabi 42355,Abu Dhabi,,https://www.uae-yellowpages.ae/listing-category/electromechanical-contractors/,
02-6662004 050-7868158 02-6662360,"02-6662004 050-7868158 02-6662360 Products & Services Air Conditioning Engineers Installation And Maintenance, Building Maintenance, CCTV, Contractors Electromechanical, Electromechanical Contractors",,02-6662004,https://www.uae-yellowpages.ae/listing-category/electromechanical-contractors/,
Products & Services,"02-6662004 050-7868158 02-6662360 Products & Services Air Conditioning Engineers Installation And Maintenance, Building Maintenance, CCTV, Contractors Electromechanical, Electromechanical Contractors",,02-6662004,https://www.uae-yellowpages.ae/listing-category/electromechanical-contractors/,
"Office 04, ME-10, Shabiya Near UAE Exchange","Power Logic Electro Mechanical LLC more info Office 04, ME-10, Shabiya Near UAE Exchange Abu Dhabi 110348 02-5519720 02-5519721 Products & Services Cable Laying Contractors, Contractors Electromechanical, Electromechanical Contractors, Electromechanical Engineers and Consultants Map Send Enquiry",Abu Dhabi,02-5519720,https://www.uae-yellowpages.ae/listing-category/electromechanical-contractors/,
Abu Dhabi 110348,Abu Dhabi 110348,Abu Dhabi,,https://www.uae-yellowpages.ae/listing-category/electromechanical-contractors/,
02-5519720 02-5519721,"02-5519720 02-5519721 Products & Services Cable Laying Contractors, Contractors Electromechanical, Electromechanical Contractors, Electromechanical Engineers and Consultants",,02-5519720,https://www.uae-yellowpages.ae/listing-category/electromechanical-contractors/,
Products & Services,"02-5519720 02-5519721 Products & Services Cable Laying Contractors, Contractors Electromechanical, Electromechanical Contractors, Electromechanical Engineers and Consultants",,02-5519720,https://www.uae-yellowpages.ae/listing-category/electromechanical-contractors/,
Mussafah 34,"Silver Lake Electromechanical Works LLC more info Mussafah 34 Abu Dhabi 89144 050-6723547 050-1119028 Products & Services AC, AC Annual Maintenance, AC Contractors, AC Installation, AC Installation and Maintenance AC Maintenance, AC Maintenance and Services, AC Repair, AC Services, AC Servicing, Air Conditioning Contractors, Air Conditioning Engineers Installation And Maintenance, Air Conditioning Equipment and Systems, Air Conditioning Equipment And Systems Repairs And Maintenance, Central AC Maintenance, Chiller Maintenance, Chiller Repairing, Electrical Contractors and Electricians, Electromechanical, Electromechanical Contractors, HVAC and AMC Contract, HVAC Contractors Read More Map Images Send Enquiry",Abu Dhabi,050-6723547,https://www.uae-yellowpages.ae/listing-category/electromechanical-contractors/,
Abu Dhabi 89144,Abu Dhabi 89144,Abu Dhabi,,https://www.uae-yellowpages.ae/listing-category/electromechanical-contractors/,
050-6723547 050-1119028,"050-6723547 050-1119028 Products & Services AC, AC Annual Maintenance, AC Contractors, AC Installation, AC Installation and Maintenance AC Maintenance, AC Maintenance and Services, AC Repair, AC Services, AC Servicing, Air Conditioning Contractors, Air Conditioning Engineers Installation And Maintenance, Air Conditioning Equipment and Systems, Air Conditioning Equipment And Systems Repairs And Maintenance, Central AC Maintenance, Chiller Maintenance, Chiller Repairing, Electrical Contractors and Electricians, Electromechanical, Electromechanical Contractors, HVAC and AMC Contract, HVAC Contractors Read More",,050-6723547,https://www.uae-yellowpages.ae/listing-category/electromechanical-contractors/,
Products & Services,"050-6723547 050-1119028 Products & Services AC, AC Annual Maintenance, AC Contractors, AC Installation, AC Installation and Maintenance AC Maintenance, AC Maintenance and Services, AC Repair, AC Services, AC Servicing, Air Conditioning Contractors, Air Conditioning Engineers Installation And Maintenance, Air Conditioning Equipment and Systems, Air Conditioning Equipment And Systems Repairs And Maintenance, Central AC Maintenance, Chiller Maintenance, Chiller Repairing, Electrical Contractors and Electricians, Electromechanical, Electromechanical Contractors, HVAC and AMC Contract, HVAC Contractors Read More",,050-6723547,https://www.uae-yellowpages.ae/listing-category/electromechanical-contractors/,
"Scan Electromechanical Building, Behind Tuba Intl, Indl Area No 5","Scan Electromechanical Contracting Company LLC more info Scan Electromechanical Building, Behind Tuba Intl, Indl Area No 5 Sharjah 31599 06-5422773 06-5422986 Products & Services Cable Laying Contractors, Contractors Electromechanical, Electromechanical Contractors, Overhead Transmission Lines, Power Transformer Transformers, Transformers Manufacturers and Suppliers Read More Brand(s) MCCLOSKEY HDD Machines Map Images Send Enquiry",Sharjah,06-5422773,https://www.uae-yellowpages.ae/listing-category/electromechanical-contractors/,
Sharjah 31599,Sharjah 31599,Sharjah,,https://www.uae-yellowpages.ae/listing-category/electromechanical-contractors/,
06-5422773 06-5422986,"06-5422773 06-5422986 Products & Services Cable Laying Contractors, Contractors Electromechanical, Electromechanical Contractors, Overhead Transmission Lines, Power Transformer Transformers, Transformers Manufacturers and Suppliers Read More Brand(s) MCCLOSKEY HDD Machines",,06-5422773,https://www.uae-yellowpages.ae/listing-category/electromechanical-contractors/,
Products & Services,"06-5422773 06-5422986 Products & Services Cable Laying Contractors, Contractors Electromechanical, Electromechanical Contractors, Overhead Transmission Lines, Power Transformer Transformers, Transformers Manufacturers and Suppliers Read More Brand(s) MCCLOSKEY HDD Machines",,06-5422773,https://www.uae-yellowpages.ae/listing-category/electromechanical-contractors/,
Brand(s),"06-5422773 06-5422986 Products & Services Cable Laying Contractors, Contractors Electromechanical, Electromechanical Contractors, Overhead Transmission Lines, Power Transformer Transformers, Transformers Manufacturers and Suppliers Read More Brand(s) MCCLOSKEY HDD Machines",,06-5422773,https://www.uae-yellowpages.ae/listing-category/electromechanical-contractors/,
"6, First Floor, Times Coffee Shop Bldg, Near Jumbo Plastic, Mussafah-43, Sanaya","Unique Style General Transport & Contracting more info 6, First Floor, Times Coffee Shop Bldg, Near Jumbo Plastic, Mussafah-43, Sanaya Abu Dhabi 30586 02-5593514 055-3882921 02-5531503 Products & Services Construction Equipment And Machinery Rental, Contractor General, Crane Hire, Electrical Contractors, Electromechanical Contractors Epoxy, Epoxy Coating and Protective Coating, Epoxy Painting, Forklift Suppliers, Forklifts Rental Parts And Service, Labour Supply, Manpower Suppliers, Off Shore, Oil And Gas Consultancy And Services, Oilfield Contractors and Services, Oilfield Equipment Rental, On Shore, Painters and Painting Contractors, Painting and Blasting, Steel Fabrication, Transport Companies, Transportation Consultants, Waterproofing Contractors Read More Map Send Enquiry",Abu Dhabi,02-5593514,https://www.uae-yellowpages.ae/listing-category/electromechanical-contractors/,
Abu Dhabi 30586,Abu Dhabi 30586,Abu Dhabi,,https://www.uae-yellowpages.ae/listing-category/electromechanical-contractors/,
02-5593514 055-3882921 02-5531503,"02-5593514 055-3882921 02-5531503 Products & Services Construction Equipment And Machinery Rental, Contractor General, Crane Hire, Electrical Contractors, Electromechanical Contractors Epoxy, Epoxy Coating and Protective Coating, Epoxy Painting, Forklift Suppliers, Forklifts Rental Parts And Service, Labour Supply, Manpower Suppliers, Off Shore, Oil And Gas Consultancy And Services, Oilfield Contractors and Services, Oilfield Equipment Rental, On Shore, Painters and Painting Contractors, Painting and Blasting, Steel Fabrication, Transport Companies, Transportation Consultants, Waterproofing Contractors Read More",,02-5593514,https://www.uae-yellowpages.ae/listing-category/electromechanical-contractors/,
Products & Services,"02-5593514 055-3882921 02-5531503 Products & Services Construction Equipment And Machinery Rental, Contractor General, Crane Hire, Electrical Contractors, Electromechanical Contractors Epoxy, Epoxy Coating and Protective Coating, Epoxy Painting, Forklift Suppliers, Forklifts Rental Parts And Service, Labour Supply, Manpower Suppliers, Off Shore, Oil And Gas Consultancy And Services, Oilfield Contractors and Services, Oilfield Equipment Rental, On Shore, Painters and Painting Contractors, Painting and Blasting, Steel Fabrication, Transport Companies, Transportation Consultants, Waterproofing Contractors Read More",,02-5593514,https://www.uae-yellowpages.ae/listing-category/electromechanical-contractors/,
"Plot 7, Street No 29, Mussafah, M-2","Genfocus Electro Mechanical Contracting Establishment more info Plot 7, Street No 29, Mussafah, M-2 Abu Dhabi 91696 02-5551453 02-5551451 Products & Services Cable Fault Finding, Contractor General, Contractors Electromechanical, Electrical Testing, Electromechanical Contractors Electromechanical Engineers and Consultants, Transformer Oil Filtration Read More Map Send Enquiry",Abu Dhabi,02-5551453,https://www.uae-yellowpages.ae/listing-category/electromechanical-contractors/,
Abu Dhabi 91696,Abu Dhabi 91696,Abu Dhabi,,https://www.uae-yellowpages.ae/listing-category/electromechanical-contractors/,
02-5551453 02-5551451,"02-5551453 02-5551451 Products & Services Cable Fault Finding, Contractor General, Contractors Electromechanical, Electrical Testing, Electromechanical Contractors Electromechanical Engineers and Consultants, Transformer Oil Filtration Read More",,02-5551453,https://www.uae-yellowpages.ae/listing-category/electromechanical-contractors/,
Products & Services,"02-5551453 02-5551451 Products & Services Cable Fault Finding, Contractor General, Contractors Electromechanical, Electrical Testing, Electromechanical Contractors Electromechanical Engineers and Consultants, Transformer Oil Filtration Read More",,02-5551453,https://www.uae-yellowpages.ae/listing-category/electromechanical-contractors/,
"12, M32/1, Near Malayalam Samaj, Musaffah","Daar Al Taaqa Technical Works more info 12, M32/1, Near Malayalam Samaj, Musaffah Abu Dhabi 050-2104144 Products & Services Ac Annual Maintenance Contractor, AC Installation, AC Maintenance, AC Repair, AC Supply and Installation Air Conditioning Contractors, Air Conditioning Engineers Installation And Maintenance, Chiller Maintenance, Chiller Repair, Electromechanical Contractors, Electromechanical Works, HVAC, HVAC and AMC Contract, HVAC Contractors, MEP Contractors, MEP Works Read More Map Images Send Enquiry",Abu Dhabi,050-2104144,https://www.uae-yellowpages.ae/listing-category/electromechanical-contractors/,
Abu Dhabi,Abu Dhabi,Abu Dhabi,,https://www.uae-yellowpages.ae/listing-category/electromechanical-contractors/,
050-2104144,"050-2104144 Products & Services Ac Annual Maintenance Contractor, AC Installation, AC Maintenance, AC Repair, AC Supply and Installation Air Conditioning Contractors, Air Conditioning Engineers Installation And Maintenance, Chiller Maintenance, Chiller Repair, Electromechanical Contractors, Electromechanical Works, HVAC, HVAC and AMC Contract, HVAC Contractors, MEP Contractors, MEP Works Read More",,050-2104144,https://www.uae-yellowpages.ae/listing-category/electromechanical-contractors/,
Products & Services,"050-2104144 Products & Services Ac Annual Maintenance Contractor, AC Installation, AC Maintenance, AC Repair, AC Supply and Installation Air Conditioning Contractors, Air Conditioning Engineers Installation And Maintenance, Chiller Maintenance, Chiller Repair, Electromechanical Contractors, Electromechanical Works, HVAC, HVAC and AMC Contract, HVAC Contractors, MEP Contractors, MEP Works Read More",,050-2104144,https://www.uae-yellowpages.ae/listing-category/electromechanical-contractors/,
"Office 1, City Tower, Abu Shagara","Al Zahriah Electro Mechanical Contracting more info Office 1, City Tower, Abu Shagara Sharjah 20394 06-5535811 06-5444613 Products & Services Concrete Cutting, Contractors Electromechanical, Electromechanical, Electromechanical Contractors, Electromechanical Engineers and Consultants MEP Contracting, Precise Cording, Telecom Tower Erection Read More Map Send Enquiry",Sharjah,06-5535811,https://www.uae-yellowpages.ae/listing-category/electromechanical-contractors/,
Sharjah 20394,Sharjah 20394,Sharjah,,https://www.uae-yellowpages.ae/listing-category/electromechanical-contractors/,
06-5535811 06-5444613,"06-5535811 06-5444613 Products & Services Concrete Cutting, Contractors Electromechanical, Electromechanical, Electromechanical Contractors, Electromechanical Engineers and Consultants MEP Contracting, Precise Cording, Telecom Tower Erection Read More",,06-5535811,https://www.uae-yellowpages.ae/listing-category/electromechanical-contractors/,
Products & Services,"06-5535811 06-5444613 Products & Services Concrete Cutting, Contractors Electromechanical, Electromechanical, Electromechanical Contractors, Electromechanical Engineers and Consultants MEP Contracting, Precise Cording, Telecom Tower Erection Read More",,06-5535811,https://www.uae-yellowpages.ae/listing-category/electromechanical-contractors/,
"Office 34, Mazyad Mall Business Center, Tower 1, Musaffah","Capricorn General Maintenance more info Office 34, Mazyad Mall Business Center, Tower 1, Musaffah Abu Dhabi 050-5071276 Products & Services AC Contractors, Air Conditioning Contractors, Air Conditioning Equipment And Systems Repairs And Maintenance, Chilled Water Pipes, Chiller Maintenance Electrical Contractors, Electrical Contractors and Electricians, Electrical Maintenance, Electromechanical, Electromechanical Contractors, HVAC and AMC Contract, HVAC Contractors, MEP Contractors, Plumbing And Electrical Works, Plumbing and Sanitary Contractors Read More Map Send Enquiry",Abu Dhabi,050-5071276,https://www.uae-yellowpages.ae/listing-category/electromechanical-contractors/,
Abu Dhabi,Abu Dhabi,Abu Dhabi,,https://www.uae-yellowpages.ae/listing-category/electromechanical-contractors/,
050-5071276,"050-5071276 Products & Services AC Contractors, Air Conditioning Contractors, Air Conditioning Equipment And Systems Repairs And Maintenance, Chilled Water Pipes, Chiller Maintenance Electrical Contractors, Electrical Contractors and Electricians, Electrical Maintenance, Electromechanical, Electromechanical Contractors, HVAC and AMC Contract, HVAC Contractors, MEP Contractors, Plumbing And Electrical Works, Plumbing and Sanitary Contractors Read More",,050-5071276,https://www.uae-yellowpages.ae/listing-category/electromechanical-contractors/,
Products & Services,"050-5071276 Products & Services AC Contractors, Air Conditioning Contractors, Air Conditioning Equipment And Systems Repairs And Maintenance, Chilled Water Pipes, Chiller Maintenance Electrical Contractors, Electrical Contractors and Electricians, Electrical Maintenance, Electromechanical, Electromechanical Contractors, HVAC and AMC Contract, HVAC Contractors, MEP Contractors, Plumbing And Electrical Works, Plumbing and Sanitary Contractors Read More",,050-5071276,https://www.uae-yellowpages.ae/listing-category/electromechanical-contractors/,
"105-106, 1st Flr, Old JVC Bldg, Opp Etisalat, Airport Rd","Al Inayah Electro-mechanical Works LLC more info 105-106, 1st Flr, Old JVC Bldg, Opp Etisalat, Airport Rd Abu Dhabi 71611 02-6337921 02-6335732 Products & Services Air Conditioning Contractors, Air Conditioning Engineers Installation And Maintenance, Contractors Electromechanical, Electromechanical Contractors, MEP Contractors Map Send Enquiry",Abu Dhabi,02-6337921,https://www.uae-yellowpages.ae/listing-category/electromechanical-contractors/,
Abu Dhabi 71611,Abu Dhabi 71611,Abu Dhabi,,https://www.uae-yellowpages.ae/listing-category/electromechanical-contractors/,
02-6337921 02-6335732,"02-6337921 02-6335732 Products & Services Air Conditioning Contractors, Air Conditioning Engineers Installation And Maintenance, Contractors Electromechanical, Electromechanical Contractors, MEP Contractors",,02-6337921,https://www.uae-yellowpages.ae/listing-category/electromechanical-contractors/,
Products & Services,"02-6337921 02-6335732 Products & Services Air Conditioning Contractors, Air Conditioning Engineers Installation And Maintenance, Contractors Electromechanical, Electromechanical Contractors, MEP Contractors",,02-6337921,https://www.uae-yellowpages.ae/listing-category/electromechanical-contractors/,
Advertise With Us,Advertise With Us,,,https://www.uae-yellowpages.ae/listing-category/electromechanical-contractors/,
Zayed 1st Street (Electra Road),"Granite Construction Co W.L.L more info Zayed 1st Street (Electra Road) Abu Dhabi 842 02-6770080 02-6774729 Products & Services Electromechanical Contractors, General Contractors, Offshore Construction & Supplies, Offshore Construction Services, Oilfield Contractors Maps Images Website Send Enquiry",Abu Dhabi,02-6770080,https://www.uae-yellowpages.ae/listing-category/electromechanical-contractors/?page=2,
Abu Dhabi 842,Abu Dhabi 842,Abu Dhabi,,https://www.uae-yellowpages.ae/listing-category/electromechanical-contractors/?page=2,
02-6770080 02-6774729,"02-6770080 02-6774729 Products & Services Electromechanical Contractors, General Contractors, Offshore Construction & Supplies, Offshore Construction Services, Oilfield Contractors",,02-6770080,https://www.uae-yellowpages.ae/listing-category/electromechanical-contractors/?page=2,
Products & Services,"02-6770080 02-6774729 Products & Services Electromechanical Contractors, General Contractors, Offshore Construction & Supplies, Offshore Construction Services, Oilfield Contractors",,02-6770080,https://www.uae-yellowpages.ae/listing-category/electromechanical-contractors/?page=2,
"Block 1, D 153, M 33, Sanaya Road, Musaffah","Taurus Group more info Block 1, D 153, M 33, Sanaya Road, Musaffah Abu Dhabi 778380 02-5582800 054-5817080 02-5582770 Products & Services Ac Brackets & Slotted Channels, Ac Equipment & Systems, AC Installation, AC Maintenance, Ac Manufacturers AC Parts, Ac Parts & Tools, AC Spare Parts, AHA Training, Air Compressor, Air Conditioning, Air Conditioning Engineers Installation And Maintenance, Air Conditioning Equipment Suppliers, Air Curtains, BLS Training, Building Management Systems, Building Management Systems-BMS, Civil Defense Approved Contractors, Electrical Labour Supply, Electromechanical Contractors, Emergency Exit Light System, Emergency Lighting, Facilities Management, Fire Alarm Systems, Fire Damper, Fire Extinguishers, Fire Fighting Contractors, Fire Fighting Equipment, Fire Fighting Equipment Manufacturers, Fire Fighting Maintenance, Fire Hose, Fire Protection, Fire Protection and Fire Fighting Equipment and Service, Fire Suppression System, First Aid AED, First Aid AHA, First Aid CRP, First Aid Training, FM 200 Fire Suppression, FM 200 System, General Contractors, HassanTuk Fire Alarm Monitor, HVAC Controls, Hvac Controls Thermostats And Transformers, HVAC Labour Supply, Hvac Products & Accessories, Labour Supply, Labour Supply Services, Manpower Suppliers, Manpower Supply, Midea Air Conditioners, Mitsubishi Air Conditioners, Offshore Construction & Supplies, Offshore Construction Services, Oilfield Contractors, Oilfield Contractors & Services, Safety Equipment, Sprinkler System, Transport Companies Read More Brand(s) ALDES Fans | ALDES Fire Damper | ALDES Pressure Fans | ALDES Smoke Control System | ALDES Ventilation Control System HASSANTUK Fire Alarm Monitor | MINIMAX Fire Alarm | MINIMAX Fire Fighting Equipment | MINIMAX Fire Hose | MINIMAX Fire Solutions | MINIMAX FM 200 Fire Suppression | MINIMAX Sprinkler System | SVT Fire Sealant | SVT Fire Stop | VESDA Aspirating Smoke Detector Read More Features Maps Images Website Send Enquiry",Abu Dhabi,02-5582800,https://www.uae-yellowpages.ae/listing-category/electromechanical-contractors/?page=2,
Abu Dhabi 778380,Abu Dhabi 778380,Abu Dhabi,,https://www.uae-yellowpages.ae/listing-category/electromechanical-contractors/?page=2,
02-5582800 054-5817080 02-5582770,"02-5582800 054-5817080 02-5582770 Products & Services Ac Brackets & Slotted Channels, Ac Equipment & Systems, AC Installation, AC Maintenance, Ac Manufacturers AC Parts, Ac Parts & Tools, AC Spare Parts, AHA Training, Air Compressor, Air Conditioning, Air Conditioning Engineers Installation And Maintenance, Air Conditioning Equipment Suppliers, Air Curtains, BLS Training, Building Management Systems, Building Management Systems-BMS, Civil Defense Approved Contractors, Electrical Labour Supply, Electromechanical Contractors, Emergency Exit Light System, Emergency Lighting, Facilities Management, Fire Alarm Systems, Fire Damper, Fire Extinguishers, Fire Fighting Contractors, Fire Fighting Equipment, Fire Fighting Equipment Manufacturers, Fire Fighting Maintenance, Fire Hose, Fire Protection, Fire Protection and Fire Fighting Equipment and Service, Fire Suppression System, First Aid AED, First Aid AHA, First Aid CRP, First Aid Training, FM 200 Fire Suppression, FM 200 System, General Contractors, HassanTuk Fire Alarm Monitor, HVAC Controls, Hvac Controls Thermostats And Transformers, HVAC Labour Supply, Hvac Products & Accessories, Labour Supply, Labour Supply Services, Manpower Suppliers, Manpower Supply, Midea Air Conditioners, Mitsubishi Air Conditioners, Offshore Construction & Supplies, Offshore Construction Services, Oilfield Contractors, Oilfield Contractors & Services, Safety Equipment, Sprinkler System, Transport Companies Read More Brand(s) ALDES Fans | ALDES Fire Damper | ALDES Pressure Fans | ALDES Smoke Control System | ALDES Ventilation Control System HASSANTUK Fire Alarm Monitor | MINIMAX Fire Alarm | MINIMAX Fire Fighting Equipment | MINIMAX Fire Hose | MINIMAX Fire Solutions | MINIMAX FM 200 Fire Suppression | MINIMAX Sprinkler System | SVT Fire Sealant | SVT Fire Stop | VESDA Aspirating Smoke Detector Read More Features",,02-5582800,https://www.uae-yellowpages.ae/listing-category/electromechanical-contractors/?page=2,
Products & Services,"02-5582800 054-5817080 02-5582770 Products & Services Ac Brackets & Slotted Channels, Ac Equipment & Systems, AC Installation, AC Maintenance, Ac Manufacturers AC Parts, Ac Parts & Tools, AC Spare Parts, AHA Training, Air Compressor, Air Conditioning, Air Conditioning Engineers Installation And Maintenance, Air Conditioning Equipment Suppliers, Air Curtains, BLS Training, Building Management Systems, Building Management Systems-BMS, Civil Defense Approved Contractors, Electrical Labour Supply, Electromechanical Contractors, Emergency Exit Light System, Emergency Lighting, Facilities Management, Fire Alarm Systems, Fire Damper, Fire Extinguishers, Fire Fighting Contractors, Fire Fighting Equipment, Fire Fighting Equipment Manufacturers, Fire Fighting Maintenance, Fire Hose, Fire Protection, Fire Protection and Fire Fighting Equipment and Service, Fire Suppression System, First Aid AED, First Aid AHA, First Aid CRP, First Aid Training, FM 200 Fire Suppression, FM 200 System, General Contractors, HassanTuk Fire Alarm Monitor, HVAC Controls, Hvac Controls Thermostats And Transformers, HVAC Labour Supply, Hvac Products & Accessories, Labour Supply, Labour Supply Services, Manpower Suppliers, Manpower Supply, Midea Air Conditioners, Mitsubishi Air Conditioners, Offshore Construction & Supplies, Offshore Construction Services, Oilfield Contractors, Oilfield Contractors & Services, Safety Equipment, Sprinkler System, Transport Companies Read More Brand(s) ALDES Fans | ALDES Fire Damper | ALDES Pressure Fans | ALDES Smoke Control System | ALDES Ventilation Control System HASSANTUK Fire Alarm Monitor | MINIMAX Fire Alarm | MINIMAX Fire Fighting Equipment | MINIMAX Fire Hose | MINIMAX Fire Solutions | MINIMAX FM 200 Fire Suppression | MINIMAX Sprinkler System | SVT Fire Sealant | SVT Fire Stop | VESDA Aspirating Smoke Detector Read More Features",,02-5582800,https://www.uae-yellowpages.ae/listing-category/electromechanical-contractors/?page=2,
Brand(s),"02-5582800 054-5817080 02-5582770 Products & Services Ac Brackets & Slotted Channels, Ac Equipment & Systems, AC Installation, AC Maintenance, Ac Manufacturers AC Parts, Ac Parts & Tools, AC Spare Parts, AHA Training, Air Compressor, Air Conditioning, Air Conditioning Engineers Installation And Maintenance, Air Conditioning Equipment Suppliers, Air Curtains, BLS Training, Building Management Systems, Building Management Systems-BMS, Civil Defense Approved Contractors, Electrical Labour Supply, Electromechanical Contractors, Emergency Exit Light System, Emergency Lighting, Facilities Management, Fire Alarm Systems, Fire Damper, Fire Extinguishers, Fire Fighting Contractors, Fire Fighting Equipment, Fire Fighting Equipment Manufacturers, Fire Fighting Maintenance, Fire Hose, Fire Protection, Fire Protection and Fire Fighting Equipment and Service, Fire Suppression System, First Aid AED, First Aid AHA, First Aid CRP, First Aid Training, FM 200 Fire Suppression, FM 200 System, General Contractors, HassanTuk Fire Alarm Monitor, HVAC Controls, Hvac Controls Thermostats And Transformers, HVAC Labour Supply, Hvac Products & Accessories, Labour Supply, Labour Supply Services, Manpower Suppliers, Manpower Supply, Midea Air Conditioners, Mitsubishi Air Conditioners, Offshore Construction & Supplies, Offshore Construction Services, Oilfield Contractors, Oilfield Contractors & Services, Safety Equipment, Sprinkler System, Transport Companies Read More Brand(s) ALDES Fans | ALDES Fire Damper | ALDES Pressure Fans | ALDES Smoke Control System | ALDES Ventilation Control System HASSANTUK Fire Alarm Monitor | MINIMAX Fire Alarm | MINIMAX Fire Fighting Equipment | MINIMAX Fire Hose | MINIMAX Fire Solutions | MINIMAX FM 200 Fire Suppression | MINIMAX Sprinkler System | SVT Fire Sealant | SVT Fire Stop | VESDA Aspirating Smoke Detector Read More Features",,02-5582800,https://www.uae-yellowpages.ae/listing-category/electromechanical-contractors/?page=2,
Al Qusais Industrial Area 1,"A C M E Electromechanical Works LLC more info Al Qusais Industrial Area 1 Dubai 120656 04-2583122 Products & Services Cable Laying Contractors, Calibration Services, Contractor General, Contractors Electromechanical, Contractors General Control Systems Industrial and Residential, Earthing And Lightning Protection Equipment, Electrical Contractors, Electrical Contractors and Electricians, Electrical Engineers, Electrical-Plumbing and Sanitary Ware Repairs and Services, Electromechanical Contractors, Electromechanical Equipment, Explosion Control Equipment and Systems, Flow Meters, Fuel Handling Equipment, Instrumentation, Marine and Offshore Electrical and Electronic Eqpt and Services, MEP Contractors, Process Automation Solutions Read More Maps Images Website Send Enquiry",Dubai,04-2583122,https://www.uae-yellowpages.ae/listing-category/electromechanical-contractors/?page=2,
Dubai 120656,Dubai 120656,Dubai,,https://www.uae-yellowpages.ae/listing-category/electromechanical-contractors/?page=2,
04-2583122,"04-2583122 Products & Services Cable Laying Contractors, Calibration Services, Contractor General, Contractors Electromechanical, Contractors General Control Systems Industrial and Residential, Earthing And Lightning Protection Equipment, Electrical Contractors, Electrical Contractors and Electricians, Electrical Engineers, Electrical-Plumbing and Sanitary Ware Repairs and Services, Electromechanical Contractors, Electromechanical Equipment, Explosion Control Equipment and Systems, Flow Meters, Fuel Handling Equipment, Instrumentation, Marine and Offshore Electrical and Electronic Eqpt and Services, MEP Contractors, Process Automation Solutions Read More",,04-2583122,https://www.uae-yellowpages.ae/listing-category/electromechanical-contractors/?page=2,
Products & Services,"04-2583122 Products & Services Cable Laying Contractors, Calibration Services, Contractor General, Contractors Electromechanical, Contractors General Control Systems Industrial and Residential, Earthing And Lightning Protection Equipment, Electrical Contractors, Electrical Contractors and Electricians, Electrical Engineers, Electrical-Plumbing and Sanitary Ware Repairs and Services, Electromechanical Contractors, Electromechanical Equipment, Explosion Control Equipment and Systems, Flow Meters, Fuel Handling Equipment, Instrumentation, Marine and Offshore Electrical and Electronic Eqpt and Services, MEP Contractors, Process Automation Solutions Read More",,04-2583122,https://www.uae-yellowpages.ae/listing-category/electromechanical-contractors/?page=2,
"Office 204, Happy Textile Building, Al Dhafra Dental Clinic, Hamdan Street","Uptown Technical Services LLC more info Office 204, Happy Textile Building, Al Dhafra Dental Clinic, Hamdan Street Abu Dhabi 112808 02-6394336 056-6777552 02-6394339 Products & Services Aluminum and Glass, Carpenters and Joiners, Carpentry, Civil Engineering Contractors, Commercial Interior Designers Construction Companies, Contractor General, Contractors Turnkey Projects, Electromechanical, Electromechanical Contractors, Fitout Contractors, Fitouts, General Contractors, Glass Partitions, Indoor & Outdoor Sign Manufacturer, Interior Decoration, Interior Decorators, Interior Decorators And Designers, Interior Design, Interior Design and Execution, Interior Design Company, Interior Design Services, Interior Designer, Interior Designers, Interior Designers and Consultants, Interior Designers and Contracting, Interior Designers and Decorators, Interior Designers and Fitouts, Interior Designers Contractors, Interior Designing, Interior Designing Services, Interiors, MEP Contracting, MEP Contractors, Office Fitout, Office Furniture, Oilfield Contractors, Oilfield Contractors & Services, Painting, Partitions, Renovation Companies, Renovation Contractors, Retail Contractor, Retail Renovation, Road Contractors, Turnkey Projects Read More Maps Images Send Enquiry",Abu Dhabi,02-6394336,https://www.uae-yellowpages.ae/listing-category/electromechanical-contractors/?page=2,
Abu Dhabi 112808,Abu Dhabi 112808,Abu Dhabi,,https://www.uae-yellowpages.ae/listing-category/electromechanical-contractors/?page=2,
02-6394336 056-6777552 02-6394339,"02-6394336 056-6777552 02-6394339 Products & Services Aluminum and Glass, Carpenters and Joiners, Carpentry, Civil Engineering Contractors, Commercial Interior Designers Construction Companies, Contractor General, Contractors Turnkey Projects, Electromechanical, Electromechanical Contractors, Fitout Contractors, Fitouts, General Contractors, Glass Partitions, Indoor & Outdoor Sign Manufacturer, Interior Decoration, Interior Decorators, Interior Decorators And Designers, Interior Design, Interior Design and Execution, Interior Design Company, Interior Design Services, Interior Designer, Interior Designers, Interior Designers and Consultants, Interior Designers and Contracting, Interior Designers and Decorators, Interior Designers and Fitouts, Interior Designers Contractors, Interior Designing, Interior Designing Services, Interiors, MEP Contracting, MEP Contractors, Office Fitout, Office Furniture, Oilfield Contractors, Oilfield Contractors & Services, Painting, Partitions, Renovation Companies, Renovation Contractors, Retail Contractor, Retail Renovation, Road Contractors, Turnkey Projects Read More",,02-6394336,https://www.uae-yellowpages.ae/listing-category/electromechanical-contractors/?page=2,
Products & Services,"02-6394336 056-6777552 02-6394339 Products & Services Aluminum and Glass, Carpenters and Joiners, Carpentry, Civil Engineering Contractors, Commercial Interior Designers Construction Companies, Contractor General, Contractors Turnkey Projects, Electromechanical, Electromechanical Contractors, Fitout Contractors, Fitouts, General Contractors, Glass Partitions, Indoor & Outdoor Sign Manufacturer, Interior Decoration, Interior Decorators, Interior Decorators And Designers, Interior Design, Interior Design and Execution, Interior Design Company, Interior Design Services, Interior Designer, Interior Designers, Interior Designers and Consultants, Interior Designers and Contracting, Interior Designers and Decorators, Interior Designers and Fitouts, Interior Designers Contractors, Interior Designing, Interior Designing Services, Interiors, MEP Contracting, MEP Contractors, Office Fitout, Office Furniture, Oilfield Contractors, Oilfield Contractors & Services, Painting, Partitions, Renovation Companies, Renovation Contractors, Retail Contractor, Retail Renovation, Road Contractors, Turnkey Projects Read More",,02-6394336,https://www.uae-yellowpages.ae/listing-category/electromechanical-contractors/?page=2,
02 5465600 054 4417007,"02 5465600 054 4417007 Products & Services Electromechanical Contractors, General Contractors",,02 5465600,https://www.uae-yellowpages.ae/listing-category/electromechanical-contractors/?page=2,
Products & Services,"02 5465600 054 4417007 Products & Services Electromechanical Contractors, General Contractors",,02 5465600,https://www.uae-yellowpages.ae/listing-category/electromechanical-contractors/?page=2,
"Office 384, Mussafah, M- 43","Trenton General Contracting more info Office 384, Mussafah, M- 43 Abu Dhabi 02 8776643 055 4869988 Products & Services Electromechanical Contractors, General Contractors, Offshore Construction & Supplies, Offshore Construction Services, Oilfield Contractors Images Send Enquiry",Abu Dhabi,02 8776643,https://www.uae-yellowpages.ae/listing-category/electromechanical-contractors/?page=2,
Abu Dhabi,Abu Dhabi,Abu Dhabi,,https://www.uae-yellowpages.ae/listing-category/electromechanical-contractors/?page=2,
02 8776643 055 4869988,"02 8776643 055 4869988 Products & Services Electromechanical Contractors, General Contractors, Offshore Construction & Supplies, Offshore Construction Services, Oilfield Contractors",,02 8776643,https://www.uae-yellowpages.ae/listing-category/electromechanical-contractors/?page=2,
Products & Services,"02 8776643 055 4869988 Products & Services Electromechanical Contractors, General Contractors, Offshore Construction & Supplies, Offshore Construction Services, Oilfield Contractors",,02 8776643,https://www.uae-yellowpages.ae/listing-category/electromechanical-contractors/?page=2,
"1503, Lulu Centre, Salam Street","Insulation Dynamics more info 1503, Lulu Centre, Salam Street Abu Dhabi 94378 02-6773543 Products & Services Adhesives, Civil Engineering Contractors, Contractor General, Contractors Electromechanical, Contractors General Contractors Turnkey Projects, Electromechanical Contractors, External Insulation-EIFS, Fire Rated Sealants, Fire Stop Material Supplies, Fireproofing Contractors, Fireproofing Contractors And Materials, General Contractors, Insulation and Cladding Contractors, Insulation Contractors, Insulation Contractors and Material Suppliers, Insulation Materials Acoustics, Offshore Construction, Offshore Construction & Supplies, Offshore Construction Services, Oilfield Contractors, Passive Fire Protection, Sealants, Thermal Insulation Read More Brands BOSTIK Adhesives | BOSTIK Sealants | DEN BRAVEN Adhesives | DEN BRAVEN Sealants | Read More Features Maps Images Send Enquiry Website",Abu Dhabi,02-6773543,https://www.uae-yellowpages.ae/listing-category/electromechanical-contractors/?page=2,
Abu Dhabi 94378,Abu Dhabi 94378,Abu Dhabi,,https://www.uae-yellowpages.ae/listing-category/electromechanical-contractors/?page=2,
02-6773543,"02-6773543 Products & Services Adhesives, Civil Engineering Contractors, Contractor General, Contractors Electromechanical, Contractors General Contractors Turnkey Projects, Electromechanical Contractors, External Insulation-EIFS, Fire Rated Sealants, Fire Stop Material Supplies, Fireproofing Contractors, Fireproofing Contractors And Materials, General Contractors, Insulation and Cladding Contractors, Insulation Contractors, Insulation Contractors and Material Suppliers, Insulation Materials Acoustics, Offshore Construction, Offshore Construction & Supplies, Offshore Construction Services, Oilfield Contractors, Passive Fire Protection, Sealants, Thermal Insulation Read More Brands BOSTIK Adhesives | BOSTIK Sealants | DEN BRAVEN Adhesives | DEN BRAVEN Sealants | Read More Features",,02-6773543,https://www.uae-yellowpages.ae/listing-category/electromechanical-contractors/?page=2,
Products & Services,"02-6773543 Products & Services Adhesives, Civil Engineering Contractors, Contractor General, Contractors Electromechanical, Contractors General Contractors Turnkey Projects, Electromechanical Contractors, External Insulation-EIFS, Fire Rated Sealants, Fire Stop Material Supplies, Fireproofing Contractors, Fireproofing Contractors And Materials, General Contractors, Insulation and Cladding Contractors, Insulation Contractors, Insulation Contractors and Material Suppliers, Insulation Materials Acoustics, Offshore Construction, Offshore Construction & Supplies, Offshore Construction Services, Oilfield Contractors, Passive Fire Protection, Sealants, Thermal Insulation Read More Brands BOSTIK Adhesives | BOSTIK Sealants | DEN BRAVEN Adhesives | DEN BRAVEN Sealants | Read More Features",,02-6773543,https://www.uae-yellowpages.ae/listing-category/electromechanical-contractors/?page=2,
Brands,"02-6773543 Products & Services Adhesives, Civil Engineering Contractors, Contractor General, Contractors Electromechanical, Contractors General Contractors Turnkey Projects, Electromechanical Contractors, External Insulation-EIFS, Fire Rated Sealants, Fire Stop Material Supplies, Fireproofing Contractors, Fireproofing Contractors And Materials, General Contractors, Insulation and Cladding Contractors, Insulation Contractors, Insulation Contractors and Material Suppliers, Insulation Materials Acoustics, Offshore Construction, Offshore Construction & Supplies, Offshore Construction Services, Oilfield Contractors, Passive Fire Protection, Sealants, Thermal Insulation Read More Brands BOSTIK Adhesives | BOSTIK Sealants | DEN BRAVEN Adhesives | DEN BRAVEN Sealants | Read More Features",,02-6773543,https://www.uae-yellowpages.ae/listing-category/electromechanical-contractors/?page=2,
"112, Granada Building 7, Al Hudaiba St, Near Indian Public School, Al Nakheel","Top Line Electromechanical Engineering LLC more info 112, Granada Building 7, Al Hudaiba St, Near Indian Public School, Al Nakheel Ras Al Khaimah 13230 07-2363871 050-5391038 052-6739840 Products & Services AC Maintenance Contract, Air Conditioning Duct Accessories Manufacturers and Supplier, Chilled Water Systems, Chillers, Contractors Electromechanical Contractors General, Electromechanical Contractors, HVAC Grillers and Diffusers, HVAC Maintenance Contract, HVAC Products, Offshore Construction, Oilfield Contractors Read More Map Images Send Enquiry",Ras Al Khaimah,07-2363871,https://www.uae-yellowpages.ae/listing-category/electromechanical-contractors/?page=2,
Ras Al Khaimah 13230,Ras Al Khaimah 13230,Ras Al Khaimah,,https://www.uae-yellowpages.ae/listing-category/electromechanical-contractors/?page=2,
07-2363871 050-5391038 052-6739840,"07-2363871 050-5391038 052-6739840 Products & Services AC Maintenance Contract, Air Conditioning Duct Accessories Manufacturers and Supplier, Chilled Water Systems, Chillers, Contractors Electromechanical Contractors General, Electromechanical Contractors, HVAC Grillers and Diffusers, HVAC Maintenance Contract, HVAC Products, Offshore Construction, Oilfield Contractors Read More",,07-2363871,https://www.uae-yellowpages.ae/listing-category/electromechanical-contractors/?page=2,
Products & Services,"07-2363871 050-5391038 052-6739840 Products & Services AC Maintenance Contract, Air Conditioning Duct Accessories Manufacturers and Supplier, Chilled Water Systems, Chillers, Contractors Electromechanical Contractors General, Electromechanical Contractors, HVAC Grillers and Diffusers, HVAC Maintenance Contract, HVAC Products, Offshore Construction, Oilfield Contractors Read More",,07-2363871,https://www.uae-yellowpages.ae/listing-category/electromechanical-contractors/?page=2,
"Emirates Islamic Bank Building, Hamdan Bin Abdullah Street","Leopard Contracting And Steel Construction LLC more info Emirates Islamic Bank Building, Hamdan Bin Abdullah Street Fujairah 8698 09-2229896 050-3661147 Products & Services Anchor Bolts, Car Park Shades, Chain link Fencing PVC Coated, Civil Industrial Works, Cladding Sheets Conveyor Belts, Design And Build Contracting, Electromechanical Contractors, Fencing Contractors, Fencing Work, General Contractors, Hot Rolled Steel, Industrial Construction, Industrial Contractors, Land Development, Metal Works, Offshore Construction & Supplies, Offshore Construction Services, Oilfield Contractors, PEB, Pipe Supports, Sandwich Panels, Silos, Staircases, Steel Fabricators, Steel Fabricators and Engineers, Steel Structures, Steel Warehouses, Storage Sheds, Storage Tanks, Warehouses, Warehousing And Storage Read More Map Images Send Enquiry",Fujairah,09-2229896,https://www.uae-yellowpages.ae/listing-category/electromechanical-contractors/?page=2,
Fujairah 8698,Fujairah 8698,Fujairah,,https://www.uae-yellowpages.ae/listing-category/electromechanical-contractors/?page=2,
09-2229896 050-3661147,"09-2229896 050-3661147 Products & Services Anchor Bolts, Car Park Shades, Chain link Fencing PVC Coated, Civil Industrial Works, Cladding Sheets Conveyor Belts, Design And Build Contracting, Electromechanical Contractors, Fencing Contractors, Fencing Work, General Contractors, Hot Rolled Steel, Industrial Construction, Industrial Contractors, Land Development, Metal Works, Offshore Construction & Supplies, Offshore Construction Services, Oilfield Contractors, PEB, Pipe Supports, Sandwich Panels, Silos, Staircases, Steel Fabricators, Steel Fabricators and Engineers, Steel Structures, Steel Warehouses, Storage Sheds, Storage Tanks, Warehouses, Warehousing And Storage Read More",,09-2229896,https://www.uae-yellowpages.ae/listing-category/electromechanical-contractors/?page=2,
Products & Services,"09-2229896 050-3661147 Products & Services Anchor Bolts, Car Park Shades, Chain link Fencing PVC Coated, Civil Industrial Works, Cladding Sheets Conveyor Belts, Design And Build Contracting, Electromechanical Contractors, Fencing Contractors, Fencing Work, General Contractors, Hot Rolled Steel, Industrial Construction, Industrial Contractors, Land Development, Metal Works, Offshore Construction & Supplies, Offshore Construction Services, Oilfield Contractors, PEB, Pipe Supports, Sandwich Panels, Silos, Staircases, Steel Fabricators, Steel Fabricators and Engineers, Steel Structures, Steel Warehouses, Storage Sheds, Storage Tanks, Warehouses, Warehousing And Storage Read More",,09-2229896,https://www.uae-yellowpages.ae/listing-category/electromechanical-contractors/?page=2,
"Warehouse 4, 26th Street, Al Quoz Industrial Area 4","Keletron Electromechanical Works LLC more info Warehouse 4, 26th Street, Al Quoz Industrial Area 4 Dubai 63245 04-3332185 052-2473124 050-6404610 Products & Services AC Installation, Air Conditioning Contractors, DEWA Additional Load Approval, DEWA Approval, Dewa Approved Contractors DEWA Approved Electrical Contractor, DEWA Fitout Approval, Electrical Contractors, Electrical Maintenance, Electrical Works, Electrical-Plumbing and Sanitary Ware Repairs and Services, Electromechanical Contractors, HVAC Contractors, MEP Contractors, Plumbing Contractors, Plumbing Works Read More Map Send Enquiry",Dubai,04-3332185,https://www.uae-yellowpages.ae/listing-category/electromechanical-contractors/?page=2,
Dubai 63245,Dubai 63245,Dubai,,https://www.uae-yellowpages.ae/listing-category/electromechanical-contractors/?page=2,
04-3332185 052-2473124 050-6404610,"04-3332185 052-2473124 050-6404610 Products & Services AC Installation, Air Conditioning Contractors, DEWA Additional Load Approval, DEWA Approval, Dewa Approved Contractors DEWA Approved Electrical Contractor, DEWA Fitout Approval, Electrical Contractors, Electrical Maintenance, Electrical Works, Electrical-Plumbing and Sanitary Ware Repairs and Services, Electromechanical Contractors, HVAC Contractors, MEP Contractors, Plumbing Contractors, Plumbing Works Read More",,04-3332185,https://www.uae-yellowpages.ae/listing-category/electromechanical-contractors/?page=2,
Products & Services,"04-3332185 052-2473124 050-6404610 Products & Services AC Installation, Air Conditioning Contractors, DEWA Additional Load Approval, DEWA Approval, Dewa Approved Contractors DEWA Approved Electrical Contractor, DEWA Fitout Approval, Electrical Contractors, Electrical Maintenance, Electrical Works, Electrical-Plumbing and Sanitary Ware Repairs and Services, Electromechanical Contractors, HVAC Contractors, MEP Contractors, Plumbing Contractors, Plumbing Works Read More",,04-3332185,https://www.uae-yellowpages.ae/listing-category/electromechanical-contractors/?page=2,
"Shk Ahmed Bldg, 2nd Dec Rd, Satwa","Al Thamer Electromechanical Works LLC more info Shk Ahmed Bldg, 2nd Dec Rd, Satwa Dubai 44913 04-3987840 04-3987850 Products & Services Contractors Electromechanical, Electrical Contractors and Electricians, Electromechanical Contractors Send Enquiry",Dubai,04-3987840,https://www.uae-yellowpages.ae/listing-category/electromechanical-contractors/?page=2,
Dubai 44913,Dubai 44913,Dubai,,https://www.uae-yellowpages.ae/listing-category/electromechanical-contractors/?page=2,
04-3987840 04-3987850,"04-3987840 04-3987850 Products & Services Contractors Electromechanical, Electrical Contractors and Electricians, Electromechanical Contractors",,04-3987840,https://www.uae-yellowpages.ae/listing-category/electromechanical-contractors/?page=2,
Products & Services,"04-3987840 04-3987850 Products & Services Contractors Electromechanical, Electrical Contractors and Electricians, Electromechanical Contractors",,04-3987840,https://www.uae-yellowpages.ae/listing-category/electromechanical-contractors/?page=2,
Al Qusais Indl Area 3,"Chugtai Technical Services Company more info Al Qusais Indl Area 3 Dubai 7102 04-2671412 04-2671409 Products & Services Contractors Electromechanical, Electromechanical Contractors Map Send Enquiry",Dubai,04-2671412,https://www.uae-yellowpages.ae/listing-category/electromechanical-contractors/?page=2,
Dubai 7102,Dubai 7102,Dubai,,https://www.uae-yellowpages.ae/listing-category/electromechanical-contractors/?page=2,
04-2671412 04-2671409,"04-2671412 04-2671409 Products & Services Contractors Electromechanical, Electromechanical Contractors",,04-2671412,https://www.uae-yellowpages.ae/listing-category/electromechanical-contractors/?page=2,
Products & Services,"04-2671412 04-2671409 Products & Services Contractors Electromechanical, Electromechanical Contractors",,04-2671412,https://www.uae-yellowpages.ae/listing-category/electromechanical-contractors/?page=2,
"11th Floor, Galleries 4, Jebel Ali Down Town","Daikin Middle East and Africa FZE more info 11th Floor, Galleries 4, Jebel Ali Down Town Dubai 18674 04-8159300 056-7367536 Products & Services AHU, Air Condition Equipment, Air Conditioning and Refrigeration Compressors Repairs, Air Conditioning Consultants, Air Conditioning Contractors Air Conditioning Duct Accessories Manufacturers, Air Conditioning Engineers Installation And Maintenance, Air Conditioning Equipment and Systems, Air Conditioning Equipment And Systems Parts And Supplies, Air Conditioning Equipment And Systems Repairs And Maintenance, Air Conditioning Equipment Suppliers, Air Conditioning Installation, Air Conditioning Installation And Maintenance, Air Conditioning Services, Air Handling Unit, Central Air Conditioners, Chillers, Control Systems, Control Systems Industrial and Residential, Cooling Equipment, Domestic and Commercial Chillers, Electromechanical Contractors, Fan Coil Unit, HVAC Control, HVAC Control Suppliers, Hvac Grilles And Diffusers, HVAC Products, Hvac Testing And Commissioning, Inverter, Variable Refrigerant Flow Read More Map Send Enquiry",Dubai,04-8159300,https://www.uae-yellowpages.ae/listing-category/electromechanical-contractors/?page=2,
Dubai 18674,Dubai 18674,Dubai,,https://www.uae-yellowpages.ae/listing-category/electromechanical-contractors/?page=2,
04-8159300 056-7367536,"04-8159300 056-7367536 Products & Services AHU, Air Condition Equipment, Air Conditioning and Refrigeration Compressors Repairs, Air Conditioning Consultants, Air Conditioning Contractors Air Conditioning Duct Accessories Manufacturers, Air Conditioning Engineers Installation And Maintenance, Air Conditioning Equipment and Systems, Air Conditioning Equipment And Systems Parts And Supplies, Air Conditioning Equipment And Systems Repairs And Maintenance, Air Conditioning Equipment Suppliers, Air Conditioning Installation, Air Conditioning Installation And Maintenance, Air Conditioning Services, Air Handling Unit, Central Air Conditioners, Chillers, Control Systems, Control Systems Industrial and Residential, Cooling Equipment, Domestic and Commercial Chillers, Electromechanical Contractors, Fan Coil Unit, HVAC Control, HVAC Control Suppliers, Hvac Grilles And Diffusers, HVAC Products, Hvac Testing And Commissioning, Inverter, Variable Refrigerant Flow Read More",,04-8159300,https://www.uae-yellowpages.ae/listing-category/electromechanical-contractors/?page=2,
Products & Services,"04-8159300 056-7367536 Products & Services AHU, Air Condition Equipment, Air Conditioning and Refrigeration Compressors Repairs, Air Conditioning Consultants, Air Conditioning Contractors Air Conditioning Duct Accessories Manufacturers, Air Conditioning Engineers Installation And Maintenance, Air Conditioning Equipment and Systems, Air Conditioning Equipment And Systems Parts And Supplies, Air Conditioning Equipment And Systems Repairs And Maintenance, Air Conditioning Equipment Suppliers, Air Conditioning Installation, Air Conditioning Installation And Maintenance, Air Conditioning Services, Air Handling Unit, Central Air Conditioners, Chillers, Control Systems, Control Systems Industrial and Residential, Cooling Equipment, Domestic and Commercial Chillers, Electromechanical Contractors, Fan Coil Unit, HVAC Control, HVAC Control Suppliers, Hvac Grilles And Diffusers, HVAC Products, Hvac Testing And Commissioning, Inverter, Variable Refrigerant Flow Read More",,04-8159300,https://www.uae-yellowpages.ae/listing-category/electromechanical-contractors/?page=2,
"Office #210, 2nd Floor, Bayan Business Center, Dubai Investment Park 1","Centaur Electro Mechanical Contracting Company LLC more info Office #210, 2nd Floor, Bayan Business Center, Dubai Investment Park 1 Dubai 25024 04-3541955 04-3541956 Products & Services Contractors Electromechanical, Electromechanical Contractors, Electromechanical Equipment, High Voltage Cabling And Substations, Overhead Transmission Lines Transformers Manufacturers and Suppliers Read More Send Enquiry",Dubai,04-3541955,https://www.uae-yellowpages.ae/listing-category/electromechanical-contractors/?page=2,
Dubai 25024,Dubai 25024,Dubai,,https://www.uae-yellowpages.ae/listing-category/electromechanical-contractors/?page=2,
04-3541955 04-3541956,"04-3541955 04-3541956 Products & Services Contractors Electromechanical, Electromechanical Contractors, Electromechanical Equipment, High Voltage Cabling And Substations, Overhead Transmission Lines Transformers Manufacturers and Suppliers Read More",,04-3541955,https://www.uae-yellowpages.ae/listing-category/electromechanical-contractors/?page=2,
Products & Services,"04-3541955 04-3541956 Products & Services Contractors Electromechanical, Electromechanical Contractors, Electromechanical Equipment, High Voltage Cabling And Substations, Overhead Transmission Lines Transformers Manufacturers and Suppliers Read More",,04-3541955,https://www.uae-yellowpages.ae/listing-category/electromechanical-contractors/?page=2,
"Shop #5, Block R6, Sheikh Hamdan Colony, Karama","Aldebaran Technical Services LLC more info Shop #5, Block R6, Sheikh Hamdan Colony, Karama Dubai 122820 055-3494942 056-1885529 Products & Services Air Conditioning Contractors, Air Conditioning Engineers Installation And Maintenance, Air Conditioning Installation And Maintenance, Anti Slip Floor Coatings, Building Cleaning Ceiling And Partitions, Ceilings, Cementitious Self Leveling, Cleaning and Janitorial Services, Cold Room Flooring, Contractors Electromechanical, Electrical Installation, Electromechanical Contractors, Epoxy, Epoxy Floor Coating, Epoxy Flooring, Epoxy Resin Floor Screeds, Epoxy Screed Work, Epoxy Self Leveling, Flooring, Floors Wooden, Line Marking Paints and Coatings, Painting Contractors, Polyurethane Resin Floor Screed, PVC Flooring, Technical Services, Tiles Fixing, Variable Refrigerant Flow, Vinyl Flooring, Wooden floors Read More Map Images Send Enquiry",Dubai,055-3494942,https://www.uae-yellowpages.ae/listing-category/electromechanical-contractors/?page=2,
Dubai 122820,Dubai 122820,Dubai,,https://www.uae-yellowpages.ae/listing-category/electromechanical-contractors/?page=2,
055-3494942 056-1885529,"055-3494942 056-1885529 Products & Services Air Conditioning Contractors, Air Conditioning Engineers Installation And Maintenance, Air Conditioning Installation And Maintenance, Anti Slip Floor Coatings, Building Cleaning Ceiling And Partitions, Ceilings, Cementitious Self Leveling, Cleaning and Janitorial Services, Cold Room Flooring, Contractors Electromechanical, Electrical Installation, Electromechanical Contractors, Epoxy, Epoxy Floor Coating, Epoxy Flooring, Epoxy Resin Floor Screeds, Epoxy Screed Work, Epoxy Self Leveling, Flooring, Floors Wooden, Line Marking Paints and Coatings, Painting Contractors, Polyurethane Resin Floor Screed, PVC Flooring, Technical Services, Tiles Fixing, Variable Refrigerant Flow, Vinyl Flooring, Wooden floors Read More",,055-3494942,https://www.uae-yellowpages.ae/listing-category/electromechanical-contractors/?page=2,
Products & Services,"055-3494942 056-1885529 Products & Services Air Conditioning Contractors, Air Conditioning Engineers Installation And Maintenance, Air Conditioning Installation And Maintenance, Anti Slip Floor Coatings, Building Cleaning Ceiling And Partitions, Ceilings, Cementitious Self Leveling, Cleaning and Janitorial Services, Cold Room Flooring, Contractors Electromechanical, Electrical Installation, Electromechanical Contractors, Epoxy, Epoxy Floor Coating, Epoxy Flooring, Epoxy Resin Floor Screeds, Epoxy Screed Work, Epoxy Self Leveling, Flooring, Floors Wooden, Line Marking Paints and Coatings, Painting Contractors, Polyurethane Resin Floor Screed, PVC Flooring, Technical Services, Tiles Fixing, Variable Refrigerant Flow, Vinyl Flooring, Wooden floors Read More",,055-3494942,https://www.uae-yellowpages.ae/listing-category/electromechanical-contractors/?page=2,
"Near To Golden Square Hotel, Al-Nakheel Road, Deira","Sayed Fayyaz Hussain Technical Services LLC more info Near To Golden Square Hotel, Al-Nakheel Road, Deira Dubai 381049 055-5667214 04-2223516 Products & Services Air Conditioning, Air Conditioning Engineers Installation And Maintenance, Electromechanical Contractors, Painters and Painting Contractors, Plumbing and Sanitary Contractors Tiles Fixing Read More Map Send Enquiry",Dubai,04-2223516,https://www.uae-yellowpages.ae/listing-category/electromechanical-contractors/?page=2,
Dubai 381049,Dubai 381049,Dubai,,https://www.uae-yellowpages.ae/listing-category/electromechanical-contractors/?page=2,
055-5667214 04-2223516,"055-5667214 04-2223516 Products & Services Air Conditioning, Air Conditioning Engineers Installation And Maintenance, Electromechanical Contractors, Painters and Painting Contractors, Plumbing and Sanitary Contractors Tiles Fixing Read More",,04-2223516,https://www.uae-yellowpages.ae/listing-category/electromechanical-contractors/?page=2,
Products & Services,"055-5667214 04-2223516 Products & Services Air Conditioning, Air Conditioning Engineers Installation And Maintenance, Electromechanical Contractors, Painters and Painting Contractors, Plumbing and Sanitary Contractors Tiles Fixing Read More",,04-2223516,https://www.uae-yellowpages.ae/listing-category/electromechanical-contractors/?page=2,
"Galadari Bldg, Opp Mazda Showroom, Deira","Najmat Group Of Companies more info Galadari Bldg, Opp Mazda Showroom, Deira Dubai 112155 04-2666389 04-2667389 Products & Services Contractors Electromechanical, Electromechanical Contractors Send Enquiry",Dubai,04-2666389,https://www.uae-yellowpages.ae/listing-category/electromechanical-contractors/?page=2,
Dubai 112155,Dubai 112155,Dubai,,https://www.uae-yellowpages.ae/listing-category/electromechanical-contractors/?page=2,
04-2666389 04-2667389,"04-2666389 04-2667389 Products & Services Contractors Electromechanical, Electromechanical Contractors",,04-2666389,https://www.uae-yellowpages.ae/listing-category/electromechanical-contractors/?page=2,
Products & Services,"04-2666389 04-2667389 Products & Services Contractors Electromechanical, Electromechanical Contractors",,04-2666389,https://www.uae-yellowpages.ae/listing-category/electromechanical-contractors/?page=2,
"205, PTC Bldg, Damascus St, Al Qusais","Najmat Al Ras Electro Mechanical Works LLC more info 205, PTC Bldg, Damascus St, Al Qusais Dubai 113650 04-2511708 055-5564892 04-2511709 Products & Services Contractors Electromechanical, Electrical Contractors and Electricians, Electromechanical Contractors, Plumbing and Electrical Contractors Map Send Enquiry",Dubai,04-2511708,https://www.uae-yellowpages.ae/listing-category/electromechanical-contractors/?page=2,
Dubai 113650,Dubai 113650,Dubai,,https://www.uae-yellowpages.ae/listing-category/electromechanical-contractors/?page=2,
04-2511708 055-5564892 04-2511709,"04-2511708 055-5564892 04-2511709 Products & Services Contractors Electromechanical, Electrical Contractors and Electricians, Electromechanical Contractors, Plumbing and Electrical Contractors",,04-2511708,https://www.uae-yellowpages.ae/listing-category/electromechanical-contractors/?page=2,
Products & Services,"04-2511708 055-5564892 04-2511709 Products & Services Contractors Electromechanical, Electrical Contractors and Electricians, Electromechanical Contractors, Plumbing and Electrical Contractors",,04-2511708,https://www.uae-yellowpages.ae/listing-category/electromechanical-contractors/?page=2,
"705, Damac Business Tower, Business Bay","Pathak Middle East Electromechanical LLC more info 705, Damac Business Tower, Business Bay Dubai 89350 04-3586520 04-3586530 Products & Services Air Conditioning Contractors, Cladding Lift and Escalator, Contractors Electromechanical, Electrical Contractors and Electricians, Electromechanical Contractors Electromechanical Engineers and Consultants, Fire Alarm Systems, Fire Protection and Fire Fighting Equipment and Service, Fitout Contractors, Insulation Contractors and Material Suppliers Read More Map Send Enquiry",Dubai,04-3586520,https://www.uae-yellowpages.ae/listing-category/electromechanical-contractors/?page=2,
Dubai 89350,Dubai 89350,Dubai,,https://www.uae-yellowpages.ae/listing-category/electromechanical-contractors/?page=2,
04-3586520 04-3586530,"04-3586520 04-3586530 Products & Services Air Conditioning Contractors, Cladding Lift and Escalator, Contractors Electromechanical, Electrical Contractors and Electricians, Electromechanical Contractors Electromechanical Engineers and Consultants, Fire Alarm Systems, Fire Protection and Fire Fighting Equipment and Service, Fitout Contractors, Insulation Contractors and Material Suppliers Read More",,04-3586520,https://www.uae-yellowpages.ae/listing-category/electromechanical-contractors/?page=2,
Products & Services,"04-3586520 04-3586530 Products & Services Air Conditioning Contractors, Cladding Lift and Escalator, Contractors Electromechanical, Electrical Contractors and Electricians, Electromechanical Contractors Electromechanical Engineers and Consultants, Fire Alarm Systems, Fire Protection and Fire Fighting Equipment and Service, Fitout Contractors, Insulation Contractors and Material Suppliers Read More",,04-3586520,https://www.uae-yellowpages.ae/listing-category/electromechanical-contractors/?page=2,
"Office 857, 8th Floor, Al Gaith Tower, Near Lulu Express, Hamdan Street","Stylish Advanced Decor more info Office 857, 8th Floor, Al Gaith Tower, Near Lulu Express, Hamdan Street Abu Dhabi 108744 02-5089124 050-5121868 Products & Services 3D Visualization, AC Contractors, AC Maintenance, Aluminium and Glass Works, Architectural Design Authority Approvals, Bathroom Renovation, Carpentry, Carpet Flooring, Commercial Kitchen, Commercial Space Design and Fitouts, Decoration Works, Electromechanical Contractors, Exhibition Stands, False Ceiling, Fire Rated Doors, Fitout Contractors, Flooring, Glass Doors, Glass Partition Works, Glass Partitions, Glass Works, Gypsum Decoration, Gypsum Decoration Works, Gypsum Interior Decorators, Gypsum Partition, HVAC Contractors, Interior Decorators, Interior Decorators And Designers, Interior Fitouts, Joinery, Kiosks, Kitchen Cabinets, Mashrabiya Pattern, MEP Contractors, Office Fitout, Office Modification, Office Renovation, Parquet Flooring, Partitions, Renovation Companies, Restaurant Decoration, Restaurant Fitouts, Restaurant Interiors, Tiles Fixing, Turnkey Projects, Villa Renovation, Wooden Cladding, Wooden Doors Read More Map Images Send Enquiry",Abu Dhabi,02-5089124,https://www.uae-yellowpages.ae/listing-category/electromechanical-contractors/?page=2,
Abu Dhabi 108744,Abu Dhabi 108744,Abu Dhabi,,https://www.uae-yellowpages.ae/listing-category/electromechanical-contractors/?page=2,
02-5089124 050-5121868,"02-5089124 050-5121868 Products & Services 3D Visualization, AC Contractors, AC Maintenance, Aluminium and Glass Works, Architectural Design Authority Approvals, Bathroom Renovation, Carpentry, Carpet Flooring, Commercial Kitchen, Commercial Space Design and Fitouts, Decoration Works, Electromechanical Contractors, Exhibition Stands, False Ceiling, Fire Rated Doors, Fitout Contractors, Flooring, Glass Doors, Glass Partition Works, Glass Partitions, Glass Works, Gypsum Decoration, Gypsum Decoration Works, Gypsum Interior Decorators, Gypsum Partition, HVAC Contractors, Interior Decorators, Interior Decorators And Designers, Interior Fitouts, Joinery, Kiosks, Kitchen Cabinets, Mashrabiya Pattern, MEP Contractors, Office Fitout, Office Modification, Office Renovation, Parquet Flooring, Partitions, Renovation Companies, Restaurant Decoration, Restaurant Fitouts, Restaurant Interiors, Tiles Fixing, Turnkey Projects, Villa Renovation, Wooden Cladding, Wooden Doors Read More",,02-5089124,https://www.uae-yellowpages.ae/listing-category/electromechanical-contractors/?page=2,
Products & Services,"02-5089124 050-5121868 Products & Services 3D Visualization, AC Contractors, AC Maintenance, Aluminium and Glass Works, Architectural Design Authority Approvals, Bathroom Renovation, Carpentry, Carpet Flooring, Commercial Kitchen, Commercial Space Design and Fitouts, Decoration Works, Electromechanical Contractors, Exhibition Stands, False Ceiling, Fire Rated Doors, Fitout Contractors, Flooring, Glass Doors, Glass Partition Works, Glass Partitions, Glass Works, Gypsum Decoration, Gypsum Decoration Works, Gypsum Interior Decorators, Gypsum Partition, HVAC Contractors, Interior Decorators, Interior Decorators And Designers, Interior Fitouts, Joinery, Kiosks, Kitchen Cabinets, Mashrabiya Pattern, MEP Contractors, Office Fitout, Office Modification, Office Renovation, Parquet Flooring, Partitions, Renovation Companies, Restaurant Decoration, Restaurant Fitouts, Restaurant Interiors, Tiles Fixing, Turnkey Projects, Villa Renovation, Wooden Cladding, Wooden Doors Read More",,02-5089124,https://www.uae-yellowpages.ae/listing-category/electromechanical-contractors/?page=2,
"M1, Concord Salon Bldg, Khalidiya","New Age Technology LLC more info M1, Concord Salon Bldg, Khalidiya Abu Dhabi 42355 02-6662004 050-7868158 02-6662360 Products & Services Air Conditioning Engineers Installation And Maintenance, Building Maintenance, CCTV, Contractors Electromechanical, Electromechanical Contractors Map Send Enquiry",Abu Dhabi,02-6662004,https://www.uae-yellowpages.ae/listing-category/electromechanical-contractors/?page=2,
Abu Dhabi 42355,Abu Dhabi 42355,Abu Dhabi,,https://www.uae-yellowpages.ae/listing-category/electromechanical-contractors/?page=2,
02-6662004 050-7868158 02-6662360,"02-6662004 050-7868158 02-6662360 Products & Services Air Conditioning Engineers Installation And Maintenance, Building Maintenance, CCTV, Contractors Electromechanical, Electromechanical Contractors",,02-6662004,https://www.uae-yellowpages.ae/listing-category/electromechanical-contractors/?page=2,
Products & Services,"02-6662004 050-7868158 02-6662360 Products & Services Air Conditioning Engineers Installation And Maintenance, Building Maintenance, CCTV, Contractors Electromechanical, Electromechanical Contractors",,02-6662004,https://www.uae-yellowpages.ae/listing-category/electromechanical-contractors/?page=2,
"Office 04, ME-10, Shabiya Near UAE Exchange","Power Logic Electro Mechanical LLC more info Office 04, ME-10, Shabiya Near UAE Exchange Abu Dhabi 110348 02-5519720 02-5519721 Products & Services Cable Laying Contractors, Contractors Electromechanical, Electromechanical Contractors, Electromechanical Engineers and Consultants Map Send Enquiry",Abu Dhabi,02-5519720,https://www.uae-yellowpages.ae/listing-category/electromechanical-contractors/?page=2,
Abu Dhabi 110348,Abu Dhabi 110348,Abu Dhabi,,https://www.uae-yellowpages.ae/listing-category/electromechanical-contractors/?page=2,
02-5519720 02-5519721,"02-5519720 02-5519721 Products & Services Cable Laying Contractors, Contractors Electromechanical, Electromechanical Contractors, Electromechanical Engineers and Consultants",,02-5519720,https://www.uae-yellowpages.ae/listing-category/electromechanical-contractors/?page=2,
Products & Services,"02-5519720 02-5519721 Products & Services Cable Laying Contractors, Contractors Electromechanical, Electromechanical Contractors, Electromechanical Engineers and Consultants",,02-5519720,https://www.uae-yellowpages.ae/listing-category/electromechanical-contractors/?page=2,
Mussafah 34,"Silver Lake Electromechanical Works LLC more info Mussafah 34 Abu Dhabi 89144 050-6723547 050-1119028 Products & Services AC, AC Annual Maintenance, AC Contractors, AC Installation, AC Installation and Maintenance AC Maintenance, AC Maintenance and Services, AC Repair, AC Services, AC Servicing, Air Conditioning Contractors, Air Conditioning Engineers Installation And Maintenance, Air Conditioning Equipment and Systems, Air Conditioning Equipment And Systems Repairs And Maintenance, Central AC Maintenance, Chiller Maintenance, Chiller Repairing, Electrical Contractors and Electricians, Electromechanical, Electromechanical Contractors, HVAC and AMC Contract, HVAC Contractors Read More Map Images Send Enquiry",Abu Dhabi,050-6723547,https://www.uae-yellowpages.ae/listing-category/electromechanical-contractors/?page=2,
Abu Dhabi 89144,Abu Dhabi 89144,Abu Dhabi,,https://www.uae-yellowpages.ae/listing-category/electromechanical-contractors/?page=2,
050-6723547 050-1119028,"050-6723547 050-1119028 Products & Services AC, AC Annual Maintenance, AC Contractors, AC Installation, AC Installation and Maintenance AC Maintenance, AC Maintenance and Services, AC Repair, AC Services, AC Servicing, Air Conditioning Contractors, Air Conditioning Engineers Installation And Maintenance, Air Conditioning Equipment and Systems, Air Conditioning Equipment And Systems Repairs And Maintenance, Central AC Maintenance, Chiller Maintenance, Chiller Repairing, Electrical Contractors and Electricians, Electromechanical, Electromechanical Contractors, HVAC and AMC Contract, HVAC Contractors Read More",,050-6723547,https://www.uae-yellowpages.ae/listing-category/electromechanical-contractors/?page=2,
Products & Services,"050-6723547 050-1119028 Products & Services AC, AC Annual Maintenance, AC Contractors, AC Installation, AC Installation and Maintenance AC Maintenance, AC Maintenance and Services, AC Repair, AC Services, AC Servicing, Air Conditioning Contractors, Air Conditioning Engineers Installation And Maintenance, Air Conditioning Equipment and Systems, Air Conditioning Equipment And Systems Repairs And Maintenance, Central AC Maintenance, Chiller Maintenance, Chiller Repairing, Electrical Contractors and Electricians, Electromechanical, Electromechanical Contractors, HVAC and AMC Contract, HVAC Contractors Read More",,050-6723547,https://www.uae-yellowpages.ae/listing-category/electromechanical-contractors/?page=2,
"Scan Electromechanical Building, Behind Tuba Intl, Indl Area No 5","Scan Electromechanical Contracting Company LLC more info Scan Electromechanical Building, Behind Tuba Intl, Indl Area No 5 Sharjah 31599 06-5422773 06-5422986 Products & Services Cable Laying Contractors, Contractors Electromechanical, Electromechanical Contractors, Overhead Transmission Lines, Power Transformer Transformers, Transformers Manufacturers and Suppliers Read More Brand(s) MCCLOSKEY HDD Machines Map Images Send Enquiry",Sharjah,06-5422773,https://www.uae-yellowpages.ae/listing-category/electromechanical-contractors/?page=2,
Sharjah 31599,Sharjah 31599,Sharjah,,https://www.uae-yellowpages.ae/listing-category/electromechanical-contractors/?page=2,
06-5422773 06-5422986,"06-5422773 06-5422986 Products & Services Cable Laying Contractors, Contractors Electromechanical, Electromechanical Contractors, Overhead Transmission Lines, Power Transformer Transformers, Transformers Manufacturers and Suppliers Read More Brand(s) MCCLOSKEY HDD Machines",,06-5422773,https://www.uae-yellowpages.ae/listing-category/electromechanical-contractors/?page=2,
Products & Services,"06-5422773 06-5422986 Products & Services Cable Laying Contractors, Contractors Electromechanical, Electromechanical Contractors, Overhead Transmission Lines, Power Transformer Transformers, Transformers Manufacturers and Suppliers Read More Brand(s) MCCLOSKEY HDD Machines",,06-5422773,https://www.uae-yellowpages.ae/listing-category/electromechanical-contractors/?page=2,
Brand(s),"06-5422773 06-5422986 Products & Services Cable Laying Contractors, Contractors Electromechanical, Electromechanical Contractors, Overhead Transmission Lines, Power Transformer Transformers, Transformers Manufacturers and Suppliers Read More Brand(s) MCCLOSKEY HDD Machines",,06-5422773,https://www.uae-yellowpages.ae/listing-category/electromechanical-contractors/?page=2,
"6, First Floor, Times Coffee Shop Bldg, Near Jumbo Plastic, Mussafah-43, Sanaya","Unique Style General Transport & Contracting more info 6, First Floor, Times Coffee Shop Bldg, Near Jumbo Plastic, Mussafah-43, Sanaya Abu Dhabi 30586 02-5593514 055-3882921 02-5531503 Products & Services Construction Equipment And Machinery Rental, Contractor General, Crane Hire, Electrical Contractors, Electromechanical Contractors Epoxy, Epoxy Coating and Protective Coating, Epoxy Painting, Forklift Suppliers, Forklifts Rental Parts And Service, Labour Supply, Manpower Suppliers, Off Shore, Oil And Gas Consultancy And Services, Oilfield Contractors and Services, Oilfield Equipment Rental, On Shore, Painters and Painting Contractors, Painting and Blasting, Steel Fabrication, Transport Companies, Transportation Consultants, Waterproofing Contractors Read More Map Send Enquiry",Abu Dhabi,02-5593514,https://www.uae-yellowpages.ae/listing-category/electromechanical-contractors/?page=2,
Abu Dhabi 30586,Abu Dhabi 30586,Abu Dhabi,,https://www.uae-yellowpages.ae/listing-category/electromechanical-contractors/?page=2,
02-5593514 055-3882921 02-5531503,"02-5593514 055-3882921 02-5531503 Products & Services Construction Equipment And Machinery Rental, Contractor General, Crane Hire, Electrical Contractors, Electromechanical Contractors Epoxy, Epoxy Coating and Protective Coating, Epoxy Painting, Forklift Suppliers, Forklifts Rental Parts And Service, Labour Supply, Manpower Suppliers, Off Shore, Oil And Gas Consultancy And Services, Oilfield Contractors and Services, Oilfield Equipment Rental, On Shore, Painters and Painting Contractors, Painting and Blasting, Steel Fabrication, Transport Companies, Transportation Consultants, Waterproofing Contractors Read More",,02-5593514,https://www.uae-yellowpages.ae/listing-category/electromechanical-contractors/?page=2,
Products & Services,"02-5593514 055-3882921 02-5531503 Products & Services Construction Equipment And Machinery Rental, Contractor General, Crane Hire, Electrical Contractors, Electromechanical Contractors Epoxy, Epoxy Coating and Protective Coating, Epoxy Painting, Forklift Suppliers, Forklifts Rental Parts And Service, Labour Supply, Manpower Suppliers, Off Shore, Oil And Gas Consultancy And Services, Oilfield Contractors and Services, Oilfield Equipment Rental, On Shore, Painters and Painting Contractors, Painting and Blasting, Steel Fabrication, Transport Companies, Transportation Consultants, Waterproofing Contractors Read More",,02-5593514,https://www.uae-yellowpages.ae/listing-category/electromechanical-contractors/?page=2,
"Plot 7, Street No 29, Mussafah, M-2","Genfocus Electro Mechanical Contracting Establishment more info Plot 7, Street No 29, Mussafah, M-2 Abu Dhabi 91696 02-5551453 02-5551451 Products & Services Cable Fault Finding, Contractor General, Contractors Electromechanical, Electrical Testing, Electromechanical Contractors Electromechanical Engineers and Consultants, Transformer Oil Filtration Read More Map Send Enquiry",Abu Dhabi,02-5551453,https://www.uae-yellowpages.ae/listing-category/electromechanical-contractors/?page=2,
Abu Dhabi 91696,Abu Dhabi 91696,Abu Dhabi,,https://www.uae-yellowpages.ae/listing-category/electromechanical-contractors/?page=2,
02-5551453 02-5551451,"02-5551453 02-5551451 Products & Services Cable Fault Finding, Contractor General, Contractors Electromechanical, Electrical Testing, Electromechanical Contractors Electromechanical Engineers and Consultants, Transformer Oil Filtration Read More",,02-5551453,https://www.uae-yellowpages.ae/listing-category/electromechanical-contractors/?page=2,
Products & Services,"02-5551453 02-5551451 Products & Services Cable Fault Finding, Contractor General, Contractors Electromechanical, Electrical Testing, Electromechanical Contractors Electromechanical Engineers and Consultants, Transformer Oil Filtration Read More",,02-5551453,https://www.uae-yellowpages.ae/listing-category/electromechanical-contractors/?page=2,
"12, M32/1, Near Malayalam Samaj, Musaffah","Daar Al Taaqa Technical Works more info 12, M32/1, Near Malayalam Samaj, Musaffah Abu Dhabi 050-2104144 Products & Services Ac Annual Maintenance Contractor, AC Installation, AC Maintenance, AC Repair, AC Supply and Installation Air Conditioning Contractors, Air Conditioning Engineers Installation And Maintenance, Chiller Maintenance, Chiller Repair, Electromechanical Contractors, Electromechanical Works, HVAC, HVAC and AMC Contract, HVAC Contractors, MEP Contractors, MEP Works Read More Map Images Send Enquiry",Abu Dhabi,050-2104144,https://www.uae-yellowpages.ae/listing-category/electromechanical-contractors/?page=2,
Abu Dhabi,Abu Dhabi,Abu Dhabi,,https://www.uae-yellowpages.ae/listing-category/electromechanical-contractors/?page=2,
050-2104144,"050-2104144 Products & Services Ac Annual Maintenance Contractor, AC Installation, AC Maintenance, AC Repair, AC Supply and Installation Air Conditioning Contractors, Air Conditioning Engineers Installation And Maintenance, Chiller Maintenance, Chiller Repair, Electromechanical Contractors, Electromechanical Works, HVAC, HVAC and AMC Contract, HVAC Contractors, MEP Contractors, MEP Works Read More",,050-2104144,https://www.uae-yellowpages.ae/listing-category/electromechanical-contractors/?page=2,
Products & Services,"050-2104144 Products & Services Ac Annual Maintenance Contractor, AC Installation, AC Maintenance, AC Repair, AC Supply and Installation Air Conditioning Contractors, Air Conditioning Engineers Installation And Maintenance, Chiller Maintenance, Chiller Repair, Electromechanical Contractors, Electromechanical Works, HVAC, HVAC and AMC Contract, HVAC Contractors, MEP Contractors, MEP Works Read More",,050-2104144,https://www.uae-yellowpages.ae/listing-category/electromechanical-contractors/?page=2,
"Office 1, City Tower, Abu Shagara","Al Zahriah Electro Mechanical Contracting more info Office 1, City Tower, Abu Shagara Sharjah 20394 06-5535811 06-5444613 Products & Services Concrete Cutting, Contractors Electromechanical, Electromechanical, Electromechanical Contractors, Electromechanical Engineers and Consultants MEP Contracting, Precise Cording, Telecom Tower Erection Read More Map Send Enquiry",Sharjah,06-5535811,https://www.uae-yellowpages.ae/listing-category/electromechanical-contractors/?page=2,
Sharjah 20394,Sharjah 20394,Sharjah,,https://www.uae-yellowpages.ae/listing-category/electromechanical-contractors/?page=2,
06-5535811 06-5444613,"06-5535811 06-5444613 Products & Services Concrete Cutting, Contractors Electromechanical, Electromechanical, Electromechanical Contractors, Electromechanical Engineers and Consultants MEP Contracting, Precise Cording, Telecom Tower Erection Read More",,06-5535811,https://www.uae-yellowpages.ae/listing-category/electromechanical-contractors/?page=2,
Products & Services,"06-5535811 06-5444613 Products & Services Concrete Cutting, Contractors Electromechanical, Electromechanical, Electromechanical Contractors, Electromechanical Engineers and Consultants MEP Contracting, Precise Cording, Telecom Tower Erection Read More",,06-5535811,https://www.uae-yellowpages.ae/listing-category/electromechanical-contractors/?page=2,
"Office 34, Mazyad Mall Business Center, Tower 1, Musaffah","Capricorn General Maintenance more info Office 34, Mazyad Mall Business Center, Tower 1, Musaffah Abu Dhabi 050-5071276 Products & Services AC Contractors, Air Conditioning Contractors, Air Conditioning Equipment And Systems Repairs And Maintenance, Chilled Water Pipes, Chiller Maintenance Electrical Contractors, Electrical Contractors and Electricians, Electrical Maintenance, Electromechanical, Electromechanical Contractors, HVAC and AMC Contract, HVAC Contractors, MEP Contractors, Plumbing And Electrical Works, Plumbing and Sanitary Contractors Read More Map Send Enquiry",Abu Dhabi,050-5071276,https://www.uae-yellowpages.ae/listing-category/electromechanical-contractors/?page=2,
Abu Dhabi,Abu Dhabi,Abu Dhabi,,https://www.uae-yellowpages.ae/listing-category/electromechanical-contractors/?page=2,
050-5071276,"050-5071276 Products & Services AC Contractors, Air Conditioning Contractors, Air Conditioning Equipment And Systems Repairs And Maintenance, Chilled Water Pipes, Chiller Maintenance Electrical Contractors, Electrical Contractors and Electricians, Electrical Maintenance, Electromechanical, Electromechanical Contractors, HVAC and AMC Contract, HVAC Contractors, MEP Contractors, Plumbing And Electrical Works, Plumbing and Sanitary Contractors Read More",,050-5071276,https://www.uae-yellowpages.ae/listing-category/electromechanical-contractors/?page=2,
Products & Services,"050-5071276 Products & Services AC Contractors, Air Conditioning Contractors, Air Conditioning Equipment And Systems Repairs And Maintenance, Chilled Water Pipes, Chiller Maintenance Electrical Contractors, Electrical Contractors and Electricians, Electrical Maintenance, Electromechanical, Electromechanical Contractors, HVAC and AMC Contract, HVAC Contractors, MEP Contractors, Plumbing And Electrical Works, Plumbing and Sanitary Contractors Read More",,050-5071276,https://www.uae-yellowpages.ae/listing-category/electromechanical-contractors/?page=2,
"105-106, 1st Flr, Old JVC Bldg, Opp Etisalat, Airport Rd","Al Inayah Electro-mechanical Works LLC more info 105-106, 1st Flr, Old JVC Bldg, Opp Etisalat, Airport Rd Abu Dhabi 71611 02-6337921 02-6335732 Products & Services Air Conditioning Contractors, Air Conditioning Engineers Installation And Maintenance, Contractors Electromechanical, Electromechanical Contractors, MEP Contractors Map Send Enquiry",Abu Dhabi,02-6337921,https://www.uae-yellowpages.ae/listing-category/electromechanical-contractors/?page=2,
Abu Dhabi 71611,Abu Dhabi 71611,Abu Dhabi,,https://www.uae-yellowpages.ae/listing-category/electromechanical-contractors/?page=2,
02-6337921 02-6335732,"02-6337921 02-6335732 Products & Services Air Conditioning Contractors, Air Conditioning Engineers Installation And Maintenance, Contractors Electromechanical, Electromechanical Contractors, MEP Contractors",,02-6337921,https://www.uae-yellowpages.ae/listing-category/electromechanical-contractors/?page=2,
Products & Services,"02-6337921 02-6335732 Products & Services Air Conditioning Contractors, Air Conditioning Engineers Installation And Maintenance, Contractors Electromechanical, Electromechanical Contractors, MEP Contractors",,02-6337921,https://www.uae-yellowpages.ae/listing-category/electromechanical-contractors/?page=2,
Advertise With Us,Advertise With Us,,,https://www.uae-yellowpages.ae/listing-category/electromechanical-contractors/?page=2,
Zayed 1st Street (Electra Road),"Granite Construction Co W.L.L more info Zayed 1st Street (Electra Road) Abu Dhabi 842 02-6770080 02-6774729 Products & Services Electromechanical Contractors, General Contractors, Offshore Construction & Supplies, Offshore Construction Services, Oilfield Contractors Maps Images Website Send Enquiry",Abu Dhabi,02-6770080,https://www.uae-yellowpages.ae/listing-category/electromechanical-contractors/?page=3,
Abu Dhabi 842,Abu Dhabi 842,Abu Dhabi,,https://www.uae-yellowpages.ae/listing-category/electromechanical-contractors/?page=3,
02-6770080 02-6774729,"02-6770080 02-6774729 Products & Services Electromechanical Contractors, General Contractors, Offshore Construction & Supplies, Offshore Construction Services, Oilfield Contractors",,02-6770080,https://www.uae-yellowpages.ae/listing-category/electromechanical-contractors/?page=3,
Products & Services,"02-6770080 02-6774729 Products & Services Electromechanical Contractors, General Contractors, Offshore Construction & Supplies, Offshore Construction Services, Oilfield Contractors",,02-6770080,https://www.uae-yellowpages.ae/listing-category/electromechanical-contractors/?page=3,
"Block 1, D 153, M 33, Sanaya Road, Musaffah","Taurus Group more info Block 1, D 153, M 33, Sanaya Road, Musaffah Abu Dhabi 778380 02-5582800 054-5817080 02-5582770 Products & Services Ac Brackets & Slotted Channels, Ac Equipment & Systems, AC Installation, AC Maintenance, Ac Manufacturers AC Parts, Ac Parts & Tools, AC Spare Parts, AHA Training, Air Compressor, Air Conditioning, Air Conditioning Engineers Installation And Maintenance, Air Conditioning Equipment Suppliers, Air Curtains, BLS Training, Building Management Systems, Building Management Systems-BMS, Civil Defense Approved Contractors, Electrical Labour Supply, Electromechanical Contractors, Emergency Exit Light System, Emergency Lighting, Facilities Management, Fire Alarm Systems, Fire Damper, Fire Extinguishers, Fire Fighting Contractors, Fire Fighting Equipment, Fire Fighting Equipment Manufacturers, Fire Fighting Maintenance, Fire Hose, Fire Protection, Fire Protection and Fire Fighting Equipment and Service, Fire Suppression System, First Aid AED, First Aid AHA, First Aid CRP, First Aid Training, FM 200 Fire Suppression, FM 200 System, General Contractors, HassanTuk Fire Alarm Monitor, HVAC Controls, Hvac Controls Thermostats And Transformers, HVAC Labour Supply, Hvac Products & Accessories, Labour Supply, Labour Supply Services, Manpower Suppliers, Manpower Supply, Midea Air Conditioners, Mitsubishi Air Conditioners, Offshore Construction & Supplies, Offshore Construction Services, Oilfield Contractors, Oilfield Contractors & Services, Safety Equipment, Sprinkler System, Transport Companies Read More Brand(s) ALDES Fans | ALDES Fire Damper | ALDES Pressure Fans | ALDES Smoke Control System | ALDES Ventilation Control System HASSANTUK Fire Alarm Monitor | MINIMAX Fire Alarm | MINIMAX Fire Fighting Equipment | MINIMAX Fire Hose | MINIMAX Fire Solutions | MINIMAX FM 200 Fire Suppression | MINIMAX Sprinkler System | SVT Fire Sealant | SVT Fire Stop | VESDA Aspirating Smoke Detector Read More Features Maps Images Website Send Enquiry",Abu Dhabi,02-5582800,https://www.uae-yellowpages.ae/listing-category/electromechanical-contractors/?page=3,
Abu Dhabi 778380,Abu Dhabi 778380,Abu Dhabi,,https://www.uae-yellowpages.ae/listing-category/electromechanical-contractors/?page=3,
02-5582800 054-5817080 02-5582770,"02-5582800 054-5817080 02-5582770 Products & Services Ac Brackets & Slotted Channels, Ac Equipment & Systems, AC Installation, AC Maintenance, Ac Manufacturers AC Parts, Ac Parts & Tools, AC Spare Parts, AHA Training, Air Compressor, Air Conditioning, Air Conditioning Engineers Installation And Maintenance, Air Conditioning Equipment Suppliers, Air Curtains, BLS Training, Building Management Systems, Building Management Systems-BMS, Civil Defense Approved Contractors, Electrical Labour Supply, Electromechanical Contractors, Emergency Exit Light System, Emergency Lighting, Facilities Management, Fire Alarm Systems, Fire Damper, Fire Extinguishers, Fire Fighting Contractors, Fire Fighting Equipment, Fire Fighting Equipment Manufacturers, Fire Fighting Maintenance, Fire Hose, Fire Protection, Fire Protection and Fire Fighting Equipment and Service, Fire Suppression System, First Aid AED, First Aid AHA, First Aid CRP, First Aid Training, FM 200 Fire Suppression, FM 200 System, General Contractors, HassanTuk Fire Alarm Monitor, HVAC Controls, Hvac Controls Thermostats And Transformers, HVAC Labour Supply, Hvac Products & Accessories, Labour Supply, Labour Supply Services, Manpower Suppliers, Manpower Supply, Midea Air Conditioners, Mitsubishi Air Conditioners, Offshore Construction & Supplies, Offshore Construction Services, Oilfield Contractors, Oilfield Contractors & Services, Safety Equipment, Sprinkler System, Transport Companies Read More Brand(s) ALDES Fans | ALDES Fire Damper | ALDES Pressure Fans | ALDES Smoke Control System | ALDES Ventilation Control System HASSANTUK Fire Alarm Monitor | MINIMAX Fire Alarm | MINIMAX Fire Fighting Equipment | MINIMAX Fire Hose | MINIMAX Fire Solutions | MINIMAX FM 200 Fire Suppression | MINIMAX Sprinkler System | SVT Fire Sealant | SVT Fire Stop | VESDA Aspirating Smoke Detector Read More Features",,02-5582800,https://www.uae-yellowpages.ae/listing-category/electromechanical-contractors/?page=3,
Products & Services,"02-5582800 054-5817080 02-5582770 Products & Services Ac Brackets & Slotted Channels, Ac Equipment & Systems, AC Installation, AC Maintenance, Ac Manufacturers AC Parts, Ac Parts & Tools, AC Spare Parts, AHA Training, Air Compressor, Air Conditioning, Air Conditioning Engineers Installation And Maintenance, Air Conditioning Equipment Suppliers, Air Curtains, BLS Training, Building Management Systems, Building Management Systems-BMS, Civil Defense Approved Contractors, Electrical Labour Supply, Electromechanical Contractors, Emergency Exit Light System, Emergency Lighting, Facilities Management, Fire Alarm Systems, Fire Damper, Fire Extinguishers, Fire Fighting Contractors, Fire Fighting Equipment, Fire Fighting Equipment Manufacturers, Fire Fighting Maintenance, Fire Hose, Fire Protection, Fire Protection and Fire Fighting Equipment and Service, Fire Suppression System, First Aid AED, First Aid AHA, First Aid CRP, First Aid Training, FM 200 Fire Suppression, FM 200 System, General Contractors, HassanTuk Fire Alarm Monitor, HVAC Controls, Hvac Controls Thermostats And Transformers, HVAC Labour Supply, Hvac Products & Accessories, Labour Supply, Labour Supply Services, Manpower Suppliers, Manpower Supply, Midea Air Conditioners, Mitsubishi Air Conditioners, Offshore Construction & Supplies, Offshore Construction Services, Oilfield Contractors, Oilfield Contractors & Services, Safety Equipment, Sprinkler System, Transport Companies Read More Brand(s) ALDES Fans | ALDES Fire Damper | ALDES Pressure Fans | ALDES Smoke Control System | ALDES Ventilation Control System HASSANTUK Fire Alarm Monitor | MINIMAX Fire Alarm | MINIMAX Fire Fighting Equipment | MINIMAX Fire Hose | MINIMAX Fire Solutions | MINIMAX FM 200 Fire Suppression | MINIMAX Sprinkler System | SVT Fire Sealant | SVT Fire Stop | VESDA Aspirating Smoke Detector Read More Features",,02-5582800,https://www.uae-yellowpages.ae/listing-category/electromechanical-contractors/?page=3,
Brand(s),"02-5582800 054-5817080 02-5582770 Products & Services Ac Brackets & Slotted Channels, Ac Equipment & Systems, AC Installation, AC Maintenance, Ac Manufacturers AC Parts, Ac Parts & Tools, AC Spare Parts, AHA Training, Air Compressor, Air Conditioning, Air Conditioning Engineers Installation And Maintenance, Air Conditioning Equipment Suppliers, Air Curtains, BLS Training, Building Management Systems, Building Management Systems-BMS, Civil Defense Approved Contractors, Electrical Labour Supply, Electromechanical Contractors, Emergency Exit Light System, Emergency Lighting, Facilities Management, Fire Alarm Systems, Fire Damper, Fire Extinguishers, Fire Fighting Contractors, Fire Fighting Equipment, Fire Fighting Equipment Manufacturers, Fire Fighting Maintenance, Fire Hose, Fire Protection, Fire Protection and Fire Fighting Equipment and Service, Fire Suppression System, First Aid AED, First Aid AHA, First Aid CRP, First Aid Training, FM 200 Fire Suppression, FM 200 System, General Contractors, HassanTuk Fire Alarm Monitor, HVAC Controls, Hvac Controls Thermostats And Transformers, HVAC Labour Supply, Hvac Products & Accessories, Labour Supply, Labour Supply Services, Manpower Suppliers, Manpower Supply, Midea Air Conditioners, Mitsubishi Air Conditioners, Offshore Construction & Supplies, Offshore Construction Services, Oilfield Contractors, Oilfield Contractors & Services, Safety Equipment, Sprinkler System, Transport Companies Read More Brand(s) ALDES Fans | ALDES Fire Damper | ALDES Pressure Fans | ALDES Smoke Control System | ALDES Ventilation Control System HASSANTUK Fire Alarm Monitor | MINIMAX Fire Alarm | MINIMAX Fire Fighting Equipment | MINIMAX Fire Hose | MINIMAX Fire Solutions | MINIMAX FM 200 Fire Suppression | MINIMAX Sprinkler System | SVT Fire Sealant | SVT Fire Stop | VESDA Aspirating Smoke Detector Read More Features",,02-5582800,https://www.uae-yellowpages.ae/listing-category/electromechanical-contractors/?page=3,
Al Qusais Industrial Area 1,"A C M E Electromechanical Works LLC more info Al Qusais Industrial Area 1 Dubai 120656 04-2583122 Products & Services Cable Laying Contractors, Calibration Services, Contractor General, Contractors Electromechanical, Contractors General Control Systems Industrial and Residential, Earthing And Lightning Protection Equipment, Electrical Contractors, Electrical Contractors and Electricians, Electrical Engineers, Electrical-Plumbing and Sanitary Ware Repairs and Services, Electromechanical Contractors, Electromechanical Equipment, Explosion Control Equipment and Systems, Flow Meters, Fuel Handling Equipment, Instrumentation, Marine and Offshore Electrical and Electronic Eqpt and Services, MEP Contractors, Process Automation Solutions Read More Maps Images Website Send Enquiry",Dubai,04-2583122,https://www.uae-yellowpages.ae/listing-category/electromechanical-contractors/?page=3,
Dubai 120656,Dubai 120656,Dubai,,https://www.uae-yellowpages.ae/listing-category/electromechanical-contractors/?page=3,
04-2583122,"04-2583122 Products & Services Cable Laying Contractors, Calibration Services, Contractor General, Contractors Electromechanical, Contractors General Control Systems Industrial and Residential, Earthing And Lightning Protection Equipment, Electrical Contractors, Electrical Contractors and Electricians, Electrical Engineers, Electrical-Plumbing and Sanitary Ware Repairs and Services, Electromechanical Contractors, Electromechanical Equipment, Explosion Control Equipment and Systems, Flow Meters, Fuel Handling Equipment, Instrumentation, Marine and Offshore Electrical and Electronic Eqpt and Services, MEP Contractors, Process Automation Solutions Read More",,04-2583122,https://www.uae-yellowpages.ae/listing-category/electromechanical-contractors/?page=3,
Products & Services,"04-2583122 Products & Services Cable Laying Contractors, Calibration Services, Contractor General, Contractors Electromechanical, Contractors General Control Systems Industrial and Residential, Earthing And Lightning Protection Equipment, Electrical Contractors, Electrical Contractors and Electricians, Electrical Engineers, Electrical-Plumbing and Sanitary Ware Repairs and Services, Electromechanical Contractors, Electromechanical Equipment, Explosion Control Equipment and Systems, Flow Meters, Fuel Handling Equipment, Instrumentation, Marine and Offshore Electrical and Electronic Eqpt and Services, MEP Contractors, Process Automation Solutions Read More",,04-2583122,https://www.uae-yellowpages.ae/listing-category/electromechanical-contractors/?page=3,
"Office 204, Happy Textile Building, Al Dhafra Dental Clinic, Hamdan Street","Uptown Technical Services LLC more info Office 204, Happy Textile Building, Al Dhafra Dental Clinic, Hamdan Street Abu Dhabi 112808 02-6394336 056-6777552 02-6394339 Products & Services Aluminum and Glass, Carpenters and Joiners, Carpentry, Civil Engineering Contractors, Commercial Interior Designers Construction Companies, Contractor General, Contractors Turnkey Projects, Electromechanical, Electromechanical Contractors, Fitout Contractors, Fitouts, General Contractors, Glass Partitions, Indoor & Outdoor Sign Manufacturer, Interior Decoration, Interior Decorators, Interior Decorators And Designers, Interior Design, Interior Design and Execution, Interior Design Company, Interior Design Services, Interior Designer, Interior Designers, Interior Designers and Consultants, Interior Designers and Contracting, Interior Designers and Decorators, Interior Designers and Fitouts, Interior Designers Contractors, Interior Designing, Interior Designing Services, Interiors, MEP Contracting, MEP Contractors, Office Fitout, Office Furniture, Oilfield Contractors, Oilfield Contractors & Services, Painting, Partitions, Renovation Companies, Renovation Contractors, Retail Contractor, Retail Renovation, Road Contractors, Turnkey Projects Read More Maps Images Send Enquiry",Abu Dhabi,02-6394336,https://www.uae-yellowpages.ae/listing-category/electromechanical-contractors/?page=3,
Abu Dhabi 112808,Abu Dhabi 112808,Abu Dhabi,,https://www.uae-yellowpages.ae/listing-category/electromechanical-contractors/?page=3,
02-6394336 056-6777552 02-6394339,"02-6394336 056-6777552 02-6394339 Products & Services Aluminum and Glass, Carpenters and Joiners, Carpentry, Civil Engineering Contractors, Commercial Interior Designers Construction Companies, Contractor General, Contractors Turnkey Projects, Electromechanical, Electromechanical Contractors, Fitout Contractors, Fitouts, General Contractors, Glass Partitions, Indoor & Outdoor Sign Manufacturer, Interior Decoration, Interior Decorators, Interior Decorators And Designers, Interior Design, Interior Design and Execution, Interior Design Company, Interior Design Services, Interior Designer, Interior Designers, Interior Designers and Consultants, Interior Designers and Contracting, Interior Designers and Decorators, Interior Designers and Fitouts, Interior Designers Contractors, Interior Designing, Interior Designing Services, Interiors, MEP Contracting, MEP Contractors, Office Fitout, Office Furniture, Oilfield Contractors, Oilfield Contractors & Services, Painting, Partitions, Renovation Companies, Renovation Contractors, Retail Contractor, Retail Renovation, Road Contractors, Turnkey Projects Read More",,02-6394336,https://www.uae-yellowpages.ae/listing-category/electromechanical-contractors/?page=3,
Products & Services,"02-6394336 056-6777552 02-6394339 Products & Services Aluminum and Glass, Carpenters and Joiners, Carpentry, Civil Engineering Contractors, Commercial Interior Designers Construction Companies, Contractor General, Contractors Turnkey Projects, Electromechanical, Electromechanical Contractors, Fitout Contractors, Fitouts, General Contractors, Glass Partitions, Indoor & Outdoor Sign Manufacturer, Interior Decoration, Interior Decorators, Interior Decorators And Designers, Interior Design, Interior Design and Execution, Interior Design Company, Interior Design Services, Interior Designer, Interior Designers, Interior Designers and Consultants, Interior Designers and Contracting, Interior Designers and Decorators, Interior Designers and Fitouts, Interior Designers Contractors, Interior Designing, Interior Designing Services, Interiors, MEP Contracting, MEP Contractors, Office Fitout, Office Furniture, Oilfield Contractors, Oilfield Contractors & Services, Painting, Partitions, Renovation Companies, Renovation Contractors, Retail Contractor, Retail Renovation, Road Contractors, Turnkey Projects Read More",,02-6394336,https://www.uae-yellowpages.ae/listing-category/electromechanical-contractors/?page=3,
02 5465600 054 4417007,"02 5465600 054 4417007 Products & Services Electromechanical Contractors, General Contractors",,02 5465600,https://www.uae-yellowpages.ae/listing-category/electromechanical-contractors/?page=3,
Products & Services,"02 5465600 054 4417007 Products & Services Electromechanical Contractors, General Contractors",,02 5465600,https://www.uae-yellowpages.ae/listing-category/electromechanical-contractors/?page=3,
"Office 384, Mussafah, M- 43","Trenton General Contracting more info Office 384, Mussafah, M- 43 Abu Dhabi 02 8776643 055 4869988 Products & Services Electromechanical Contractors, General Contractors, Offshore Construction & Supplies, Offshore Construction Services, Oilfield Contractors Images Send Enquiry",Abu Dhabi,02 8776643,https://www.uae-yellowpages.ae/listing-category/electromechanical-contractors/?page=3,
Abu Dhabi,Abu Dhabi,Abu Dhabi,,https://www.uae-yellowpages.ae/listing-category/electromechanical-contractors/?page=3,
02 8776643 055 4869988,"02 8776643 055 4869988 Products & Services Electromechanical Contractors, General Contractors, Offshore Construction & Supplies, Offshore Construction Services, Oilfield Contractors",,02 8776643,https://www.uae-yellowpages.ae/listing-category/electromechanical-contractors/?page=3,
Products & Services,"02 8776643 055 4869988 Products & Services Electromechanical Contractors, General Contractors, Offshore Construction & Supplies, Offshore Construction Services, Oilfield Contractors",,02 8776643,https://www.uae-yellowpages.ae/listing-category/electromechanical-contractors/?page=3,
"1503, Lulu Centre, Salam Street","Insulation Dynamics more info 1503, Lulu Centre, Salam Street Abu Dhabi 94378 02-6773543 Products & Services Adhesives, Civil Engineering Contractors, Contractor General, Contractors Electromechanical, Contractors General Contractors Turnkey Projects, Electromechanical Contractors, External Insulation-EIFS, Fire Rated Sealants, Fire Stop Material Supplies, Fireproofing Contractors, Fireproofing Contractors And Materials, General Contractors, Insulation and Cladding Contractors, Insulation Contractors, Insulation Contractors and Material Suppliers, Insulation Materials Acoustics, Offshore Construction, Offshore Construction & Supplies, Offshore Construction Services, Oilfield Contractors, Passive Fire Protection, Sealants, Thermal Insulation Read More Brands BOSTIK Adhesives | BOSTIK Sealants | DEN BRAVEN Adhesives | DEN BRAVEN Sealants | Read More Features Maps Images Send Enquiry Website",Abu Dhabi,02-6773543,https://www.uae-yellowpages.ae/listing-category/electromechanical-contractors/?page=3,
Abu Dhabi 94378,Abu Dhabi 94378,Abu Dhabi,,https://www.uae-yellowpages.ae/listing-category/electromechanical-contractors/?page=3,
02-6773543,"02-6773543 Products & Services Adhesives, Civil Engineering Contractors, Contractor General, Contractors Electromechanical, Contractors General Contractors Turnkey Projects, Electromechanical Contractors, External Insulation-EIFS, Fire Rated Sealants, Fire Stop Material Supplies, Fireproofing Contractors, Fireproofing Contractors And Materials, General Contractors, Insulation and Cladding Contractors, Insulation Contractors, Insulation Contractors and Material Suppliers, Insulation Materials Acoustics, Offshore Construction, Offshore Construction & Supplies, Offshore Construction Services, Oilfield Contractors, Passive Fire Protection, Sealants, Thermal Insulation Read More Brands BOSTIK Adhesives | BOSTIK Sealants | DEN BRAVEN Adhesives | DEN BRAVEN Sealants | Read More Features",,02-6773543,https://www.uae-yellowpages.ae/listing-category/electromechanical-contractors/?page=3,
Products & Services,"02-6773543 Products & Services Adhesives, Civil Engineering Contractors, Contractor General, Contractors Electromechanical, Contractors General Contractors Turnkey Projects, Electromechanical Contractors, External Insulation-EIFS, Fire Rated Sealants, Fire Stop Material Supplies, Fireproofing Contractors, Fireproofing Contractors And Materials, General Contractors, Insulation and Cladding Contractors, Insulation Contractors, Insulation Contractors and Material Suppliers, Insulation Materials Acoustics, Offshore Construction, Offshore Construction & Supplies, Offshore Construction Services, Oilfield Contractors, Passive Fire Protection, Sealants, Thermal Insulation Read More Brands BOSTIK Adhesives | BOSTIK Sealants | DEN BRAVEN Adhesives | DEN BRAVEN Sealants | Read More Features",,02-6773543,https://www.uae-yellowpages.ae/listing-category/electromechanical-contractors/?page=3,
Brands,"02-6773543 Products & Services Adhesives, Civil Engineering Contractors, Contractor General, Contractors Electromechanical, Contractors General Contractors Turnkey Projects, Electromechanical Contractors, External Insulation-EIFS, Fire Rated Sealants, Fire Stop Material Supplies, Fireproofing Contractors, Fireproofing Contractors And Materials, General Contractors, Insulation and Cladding Contractors, Insulation Contractors, Insulation Contractors and Material Suppliers, Insulation Materials Acoustics, Offshore Construction, Offshore Construction & Supplies, Offshore Construction Services, Oilfield Contractors, Passive Fire Protection, Sealants, Thermal Insulation Read More Brands BOSTIK Adhesives | BOSTIK Sealants | DEN BRAVEN Adhesives | DEN BRAVEN Sealants | Read More Features",,02-6773543,https://www.uae-yellowpages.ae/listing-category/electromechanical-contractors/?page=3,
"112, Granada Building 7, Al Hudaiba St, Near Indian Public School, Al Nakheel","Top Line Electromechanical Engineering LLC more info 112, Granada Building 7, Al Hudaiba St, Near Indian Public School, Al Nakheel Ras Al Khaimah 13230 07-2363871 050-5391038 052-6739840 Products & Services AC Maintenance Contract, Air Conditioning Duct Accessories Manufacturers and Supplier, Chilled Water Systems, Chillers, Contractors Electromechanical Contractors General, Electromechanical Contractors, HVAC Grillers and Diffusers, HVAC Maintenance Contract, HVAC Products, Offshore Construction, Oilfield Contractors Read More Map Images Send Enquiry",Ras Al Khaimah,07-2363871,https://www.uae-yellowpages.ae/listing-category/electromechanical-contractors/?page=3,
Ras Al Khaimah 13230,Ras Al Khaimah 13230,Ras Al Khaimah,,https://www.uae-yellowpages.ae/listing-category/electromechanical-contractors/?page=3,
07-2363871 050-5391038 052-6739840,"07-2363871 050-5391038 052-6739840 Products & Services AC Maintenance Contract, Air Conditioning Duct Accessories Manufacturers and Supplier, Chilled Water Systems, Chillers, Contractors Electromechanical Contractors General, Electromechanical Contractors, HVAC Grillers and Diffusers, HVAC Maintenance Contract, HVAC Products, Offshore Construction, Oilfield Contractors Read More",,07-2363871,https://www.uae-yellowpages.ae/listing-category/electromechanical-contractors/?page=3,
Products & Services,"07-2363871 050-5391038 052-6739840 Products & Services AC Maintenance Contract, Air Conditioning Duct Accessories Manufacturers and Supplier, Chilled Water Systems, Chillers, Contractors Electromechanical Contractors General, Electromechanical Contractors, HVAC Grillers and Diffusers, HVAC Maintenance Contract, HVAC Products, Offshore Construction, Oilfield Contractors Read More",,07-2363871,https://www.uae-yellowpages.ae/listing-category/electromechanical-contractors/?page=3,
"Emirates Islamic Bank Building, Hamdan Bin Abdullah Street","Leopard Contracting And Steel Construction LLC more info Emirates Islamic Bank Building, Hamdan Bin Abdullah Street Fujairah 8698 09-2229896 050-3661147 Products & Services Anchor Bolts, Car Park Shades, Chain link Fencing PVC Coated, Civil Industrial Works, Cladding Sheets Conveyor Belts, Design And Build Contracting, Electromechanical Contractors, Fencing Contractors, Fencing Work, General Contractors, Hot Rolled Steel, Industrial Construction, Industrial Contractors, Land Development, Metal Works, Offshore Construction & Supplies, Offshore Construction Services, Oilfield Contractors, PEB, Pipe Supports, Sandwich Panels, Silos, Staircases, Steel Fabricators, Steel Fabricators and Engineers, Steel Structures, Steel Warehouses, Storage Sheds, Storage Tanks, Warehouses, Warehousing And Storage Read More Map Images Send Enquiry",Fujairah,09-2229896,https://www.uae-yellowpages.ae/listing-category/electromechanical-contractors/?page=3,
Fujairah 8698,Fujairah 8698,Fujairah,,https://www.uae-yellowpages.ae/listing-category/electromechanical-contractors/?page=3,
09-2229896 050-3661147,"09-2229896 050-3661147 Products & Services Anchor Bolts, Car Park Shades, Chain link Fencing PVC Coated, Civil Industrial Works, Cladding Sheets Conveyor Belts, Design And Build Contracting, Electromechanical Contractors, Fencing Contractors, Fencing Work, General Contractors, Hot Rolled Steel, Industrial Construction, Industrial Contractors, Land Development, Metal Works, Offshore Construction & Supplies, Offshore Construction Services, Oilfield Contractors, PEB, Pipe Supports, Sandwich Panels, Silos, Staircases, Steel Fabricators, Steel Fabricators and Engineers, Steel Structures, Steel Warehouses, Storage Sheds, Storage Tanks, Warehouses, Warehousing And Storage Read More",,09-2229896,https://www.uae-yellowpages.ae/listing-category/electromechanical-contractors/?page=3,
Products & Services,"09-2229896 050-3661147 Products & Services Anchor Bolts, Car Park Shades, Chain link Fencing PVC Coated, Civil Industrial Works, Cladding Sheets Conveyor Belts, Design And Build Contracting, Electromechanical Contractors, Fencing Contractors, Fencing Work, General Contractors, Hot Rolled Steel, Industrial Construction, Industrial Contractors, Land Development, Metal Works, Offshore Construction & Supplies, Offshore Construction Services, Oilfield Contractors, PEB, Pipe Supports, Sandwich Panels, Silos, Staircases, Steel Fabricators, Steel Fabricators and Engineers, Steel Structures, Steel Warehouses, Storage Sheds, Storage Tanks, Warehouses, Warehousing And Storage Read More",,09-2229896,https://www.uae-yellowpages.ae/listing-category/electromechanical-contractors/?page=3,
"Warehouse 4, 26th Street, Al Quoz Industrial Area 4","Keletron Electromechanical Works LLC more info Warehouse 4, 26th Street, Al Quoz Industrial Area 4 Dubai 63245 04-3332185 052-2473124 050-6404610 Products & Services AC Installation, Air Conditioning Contractors, DEWA Additional Load Approval, DEWA Approval, Dewa Approved Contractors DEWA Approved Electrical Contractor, DEWA Fitout Approval, Electrical Contractors, Electrical Maintenance, Electrical Works, Electrical-Plumbing and Sanitary Ware Repairs and Services, Electromechanical Contractors, HVAC Contractors, MEP Contractors, Plumbing Contractors, Plumbing Works Read More Map Send Enquiry",Dubai,04-3332185,https://www.uae-yellowpages.ae/listing-category/electromechanical-contractors/?page=3,
Dubai 63245,Dubai 63245,Dubai,,https://www.uae-yellowpages.ae/listing-category/electromechanical-contractors/?page=3,
04-3332185 052-2473124 050-6404610,"04-3332185 052-2473124 050-6404610 Products & Services AC Installation, Air Conditioning Contractors, DEWA Additional Load Approval, DEWA Approval, Dewa Approved Contractors DEWA Approved Electrical Contractor, DEWA Fitout Approval, Electrical Contractors, Electrical Maintenance, Electrical Works, Electrical-Plumbing and Sanitary Ware Repairs and Services, Electromechanical Contractors, HVAC Contractors, MEP Contractors, Plumbing Contractors, Plumbing Works Read More",,04-3332185,https://www.uae-yellowpages.ae/listing-category/electromechanical-contractors/?page=3,
Products & Services,"04-3332185 052-2473124 050-6404610 Products & Services AC Installation, Air Conditioning Contractors, DEWA Additional Load Approval, DEWA Approval, Dewa Approved Contractors DEWA Approved Electrical Contractor, DEWA Fitout Approval, Electrical Contractors, Electrical Maintenance, Electrical Works, Electrical-Plumbing and Sanitary Ware Repairs and Services, Electromechanical Contractors, HVAC Contractors, MEP Contractors, Plumbing Contractors, Plumbing Works Read More",,04-3332185,https://www.uae-yellowpages.ae/listing-category/electromechanical-contractors/?page=3,
"Shk Ahmed Bldg, 2nd Dec Rd, Satwa","Al Thamer Electromechanical Works LLC more info Shk Ahmed Bldg, 2nd Dec Rd, Satwa Dubai 44913 04-3987840 04-3987850 Products & Services Contractors Electromechanical, Electrical Contractors and Electricians, Electromechanical Contractors Send Enquiry",Dubai,04-3987840,https://www.uae-yellowpages.ae/listing-category/electromechanical-contractors/?page=3,
Dubai 44913,Dubai 44913,Dubai,,https://www.uae-yellowpages.ae/listing-category/electromechanical-contractors/?page=3,
04-3987840 04-3987850,"04-3987840 04-3987850 Products & Services Contractors Electromechanical, Electrical Contractors and Electricians, Electromechanical Contractors",,04-3987840,https://www.uae-yellowpages.ae/listing-category/electromechanical-contractors/?page=3,
Products & Services,"04-3987840 04-3987850 Products & Services Contractors Electromechanical, Electrical Contractors and Electricians, Electromechanical Contractors",,04-3987840,https://www.uae-yellowpages.ae/listing-category/electromechanical-contractors/?page=3,
Al Qusais Indl Area 3,"Chugtai Technical Services Company more info Al Qusais Indl Area 3 Dubai 7102 04-2671412 04-2671409 Products & Services Contractors Electromechanical, Electromechanical Contractors Map Send Enquiry",Dubai,04-2671412,https://www.uae-yellowpages.ae/listing-category/electromechanical-contractors/?page=3,
Dubai 7102,Dubai 7102,Dubai,,https://www.uae-yellowpages.ae/listing-category/electromechanical-contractors/?page=3,
04-2671412 04-2671409,"04-2671412 04-2671409 Products & Services Contractors Electromechanical, Electromechanical Contractors",,04-2671412,https://www.uae-yellowpages.ae/listing-category/electromechanical-contractors/?page=3,
Products & Services,"04-2671412 04-2671409 Products & Services Contractors Electromechanical, Electromechanical Contractors",,04-2671412,https://www.uae-yellowpages.ae/listing-category/electromechanical-contractors/?page=3,
"11th Floor, Galleries 4, Jebel Ali Down Town","Daikin Middle East and Africa FZE more info 11th Floor, Galleries 4, Jebel Ali Down Town Dubai 18674 04-8159300 056-7367536 Products & Services AHU, Air Condition Equipment, Air Conditioning and Refrigeration Compressors Repairs, Air Conditioning Consultants, Air Conditioning Contractors Air Conditioning Duct Accessories Manufacturers, Air Conditioning Engineers Installation And Maintenance, Air Conditioning Equipment and Systems, Air Conditioning Equipment And Systems Parts And Supplies, Air Conditioning Equipment And Systems Repairs And Maintenance, Air Conditioning Equipment Suppliers, Air Conditioning Installation, Air Conditioning Installation And Maintenance, Air Conditioning Services, Air Handling Unit, Central Air Conditioners, Chillers, Control Systems, Control Systems Industrial and Residential, Cooling Equipment, Domestic and Commercial Chillers, Electromechanical Contractors, Fan Coil Unit, HVAC Control, HVAC Control Suppliers, Hvac Grilles And Diffusers, HVAC Products, Hvac Testing And Commissioning, Inverter, Variable Refrigerant Flow Read More Map Send Enquiry",Dubai,04-8159300,https://www.uae-yellowpages.ae/listing-category/electromechanical-contractors/?page=3,
Dubai 18674,Dubai 18674,Dubai,,https://www.uae-yellowpages.ae/listing-category/electromechanical-contractors/?page=3,
04-8159300 056-7367536,"04-8159300 056-7367536 Products & Services AHU, Air Condition Equipment, Air Conditioning and Refrigeration Compressors Repairs, Air Conditioning Consultants, Air Conditioning Contractors Air Conditioning Duct Accessories Manufacturers, Air Conditioning Engineers Installation And Maintenance, Air Conditioning Equipment and Systems, Air Conditioning Equipment And Systems Parts And Supplies, Air Conditioning Equipment And Systems Repairs And Maintenance, Air Conditioning Equipment Suppliers, Air Conditioning Installation, Air Conditioning Installation And Maintenance, Air Conditioning Services, Air Handling Unit, Central Air Conditioners, Chillers, Control Systems, Control Systems Industrial and Residential, Cooling Equipment, Domestic and Commercial Chillers, Electromechanical Contractors, Fan Coil Unit, HVAC Control, HVAC Control Suppliers, Hvac Grilles And Diffusers, HVAC Products, Hvac Testing And Commissioning, Inverter, Variable Refrigerant Flow Read More",,04-8159300,https://www.uae-yellowpages.ae/listing-category/electromechanical-contractors/?page=3,
Products & Services,"04-8159300 056-7367536 Products & Services AHU, Air Condition Equipment, Air Conditioning and Refrigeration Compressors Repairs, Air Conditioning Consultants, Air Conditioning Contractors Air Conditioning Duct Accessories Manufacturers, Air Conditioning Engineers Installation And Maintenance, Air Conditioning Equipment and Systems, Air Conditioning Equipment And Systems Parts And Supplies, Air Conditioning Equipment And Systems Repairs And Maintenance, Air Conditioning Equipment Suppliers, Air Conditioning Installation, Air Conditioning Installation And Maintenance, Air Conditioning Services, Air Handling Unit, Central Air Conditioners, Chillers, Control Systems, Control Systems Industrial and Residential, Cooling Equipment, Domestic and Commercial Chillers, Electromechanical Contractors, Fan Coil Unit, HVAC Control, HVAC Control Suppliers, Hvac Grilles And Diffusers, HVAC Products, Hvac Testing And Commissioning, Inverter, Variable Refrigerant Flow Read More",,04-8159300,https://www.uae-yellowpages.ae/listing-category/electromechanical-contractors/?page=3,
"Office #210, 2nd Floor, Bayan Business Center, Dubai Investment Park 1","Centaur Electro Mechanical Contracting Company LLC more info Office #210, 2nd Floor, Bayan Business Center, Dubai Investment Park 1 Dubai 25024 04-3541955 04-3541956 Products & Services Contractors Electromechanical, Electromechanical Contractors, Electromechanical Equipment, High Voltage Cabling And Substations, Overhead Transmission Lines Transformers Manufacturers and Suppliers Read More Send Enquiry",Dubai,04-3541955,https://www.uae-yellowpages.ae/listing-category/electromechanical-contractors/?page=3,
Dubai 25024,Dubai 25024,Dubai,,https://www.uae-yellowpages.ae/listing-category/electromechanical-contractors/?page=3,
04-3541955 04-3541956,"04-3541955 04-3541956 Products & Services Contractors Electromechanical, Electromechanical Contractors, Electromechanical Equipment, High Voltage Cabling And Substations, Overhead Transmission Lines Transformers Manufacturers and Suppliers Read More",,04-3541955,https://www.uae-yellowpages.ae/listing-category/electromechanical-contractors/?page=3,
Products & Services,"04-3541955 04-3541956 Products & Services Contractors Electromechanical, Electromechanical Contractors, Electromechanical Equipment, High Voltage Cabling And Substations, Overhead Transmission Lines Transformers Manufacturers and Suppliers Read More",,04-3541955,https://www.uae-yellowpages.ae/listing-category/electromechanical-contractors/?page=3,
"Shop #5, Block R6, Sheikh Hamdan Colony, Karama","Aldebaran Technical Services LLC more info Shop #5, Block R6, Sheikh Hamdan Colony, Karama Dubai 122820 055-3494942 056-1885529 Products & Services Air Conditioning Contractors, Air Conditioning Engineers Installation And Maintenance, Air Conditioning Installation And Maintenance, Anti Slip Floor Coatings, Building Cleaning Ceiling And Partitions, Ceilings, Cementitious Self Leveling, Cleaning and Janitorial Services, Cold Room Flooring, Contractors Electromechanical, Electrical Installation, Electromechanical Contractors, Epoxy, Epoxy Floor Coating, Epoxy Flooring, Epoxy Resin Floor Screeds, Epoxy Screed Work, Epoxy Self Leveling, Flooring, Floors Wooden, Line Marking Paints and Coatings, Painting Contractors, Polyurethane Resin Floor Screed, PVC Flooring, Technical Services, Tiles Fixing, Variable Refrigerant Flow, Vinyl Flooring, Wooden floors Read More Map Images Send Enquiry",Dubai,055-3494942,https://www.uae-yellowpages.ae/listing-category/electromechanical-contractors/?page=3,
Dubai 122820,Dubai 122820,Dubai,,https://www.uae-yellowpages.ae/listing-category/electromechanical-contractors/?page=3,
055-3494942 056-1885529,"055-3494942 056-1885529 Products & Services Air Conditioning Contractors, Air Conditioning Engineers Installation And Maintenance, Air Conditioning Installation And Maintenance, Anti Slip Floor Coatings, Building Cleaning Ceiling And Partitions, Ceilings, Cementitious Self Leveling, Cleaning and Janitorial Services, Cold Room Flooring, Contractors Electromechanical, Electrical Installation, Electromechanical Contractors, Epoxy, Epoxy Floor Coating, Epoxy Flooring, Epoxy Resin Floor Screeds, Epoxy Screed Work, Epoxy Self Leveling, Flooring, Floors Wooden, Line Marking Paints and Coatings, Painting Contractors, Polyurethane Resin Floor Screed, PVC Flooring, Technical Services, Tiles Fixing, Variable Refrigerant Flow, Vinyl Flooring, Wooden floors Read More",,055-3494942,https://www.uae-yellowpages.ae/listing-category/electromechanical-contractors/?page=3,
Products & Services,"055-3494942 056-1885529 Products & Services Air Conditioning Contractors, Air Conditioning Engineers Installation And Maintenance, Air Conditioning Installation And Maintenance, Anti Slip Floor Coatings, Building Cleaning Ceiling And Partitions, Ceilings, Cementitious Self Leveling, Cleaning and Janitorial Services, Cold Room Flooring, Contractors Electromechanical, Electrical Installation, Electromechanical Contractors, Epoxy, Epoxy Floor Coating, Epoxy Flooring, Epoxy Resin Floor Screeds, Epoxy Screed Work, Epoxy Self Leveling, Flooring, Floors Wooden, Line Marking Paints and Coatings, Painting Contractors, Polyurethane Resin Floor Screed, PVC Flooring, Technical Services, Tiles Fixing, Variable Refrigerant Flow, Vinyl Flooring, Wooden floors Read More",,055-3494942,https://www.uae-yellowpages.ae/listing-category/electromechanical-contractors/?page=3,
"Near To Golden Square Hotel, Al-Nakheel Road, Deira","Sayed Fayyaz Hussain Technical Services LLC more info Near To Golden Square Hotel, Al-Nakheel Road, Deira Dubai 381049 055-5667214 04-2223516 Products & Services Air Conditioning, Air Conditioning Engineers Installation And Maintenance, Electromechanical Contractors, Painters and Painting Contractors, Plumbing and Sanitary Contractors Tiles Fixing Read More Map Send Enquiry",Dubai,04-2223516,https://www.uae-yellowpages.ae/listing-category/electromechanical-contractors/?page=3,
Dubai 381049,Dubai 381049,Dubai,,https://www.uae-yellowpages.ae/listing-category/electromechanical-contractors/?page=3,
055-5667214 04-2223516,"055-5667214 04-2223516 Products & Services Air Conditioning, Air Conditioning Engineers Installation And Maintenance, Electromechanical Contractors, Painters and Painting Contractors, Plumbing and Sanitary Contractors Tiles Fixing Read More",,04-2223516,https://www.uae-yellowpages.ae/listing-category/electromechanical-contractors/?page=3,
Products & Services,"055-5667214 04-2223516 Products & Services Air Conditioning, Air Conditioning Engineers Installation And Maintenance, Electromechanical Contractors, Painters and Painting Contractors, Plumbing and Sanitary Contractors Tiles Fixing Read More",,04-2223516,https://www.uae-yellowpages.ae/listing-category/electromechanical-contractors/?page=3,
"Galadari Bldg, Opp Mazda Showroom, Deira","Najmat Group Of Companies more info Galadari Bldg, Opp Mazda Showroom, Deira Dubai 112155 04-2666389 04-2667389 Products & Services Contractors Electromechanical, Electromechanical Contractors Send Enquiry",Dubai,04-2666389,https://www.uae-yellowpages.ae/listing-category/electromechanical-contractors/?page=3,
Dubai 112155,Dubai 112155,Dubai,,https://www.uae-yellowpages.ae/listing-category/electromechanical-contractors/?page=3,
04-2666389 04-2667389,"04-2666389 04-2667389 Products & Services Contractors Electromechanical, Electromechanical Contractors",,04-2666389,https://www.uae-yellowpages.ae/listing-category/electromechanical-contractors/?page=3,
Products & Services,"04-2666389 04-2667389 Products & Services Contractors Electromechanical, Electromechanical Contractors",,04-2666389,https://www.uae-yellowpages.ae/listing-category/electromechanical-contractors/?page=3,
"205, PTC Bldg, Damascus St, Al Qusais","Najmat Al Ras Electro Mechanical Works LLC more info 205, PTC Bldg, Damascus St, Al Qusais Dubai 113650 04-2511708 055-5564892 04-2511709 Products & Services Contractors Electromechanical, Electrical Contractors and Electricians, Electromechanical Contractors, Plumbing and Electrical Contractors Map Send Enquiry",Dubai,04-2511708,https://www.uae-yellowpages.ae/listing-category/electromechanical-contractors/?page=3,
Dubai 113650,Dubai 113650,Dubai,,https://www.uae-yellowpages.ae/listing-category/electromechanical-contractors/?page=3,
04-2511708 055-5564892 04-2511709,"04-2511708 055-5564892 04-2511709 Products & Services Contractors Electromechanical, Electrical Contractors and Electricians, Electromechanical Contractors, Plumbing and Electrical Contractors",,04-2511708,https://www.uae-yellowpages.ae/listing-category/electromechanical-contractors/?page=3,
Products & Services,"04-2511708 055-5564892 04-2511709 Products & Services Contractors Electromechanical, Electrical Contractors and Electricians, Electromechanical Contractors, Plumbing and Electrical Contractors",,04-2511708,https://www.uae-yellowpages.ae/listing-category/electromechanical-contractors/?page=3,
"705, Damac Business Tower, Business Bay","Pathak Middle East Electromechanical LLC more info 705, Damac Business Tower, Business Bay Dubai 89350 04-3586520 04-3586530 Products & Services Air Conditioning Contractors, Cladding Lift and Escalator, Contractors Electromechanical, Electrical Contractors and Electricians, Electromechanical Contractors Electromechanical Engineers and Consultants, Fire Alarm Systems, Fire Protection and Fire Fighting Equipment and Service, Fitout Contractors, Insulation Contractors and Material Suppliers Read More Map Send Enquiry",Dubai,04-3586520,https://www.uae-yellowpages.ae/listing-category/electromechanical-contractors/?page=3,
Dubai 89350,Dubai 89350,Dubai,,https://www.uae-yellowpages.ae/listing-category/electromechanical-contractors/?page=3,
04-3586520 04-3586530,"04-3586520 04-3586530 Products & Services Air Conditioning Contractors, Cladding Lift and Escalator, Contractors Electromechanical, Electrical Contractors and Electricians, Electromechanical Contractors Electromechanical Engineers and Consultants, Fire Alarm Systems, Fire Protection and Fire Fighting Equipment and Service, Fitout Contractors, Insulation Contractors and Material Suppliers Read More",,04-3586520,https://www.uae-yellowpages.ae/listing-category/electromechanical-contractors/?page=3,
Products & Services,"04-3586520 04-3586530 Products & Services Air Conditioning Contractors, Cladding Lift and Escalator, Contractors Electromechanical, Electrical Contractors and Electricians, Electromechanical Contractors Electromechanical Engineers and Consultants, Fire Alarm Systems, Fire Protection and Fire Fighting Equipment and Service, Fitout Contractors, Insulation Contractors and Material Suppliers Read More",,04-3586520,https://www.uae-yellowpages.ae/listing-category/electromechanical-contractors/?page=3,
"Office 857, 8th Floor, Al Gaith Tower, Near Lulu Express, Hamdan Street","Stylish Advanced Decor more info Office 857, 8th Floor, Al Gaith Tower, Near Lulu Express, Hamdan Street Abu Dhabi 108744 02-5089124 050-5121868 Products & Services 3D Visualization, AC Contractors, AC Maintenance, Aluminium and Glass Works, Architectural Design Authority Approvals, Bathroom Renovation, Carpentry, Carpet Flooring, Commercial Kitchen, Commercial Space Design and Fitouts, Decoration Works, Electromechanical Contractors, Exhibition Stands, False Ceiling, Fire Rated Doors, Fitout Contractors, Flooring, Glass Doors, Glass Partition Works, Glass Partitions, Glass Works, Gypsum Decoration, Gypsum Decoration Works, Gypsum Interior Decorators, Gypsum Partition, HVAC Contractors, Interior Decorators, Interior Decorators And Designers, Interior Fitouts, Joinery, Kiosks, Kitchen Cabinets, Mashrabiya Pattern, MEP Contractors, Office Fitout, Office Modification, Office Renovation, Parquet Flooring, Partitions, Renovation Companies, Restaurant Decoration, Restaurant Fitouts, Restaurant Interiors, Tiles Fixing, Turnkey Projects, Villa Renovation, Wooden Cladding, Wooden Doors Read More Map Images Send Enquiry",Abu Dhabi,02-5089124,https://www.uae-yellowpages.ae/listing-category/electromechanical-contractors/?page=3,
Abu Dhabi 108744,Abu Dhabi 108744,Abu Dhabi,,https://www.uae-yellowpages.ae/listing-category/electromechanical-contractors/?page=3,
02-5089124 050-5121868,"02-5089124 050-5121868 Products & Services 3D Visualization, AC Contractors, AC Maintenance, Aluminium and Glass Works, Architectural Design Authority Approvals, Bathroom Renovation, Carpentry, Carpet Flooring, Commercial Kitchen, Commercial Space Design and Fitouts, Decoration Works, Electromechanical Contractors, Exhibition Stands, False Ceiling, Fire Rated Doors, Fitout Contractors, Flooring, Glass Doors, Glass Partition Works, Glass Partitions, Glass Works, Gypsum Decoration, Gypsum Decoration Works, Gypsum Interior Decorators, Gypsum Partition, HVAC Contractors, Interior Decorators, Interior Decorators And Designers, Interior Fitouts, Joinery, Kiosks, Kitchen Cabinets, Mashrabiya Pattern, MEP Contractors, Office Fitout, Office Modification, Office Renovation, Parquet Flooring, Partitions, Renovation Companies, Restaurant Decoration, Restaurant Fitouts, Restaurant Interiors, Tiles Fixing, Turnkey Projects, Villa Renovation, Wooden Cladding, Wooden Doors Read More",,02-5089124,https://www.uae-yellowpages.ae/listing-category/electromechanical-contractors/?page=3,
Products & Services,"02-5089124 050-5121868 Products & Services 3D Visualization, AC Contractors, AC Maintenance, Aluminium and Glass Works, Architectural Design Authority Approvals, Bathroom Renovation, Carpentry, Carpet Flooring, Commercial Kitchen, Commercial Space Design and Fitouts, Decoration Works, Electromechanical Contractors, Exhibition Stands, False Ceiling, Fire Rated Doors, Fitout Contractors, Flooring, Glass Doors, Glass Partition Works, Glass Partitions, Glass Works, Gypsum Decoration, Gypsum Decoration Works, Gypsum Interior Decorators, Gypsum Partition, HVAC Contractors, Interior Decorators, Interior Decorators And Designers, Interior Fitouts, Joinery, Kiosks, Kitchen Cabinets, Mashrabiya Pattern, MEP Contractors, Office Fitout, Office Modification, Office Renovation, Parquet Flooring, Partitions, Renovation Companies, Restaurant Decoration, Restaurant Fitouts, Restaurant Interiors, Tiles Fixing, Turnkey Projects, Villa Renovation, Wooden Cladding, Wooden Doors Read More",,02-5089124,https://www.uae-yellowpages.ae/listing-category/electromechanical-contractors/?page=3,
"M1, Concord Salon Bldg, Khalidiya","New Age Technology LLC more info M1, Concord Salon Bldg, Khalidiya Abu Dhabi 42355 02-6662004 050-7868158 02-6662360 Products & Services Air Conditioning Engineers Installation And Maintenance, Building Maintenance, CCTV, Contractors Electromechanical, Electromechanical Contractors Map Send Enquiry",Abu Dhabi,02-6662004,https://www.uae-yellowpages.ae/listing-category/electromechanical-contractors/?page=3,
Abu Dhabi 42355,Abu Dhabi 42355,Abu Dhabi,,https://www.uae-yellowpages.ae/listing-category/electromechanical-contractors/?page=3,
02-6662004 050-7868158 02-6662360,"02-6662004 050-7868158 02-6662360 Products & Services Air Conditioning Engineers Installation And Maintenance, Building Maintenance, CCTV, Contractors Electromechanical, Electromechanical Contractors",,02-6662004,https://www.uae-yellowpages.ae/listing-category/electromechanical-contractors/?page=3,
Products & Services,"02-6662004 050-7868158 02-6662360 Products & Services Air Conditioning Engineers Installation And Maintenance, Building Maintenance, CCTV, Contractors Electromechanical, Electromechanical Contractors",,02-6662004,https://www.uae-yellowpages.ae/listing-category/electromechanical-contractors/?page=3,
"Office 04, ME-10, Shabiya Near UAE Exchange","Power Logic Electro Mechanical LLC more info Office 04, ME-10, Shabiya Near UAE Exchange Abu Dhabi 110348 02-5519720 02-5519721 Products & Services Cable Laying Contractors, Contractors Electromechanical, Electromechanical Contractors, Electromechanical Engineers and Consultants Map Send Enquiry",Abu Dhabi,02-5519720,https://www.uae-yellowpages.ae/listing-category/electromechanical-contractors/?page=3,
Abu Dhabi 110348,Abu Dhabi 110348,Abu Dhabi,,https://www.uae-yellowpages.ae/listing-category/electromechanical-contractors/?page=3,
02-5519720 02-5519721,"02-5519720 02-5519721 Products & Services Cable Laying Contractors, Contractors Electromechanical, Electromechanical Contractors, Electromechanical Engineers and Consultants",,02-5519720,https://www.uae-yellowpages.ae/listing-category/electromechanical-contractors/?page=3,
Products & Services,"02-5519720 02-5519721 Products & Services Cable Laying Contractors, Contractors Electromechanical, Electromechanical Contractors, Electromechanical Engineers and Consultants",,02-5519720,https://www.uae-yellowpages.ae/listing-category/electromechanical-contractors/?page=3,
Mussafah 34,"Silver Lake Electromechanical Works LLC more info Mussafah 34 Abu Dhabi 89144 050-6723547 050-1119028 Products & Services AC, AC Annual Maintenance, AC Contractors, AC Installation, AC Installation and Maintenance AC Maintenance, AC Maintenance and Services, AC Repair, AC Services, AC Servicing, Air Conditioning Contractors, Air Conditioning Engineers Installation And Maintenance, Air Conditioning Equipment and Systems, Air Conditioning Equipment And Systems Repairs And Maintenance, Central AC Maintenance, Chiller Maintenance, Chiller Repairing, Electrical Contractors and Electricians, Electromechanical, Electromechanical Contractors, HVAC and AMC Contract, HVAC Contractors Read More Map Images Send Enquiry",Abu Dhabi,050-6723547,https://www.uae-yellowpages.ae/listing-category/electromechanical-contractors/?page=3,
Abu Dhabi 89144,Abu Dhabi 89144,Abu Dhabi,,https://www.uae-yellowpages.ae/listing-category/electromechanical-contractors/?page=3,
050-6723547 050-1119028,"050-6723547 050-1119028 Products & Services AC, AC Annual Maintenance, AC Contractors, AC Installation, AC Installation and Maintenance AC Maintenance, AC Maintenance and Services, AC Repair, AC Services, AC Servicing, Air Conditioning Contractors, Air Conditioning Engineers Installation And Maintenance, Air Conditioning Equipment and Systems, Air Conditioning Equipment And Systems Repairs And Maintenance, Central AC Maintenance, Chiller Maintenance, Chiller Repairing, Electrical Contractors and Electricians, Electromechanical, Electromechanical Contractors, HVAC and AMC Contract, HVAC Contractors Read More",,050-6723547,https://www.uae-yellowpages.ae/listing-category/electromechanical-contractors/?page=3,
Products & Services,"050-6723547 050-1119028 Products & Services AC, AC Annual Maintenance, AC Contractors, AC Installation, AC Installation and Maintenance AC Maintenance, AC Maintenance and Services, AC Repair, AC Services, AC Servicing, Air Conditioning Contractors, Air Conditioning Engineers Installation And Maintenance, Air Conditioning Equipment and Systems, Air Conditioning Equipment And Systems Repairs And Maintenance, Central AC Maintenance, Chiller Maintenance, Chiller Repairing, Electrical Contractors and Electricians, Electromechanical, Electromechanical Contractors, HVAC and AMC Contract, HVAC Contractors Read More",,050-6723547,https://www.uae-yellowpages.ae/listing-category/electromechanical-contractors/?page=3,
"Scan Electromechanical Building, Behind Tuba Intl, Indl Area No 5","Scan Electromechanical Contracting Company LLC more info Scan Electromechanical Building, Behind Tuba Intl, Indl Area No 5 Sharjah 31599 06-5422773 06-5422986 Products & Services Cable Laying Contractors, Contractors Electromechanical, Electromechanical Contractors, Overhead Transmission Lines, Power Transformer Transformers, Transformers Manufacturers and Suppliers Read More Brand(s) MCCLOSKEY HDD Machines Map Images Send Enquiry",Sharjah,06-5422773,https://www.uae-yellowpages.ae/listing-category/electromechanical-contractors/?page=3,
Sharjah 31599,Sharjah 31599,Sharjah,,https://www.uae-yellowpages.ae/listing-category/electromechanical-contractors/?page=3,
06-5422773 06-5422986,"06-5422773 06-5422986 Products & Services Cable Laying Contractors, Contractors Electromechanical, Electromechanical Contractors, Overhead Transmission Lines, Power Transformer Transformers, Transformers Manufacturers and Suppliers Read More Brand(s) MCCLOSKEY HDD Machines",,06-5422773,https://www.uae-yellowpages.ae/listing-category/electromechanical-contractors/?page=3,
Products & Services,"06-5422773 06-5422986 Products & Services Cable Laying Contractors, Contractors Electromechanical, Electromechanical Contractors, Overhead Transmission Lines, Power Transformer Transformers, Transformers Manufacturers and Suppliers Read More Brand(s) MCCLOSKEY HDD Machines",,06-5422773,https://www.uae-yellowpages.ae/listing-category/electromechanical-contractors/?page=3,
Brand(s),"06-5422773 06-5422986 Products & Services Cable Laying Contractors, Contractors Electromechanical, Electromechanical Contractors, Overhead Transmission Lines, Power Transformer Transformers, Transformers Manufacturers and Suppliers Read More Brand(s) MCCLOSKEY HDD Machines",,06-5422773,https://www.uae-yellowpages.ae/listing-category/electromechanical-contractors/?page=3,
"6, First Floor, Times Coffee Shop Bldg, Near Jumbo Plastic, Mussafah-43, Sanaya","Unique Style General Transport & Contracting more info 6, First Floor, Times Coffee Shop Bldg, Near Jumbo Plastic, Mussafah-43, Sanaya Abu Dhabi 30586 02-5593514 055-3882921 02-5531503 Products & Services Construction Equipment And Machinery Rental, Contractor General, Crane Hire, Electrical Contractors, Electromechanical Contractors Epoxy, Epoxy Coating and Protective Coating, Epoxy Painting, Forklift Suppliers, Forklifts Rental Parts And Service, Labour Supply, Manpower Suppliers, Off Shore, Oil And Gas Consultancy And Services, Oilfield Contractors and Services, Oilfield Equipment Rental, On Shore, Painters and Painting Contractors, Painting and Blasting, Steel Fabrication, Transport Companies, Transportation Consultants, Waterproofing Contractors Read More Map Send Enquiry",Abu Dhabi,02-5593514,https://www.uae-yellowpages.ae/listing-category/electromechanical-contractors/?page=3,
Abu Dhabi 30586,Abu Dhabi 30586,Abu Dhabi,,https://www.uae-yellowpages.ae/listing-category/electromechanical-contractors/?page=3,
02-5593514 055-3882921 02-5531503,"02-5593514 055-3882921 02-5531503 Products & Services Construction Equipment And Machinery Rental, Contractor General, Crane Hire, Electrical Contractors, Electromechanical Contractors Epoxy, Epoxy Coating and Protective Coating, Epoxy Painting, Forklift Suppliers, Forklifts Rental Parts And Service, Labour Supply, Manpower Suppliers, Off Shore, Oil And Gas Consultancy And Services, Oilfield Contractors and Services, Oilfield Equipment Rental, On Shore, Painters and Painting Contractors, Painting and Blasting, Steel Fabrication, Transport Companies, Transportation Consultants, Waterproofing Contractors Read More",,02-5593514,https://www.uae-yellowpages.ae/listing-category/electromechanical-contractors/?page=3,
Products & Services,"02-5593514 055-3882921 02-5531503 Products & Services Construction Equipment And Machinery Rental, Contractor General, Crane Hire, Electrical Contractors, Electromechanical Contractors Epoxy, Epoxy Coating and Protective Coating, Epoxy Painting, Forklift Suppliers, Forklifts Rental Parts And Service, Labour Supply, Manpower Suppliers, Off Shore, Oil And Gas Consultancy And Services, Oilfield Contractors and Services, Oilfield Equipment Rental, On Shore, Painters and Painting Contractors, Painting and Blasting, Steel Fabrication, Transport Companies, Transportation Consultants, Waterproofing Contractors Read More",,02-5593514,https://www.uae-yellowpages.ae/listing-category/electromechanical-contractors/?page=3,
"Plot 7, Street No 29, Mussafah, M-2","Genfocus Electro Mechanical Contracting Establishment more info Plot 7, Street No 29, Mussafah, M-2 Abu Dhabi 91696 02-5551453 02-5551451 Products & Services Cable Fault Finding, Contractor General, Contractors Electromechanical, Electrical Testing, Electromechanical Contractors Electromechanical Engineers and Consultants, Transformer Oil Filtration Read More Map Send Enquiry",Abu Dhabi,02-5551453,https://www.uae-yellowpages.ae/listing-category/electromechanical-contractors/?page=3,
Abu Dhabi 91696,Abu Dhabi 91696,Abu Dhabi,,https://www.uae-yellowpages.ae/listing-category/electromechanical-contractors/?page=3,
02-5551453 02-5551451,"02-5551453 02-5551451 Products & Services Cable Fault Finding, Contractor General, Contractors Electromechanical, Electrical Testing, Electromechanical Contractors Electromechanical Engineers and Consultants, Transformer Oil Filtration Read More",,02-5551453,https://www.uae-yellowpages.ae/listing-category/electromechanical-contractors/?page=3,
Products & Services,"02-5551453 02-5551451 Products & Services Cable Fault Finding, Contractor General, Contractors Electromechanical, Electrical Testing, Electromechanical Contractors Electromechanical Engineers and Consultants, Transformer Oil Filtration Read More",,02-5551453,https://www.uae-yellowpages.ae/listing-category/electromechanical-contractors/?page=3,
"12, M32/1, Near Malayalam Samaj, Musaffah","Daar Al Taaqa Technical Works more info 12, M32/1, Near Malayalam Samaj, Musaffah Abu Dhabi 050-2104144 Products & Services Ac Annual Maintenance Contractor, AC Installation, AC Maintenance, AC Repair, AC Supply and Installation Air Conditioning Contractors, Air Conditioning Engineers Installation And Maintenance, Chiller Maintenance, Chiller Repair, Electromechanical Contractors, Electromechanical Works, HVAC, HVAC and AMC Contract, HVAC Contractors, MEP Contractors, MEP Works Read More Map Images Send Enquiry",Abu Dhabi,050-2104144,https://www.uae-yellowpages.ae/listing-category/electromechanical-contractors/?page=3,
Abu Dhabi,Abu Dhabi,Abu Dhabi,,https://www.uae-yellowpages.ae/listing-category/electromechanical-contractors/?page=3,
050-2104144,"050-2104144 Products & Services Ac Annual Maintenance Contractor, AC Installation, AC Maintenance, AC Repair, AC Supply and Installation Air Conditioning Contractors, Air Conditioning Engineers Installation And Maintenance, Chiller Maintenance, Chiller Repair, Electromechanical Contractors, Electromechanical Works, HVAC, HVAC and AMC Contract, HVAC Contractors, MEP Contractors, MEP Works Read More",,050-2104144,https://www.uae-yellowpages.ae/listing-category/electromechanical-contractors/?page=3,
Products & Services,"050-2104144 Products & Services Ac Annual Maintenance Contractor, AC Installation, AC Maintenance, AC Repair, AC Supply and Installation Air Conditioning Contractors, Air Conditioning Engineers Installation And Maintenance, Chiller Maintenance, Chiller Repair, Electromechanical Contractors, Electromechanical Works, HVAC, HVAC and AMC Contract, HVAC Contractors, MEP Contractors, MEP Works Read More",,050-2104144,https://www.uae-yellowpages.ae/listing-category/electromechanical-contractors/?page=3,
"Office 1, City Tower, Abu Shagara","Al Zahriah Electro Mechanical Contracting more info Office 1, City Tower, Abu Shagara Sharjah 20394 06-5535811 06-5444613 Products & Services Concrete Cutting, Contractors Electromechanical, Electromechanical, Electromechanical Contractors, Electromechanical Engineers and Consultants MEP Contracting, Precise Cording, Telecom Tower Erection Read More Map Send Enquiry",Sharjah,06-5535811,https://www.uae-yellowpages.ae/listing-category/electromechanical-contractors/?page=3,
Sharjah 20394,Sharjah 20394,Sharjah,,https://www.uae-yellowpages.ae/listing-category/electromechanical-contractors/?page=3,
06-5535811 06-5444613,"06-5535811 06-5444613 Products & Services Concrete Cutting, Contractors Electromechanical, Electromechanical, Electromechanical Contractors, Electromechanical Engineers and Consultants MEP Contracting, Precise Cording, Telecom Tower Erection Read More",,06-5535811,https://www.uae-yellowpages.ae/listing-category/electromechanical-contractors/?page=3,
Products & Services,"06-5535811 06-5444613 Products & Services Concrete Cutting, Contractors Electromechanical, Electromechanical, Electromechanical Contractors, Electromechanical Engineers and Consultants MEP Contracting, Precise Cording, Telecom Tower Erection Read More",,06-5535811,https://www.uae-yellowpages.ae/listing-category/electromechanical-contractors/?page=3,
"Office 34, Mazyad Mall Business Center, Tower 1, Musaffah","Capricorn General Maintenance more info Office 34, Mazyad Mall Business Center, Tower 1, Musaffah Abu Dhabi 050-5071276 Products & Services AC Contractors, Air Conditioning Contractors, Air Conditioning Equipment And Systems Repairs And Maintenance, Chilled Water Pipes, Chiller Maintenance Electrical Contractors, Electrical Contractors and Electricians, Electrical Maintenance, Electromechanical, Electromechanical Contractors, HVAC and AMC Contract, HVAC Contractors, MEP Contractors, Plumbing And Electrical Works, Plumbing and Sanitary Contractors Read More Map Send Enquiry",Abu Dhabi,050-5071276,https://www.uae-yellowpages.ae/listing-category/electromechanical-contractors/?page=3,
Abu Dhabi,Abu Dhabi,Abu Dhabi,,https://www.uae-yellowpages.ae/listing-category/electromechanical-contractors/?page=3,
050-5071276,"050-5071276 Products & Services AC Contractors, Air Conditioning Contractors, Air Conditioning Equipment And Systems Repairs And Maintenance, Chilled Water Pipes, Chiller Maintenance Electrical Contractors, Electrical Contractors and Electricians, Electrical Maintenance, Electromechanical, Electromechanical Contractors, HVAC and AMC Contract, HVAC Contractors, MEP Contractors, Plumbing And Electrical Works, Plumbing and Sanitary Contractors Read More",,050-5071276,https://www.uae-yellowpages.ae/listing-category/electromechanical-contractors/?page=3,
Products & Services,"050-5071276 Products & Services AC Contractors, Air Conditioning Contractors, Air Conditioning Equipment And Systems Repairs And Maintenance, Chilled Water Pipes, Chiller Maintenance Electrical Contractors, Electrical Contractors and Electricians, Electrical Maintenance, Electromechanical, Electromechanical Contractors, HVAC and AMC Contract, HVAC Contractors, MEP Contractors, Plumbing And Electrical Works, Plumbing and Sanitary Contractors Read More",,050-5071276,https://www.uae-yellowpages.ae/listing-category/electromechanical-contractors/?page=3,
"105-106, 1st Flr, Old JVC Bldg, Opp Etisalat, Airport Rd","Al Inayah Electro-mechanical Works LLC more info 105-106, 1st Flr, Old JVC Bldg, Opp Etisalat, Airport Rd Abu Dhabi 71611 02-6337921 02-6335732 Products & Services Air Conditioning Contractors, Air Conditioning Engineers Installation And Maintenance, Contractors Electromechanical, Electromechanical Contractors, MEP Contractors Map Send Enquiry",Abu Dhabi,02-6337921,https://www.uae-yellowpages.ae/listing-category/electromechanical-contractors/?page=3,
Abu Dhabi 71611,Abu Dhabi 71611,Abu Dhabi,,https://www.uae-yellowpages.ae/listing-category/electromechanical-contractors/?page=3,
02-6337921 02-6335732,"02-6337921 02-6335732 Products & Services Air Conditioning Contractors, Air Conditioning Engineers Installation And Maintenance, Contractors Electromechanical, Electromechanical Contractors, MEP Contractors",,02-6337921,https://www.uae-yellowpages.ae/listing-category/electromechanical-contractors/?page=3,
Products & Services,"02-6337921 02-6335732 Products & Services Air Conditioning Contractors, Air Conditioning Engineers Installation And Maintenance, Contractors Electromechanical, Electromechanical Contractors, MEP Contractors",,02-6337921,https://www.uae-yellowpages.ae/listing-category/electromechanical-contractors/?page=3,
Advertise With Us,Advertise With Us,,,https://www.uae-yellowpages.ae/listing-category/electromechanical-contractors/?page=3,
Zayed 1st Street (Electra Road),"Granite Construction Co W.L.L more info Zayed 1st Street (Electra Road) Abu Dhabi 842 02-6770080 02-6774729 Products & Services Electromechanical Contractors, General Contractors, Offshore Construction & Supplies, Offshore Construction Services, Oilfield Contractors Maps Images Website Send Enquiry",Abu Dhabi,02-6770080,https://www.uae-yellowpages.ae/listing-category/electromechanical-contractors/?page=4,
Abu Dhabi 842,Abu Dhabi 842,Abu Dhabi,,https://www.uae-yellowpages.ae/listing-category/electromechanical-contractors/?page=4,
02-6770080 02-6774729,"02-6770080 02-6774729 Products & Services Electromechanical Contractors, General Contractors, Offshore Construction & Supplies, Offshore Construction Services, Oilfield Contractors",,02-6770080,https://www.uae-yellowpages.ae/listing-category/electromechanical-contractors/?page=4,
Products & Services,"02-6770080 02-6774729 Products & Services Electromechanical Contractors, General Contractors, Offshore Construction & Supplies, Offshore Construction Services, Oilfield Contractors",,02-6770080,https://www.uae-yellowpages.ae/listing-category/electromechanical-contractors/?page=4,
"Block 1, D 153, M 33, Sanaya Road, Musaffah","Taurus Group more info Block 1, D 153, M 33, Sanaya Road, Musaffah Abu Dhabi 778380 02-5582800 054-5817080 02-5582770 Products & Services Ac Brackets & Slotted Channels, Ac Equipment & Systems, AC Installation, AC Maintenance, Ac Manufacturers AC Parts, Ac Parts & Tools, AC Spare Parts, AHA Training, Air Compressor, Air Conditioning, Air Conditioning Engineers Installation And Maintenance, Air Conditioning Equipment Suppliers, Air Curtains, BLS Training, Building Management Systems, Building Management Systems-BMS, Civil Defense Approved Contractors, Electrical Labour Supply, Electromechanical Contractors, Emergency Exit Light System, Emergency Lighting, Facilities Management, Fire Alarm Systems, Fire Damper, Fire Extinguishers, Fire Fighting Contractors, Fire Fighting Equipment, Fire Fighting Equipment Manufacturers, Fire Fighting Maintenance, Fire Hose, Fire Protection, Fire Protection and Fire Fighting Equipment and Service, Fire Suppression System, First Aid AED, First Aid AHA, First Aid CRP, First Aid Training, FM 200 Fire Suppression, FM 200 System, General Contractors, HassanTuk Fire Alarm Monitor, HVAC Controls, Hvac Controls Thermostats And Transformers, HVAC Labour Supply, Hvac Products & Accessories, Labour Supply, Labour Supply Services, Manpower Suppliers, Manpower Supply, Midea Air Conditioners, Mitsubishi Air Conditioners, Offshore Construction & Supplies, Offshore Construction Services, Oilfield Contractors, Oilfield Contractors & Services, Safety Equipment, Sprinkler System, Transport Companies Read More Brand(s) ALDES Fans | ALDES Fire Damper | ALDES Pressure Fans | ALDES Smoke Control System | ALDES Ventilation Control System HASSANTUK Fire Alarm Monitor | MINIMAX Fire Alarm | MINIMAX Fire Fighting Equipment | MINIMAX Fire Hose | MINIMAX Fire Solutions | MINIMAX FM 200 Fire Suppression | MINIMAX Sprinkler System | SVT Fire Sealant | SVT Fire Stop | VESDA Aspirating Smoke Detector Read More Features Maps Images Website Send Enquiry",Abu Dhabi,02-5582800,https://www.uae-yellowpages.ae/listing-category/electromechanical-contractors/?page=4,
Abu Dhabi 778380,Abu Dhabi 778380,Abu Dhabi,,https://www.uae-yellowpages.ae/listing-category/electromechanical-contractors/?page=4,
02-5582800 054-5817080 02-5582770,"02-5582800 054-5817080 02-5582770 Products & Services Ac Brackets & Slotted Channels, Ac Equipment & Systems, AC Installation, AC Maintenance, Ac Manufacturers AC Parts, Ac Parts & Tools, AC Spare Parts, AHA Training, Air Compressor, Air Conditioning, Air Conditioning Engineers Installation And Maintenance, Air Conditioning Equipment Suppliers, Air Curtains, BLS Training, Building Management Systems, Building Management Systems-BMS, Civil Defense Approved Contractors, Electrical Labour Supply, Electromechanical Contractors, Emergency Exit Light System, Emergency Lighting, Facilities Management, Fire Alarm Systems, Fire Damper, Fire Extinguishers, Fire Fighting Contractors, Fire Fighting Equipment, Fire Fighting Equipment Manufacturers, Fire Fighting Maintenance, Fire Hose, Fire Protection, Fire Protection and Fire Fighting Equipment and Service, Fire Suppression System, First Aid AED, First Aid AHA, First Aid CRP, First Aid Training, FM 200 Fire Suppression, FM 200 System, General Contractors, HassanTuk Fire Alarm Monitor, HVAC Controls, Hvac Controls Thermostats And Transformers, HVAC Labour Supply, Hvac Products & Accessories, Labour Supply, Labour Supply Services, Manpower Suppliers, Manpower Supply, Midea Air Conditioners, Mitsubishi Air Conditioners, Offshore Construction & Supplies, Offshore Construction Services, Oilfield Contractors, Oilfield Contractors & Services, Safety Equipment, Sprinkler System, Transport Companies Read More Brand(s) ALDES Fans | ALDES Fire Damper | ALDES Pressure Fans | ALDES Smoke Control System | ALDES Ventilation Control System HASSANTUK Fire Alarm Monitor | MINIMAX Fire Alarm | MINIMAX Fire Fighting Equipment | MINIMAX Fire Hose | MINIMAX Fire Solutions | MINIMAX FM 200 Fire Suppression | MINIMAX Sprinkler System | SVT Fire Sealant | SVT Fire Stop | VESDA Aspirating Smoke Detector Read More Features",,02-5582800,https://www.uae-yellowpages.ae/listing-category/electromechanical-contractors/?page=4,
Products & Services,"02-5582800 054-5817080 02-5582770 Products & Services Ac Brackets & Slotted Channels, Ac Equipment & Systems, AC Installation, AC Maintenance, Ac Manufacturers AC Parts, Ac Parts & Tools, AC Spare Parts, AHA Training, Air Compressor, Air Conditioning, Air Conditioning Engineers Installation And Maintenance, Air Conditioning Equipment Suppliers, Air Curtains, BLS Training, Building Management Systems, Building Management Systems-BMS, Civil Defense Approved Contractors, Electrical Labour Supply, Electromechanical Contractors, Emergency Exit Light System, Emergency Lighting, Facilities Management, Fire Alarm Systems, Fire Damper, Fire Extinguishers, Fire Fighting Contractors, Fire Fighting Equipment, Fire Fighting Equipment Manufacturers, Fire Fighting Maintenance, Fire Hose, Fire Protection, Fire Protection and Fire Fighting Equipment and Service, Fire Suppression System, First Aid AED, First Aid AHA, First Aid CRP, First Aid Training, FM 200 Fire Suppression, FM 200 System, General Contractors, HassanTuk Fire Alarm Monitor, HVAC Controls, Hvac Controls Thermostats And Transformers, HVAC Labour Supply, Hvac Products & Accessories, Labour Supply, Labour Supply Services, Manpower Suppliers, Manpower Supply, Midea Air Conditioners, Mitsubishi Air Conditioners, Offshore Construction & Supplies, Offshore Construction Services, Oilfield Contractors, Oilfield Contractors & Services, Safety Equipment, Sprinkler System, Transport Companies Read More Brand(s) ALDES Fans | ALDES Fire Damper | ALDES Pressure Fans | ALDES Smoke Control System | ALDES Ventilation Control System HASSANTUK Fire Alarm Monitor | MINIMAX Fire Alarm | MINIMAX Fire Fighting Equipment | MINIMAX Fire Hose | MINIMAX Fire Solutions | MINIMAX FM 200 Fire Suppression | MINIMAX Sprinkler System | SVT Fire Sealant | SVT Fire Stop | VESDA Aspirating Smoke Detector Read More Features",,02-5582800,https://www.uae-yellowpages.ae/listing-category/electromechanical-contractors/?page=4,
Brand(s),"02-5582800 054-5817080 02-5582770 Products & Services Ac Brackets & Slotted Channels, Ac Equipment & Systems, AC Installation, AC Maintenance, Ac Manufacturers AC Parts, Ac Parts & Tools, AC Spare Parts, AHA Training, Air Compressor, Air Conditioning, Air Conditioning Engineers Installation And Maintenance, Air Conditioning Equipment Suppliers, Air Curtains, BLS Training, Building Management Systems, Building Management Systems-BMS, Civil Defense Approved Contractors, Electrical Labour Supply, Electromechanical Contractors, Emergency Exit Light System, Emergency Lighting, Facilities Management, Fire Alarm Systems, Fire Damper, Fire Extinguishers, Fire Fighting Contractors, Fire Fighting Equipment, Fire Fighting Equipment Manufacturers, Fire Fighting Maintenance, Fire Hose, Fire Protection, Fire Protection and Fire Fighting Equipment and Service, Fire Suppression System, First Aid AED, First Aid AHA, First Aid CRP, First Aid Training, FM 200 Fire Suppression, FM 200 System, General Contractors, HassanTuk Fire Alarm Monitor, HVAC Controls, Hvac Controls Thermostats And Transformers, HVAC Labour Supply, Hvac Products & Accessories, Labour Supply, Labour Supply Services, Manpower Suppliers, Manpower Supply, Midea Air Conditioners, Mitsubishi Air Conditioners, Offshore Construction & Supplies, Offshore Construction Services, Oilfield Contractors, Oilfield Contractors & Services, Safety Equipment, Sprinkler System, Transport Companies Read More Brand(s) ALDES Fans | ALDES Fire Damper | ALDES Pressure Fans | ALDES Smoke Control System | ALDES Ventilation Control System HASSANTUK Fire Alarm Monitor | MINIMAX Fire Alarm | MINIMAX Fire Fighting Equipment | MINIMAX Fire Hose | MINIMAX Fire Solutions | MINIMAX FM 200 Fire Suppression | MINIMAX Sprinkler System | SVT Fire Sealant | SVT Fire Stop | VESDA Aspirating Smoke Detector Read More Features",,02-5582800,https://www.uae-yellowpages.ae/listing-category/electromechanical-contractors/?page=4,
Al Qusais Industrial Area 1,"A C M E Electromechanical Works LLC more info Al Qusais Industrial Area 1 Dubai 120656 04-2583122 Products & Services Cable Laying Contractors, Calibration Services, Contractor General, Contractors Electromechanical, Contractors General Control Systems Industrial and Residential, Earthing And Lightning Protection Equipment, Electrical Contractors, Electrical Contractors and Electricians, Electrical Engineers, Electrical-Plumbing and Sanitary Ware Repairs and Services, Electromechanical Contractors, Electromechanical Equipment, Explosion Control Equipment and Systems, Flow Meters, Fuel Handling Equipment, Instrumentation, Marine and Offshore Electrical and Electronic Eqpt and Services, MEP Contractors, Process Automation Solutions Read More Maps Images Website Send Enquiry",Dubai,04-2583122,https://www.uae-yellowpages.ae/listing-category/electromechanical-contractors/?page=4,
Dubai 120656,Dubai 120656,Dubai,,https://www.uae-yellowpages.ae/listing-category/electromechanical-contractors/?page=4,
04-2583122,"04-2583122 Products & Services Cable Laying Contractors, Calibration Services, Contractor General, Contractors Electromechanical, Contractors General Control Systems Industrial and Residential, Earthing And Lightning Protection Equipment, Electrical Contractors, Electrical Contractors and Electricians, Electrical Engineers, Electrical-Plumbing and Sanitary Ware Repairs and Services, Electromechanical Contractors, Electromechanical Equipment, Explosion Control Equipment and Systems, Flow Meters, Fuel Handling Equipment, Instrumentation, Marine and Offshore Electrical and Electronic Eqpt and Services, MEP Contractors, Process Automation Solutions Read More",,04-2583122,https://www.uae-yellowpages.ae/listing-category/electromechanical-contractors/?page=4,
Products & Services,"04-2583122 Products & Services Cable Laying Contractors, Calibration Services, Contractor General, Contractors Electromechanical, Contractors General Control Systems Industrial and Residential, Earthing And Lightning Protection Equipment, Electrical Contractors, Electrical Contractors and Electricians, Electrical Engineers, Electrical-Plumbing and Sanitary Ware Repairs and Services, Electromechanical Contractors, Electromechanical Equipment, Explosion Control Equipment and Systems, Flow Meters, Fuel Handling Equipment, Instrumentation, Marine and Offshore Electrical and Electronic Eqpt and Services, MEP Contractors, Process Automation Solutions Read More",,04-2583122,https://www.uae-yellowpages.ae/listing-category/electromechanical-contractors/?page=4,
"Office 204, Happy Textile Building, Al Dhafra Dental Clinic, Hamdan Street","Uptown Technical Services LLC more info Office 204, Happy Textile Building, Al Dhafra Dental Clinic, Hamdan Street Abu Dhabi 112808 02-6394336 056-6777552 02-6394339 Products & Services Aluminum and Glass, Carpenters and Joiners, Carpentry, Civil Engineering Contractors, Commercial Interior Designers Construction Companies, Contractor General, Contractors Turnkey Projects, Electromechanical, Electromechanical Contractors, Fitout Contractors, Fitouts, General Contractors, Glass Partitions, Indoor & Outdoor Sign Manufacturer, Interior Decoration, Interior Decorators, Interior Decorators And Designers, Interior Design, Interior Design and Execution, Interior Design Company, Interior Design Services, Interior Designer, Interior Designers, Interior Designers and Consultants, Interior Designers and Contracting, Interior Designers and Decorators, Interior Designers and Fitouts, Interior Designers Contractors, Interior Designing, Interior Designing Services, Interiors, MEP Contracting, MEP Contractors, Office Fitout, Office Furniture, Oilfield Contractors, Oilfield Contractors & Services, Painting, Partitions, Renovation Companies, Renovation Contractors, Retail Contractor, Retail Renovation, Road Contractors, Turnkey Projects Read More Maps Images Send Enquiry",Abu Dhabi,02-6394336,https://www.uae-yellowpages.ae/listing-category/electromechanical-contractors/?page=4,
Abu Dhabi 112808,Abu Dhabi 112808,Abu Dhabi,,https://www.uae-yellowpages.ae/listing-category/electromechanical-contractors/?page=4,
02-6394336 056-6777552 02-6394339,"02-6394336 056-6777552 02-6394339 Products & Services Aluminum and Glass, Carpenters and Joiners, Carpentry, Civil Engineering Contractors, Commercial Interior Designers Construction Companies, Contractor General, Contractors Turnkey Projects, Electromechanical, Electromechanical Contractors, Fitout Contractors, Fitouts, General Contractors, Glass Partitions, Indoor & Outdoor Sign Manufacturer, Interior Decoration, Interior Decorators, Interior Decorators And Designers, Interior Design, Interior Design and Execution, Interior Design Company, Interior Design Services, Interior Designer, Interior Designers, Interior Designers and Consultants, Interior Designers and Contracting, Interior Designers and Decorators, Interior Designers and Fitouts, Interior Designers Contractors, Interior Designing, Interior Designing Services, Interiors, MEP Contracting, MEP Contractors, Office Fitout, Office Furniture, Oilfield Contractors, Oilfield Contractors & Services, Painting, Partitions, Renovation Companies, Renovation Contractors, Retail Contractor, Retail Renovation, Road Contractors, Turnkey Projects Read More",,02-6394336,https://www.uae-yellowpages.ae/listing-category/electromechanical-contractors/?page=4,
Products & Services,"02-6394336 056-6777552 02-6394339 Products & Services Aluminum and Glass, Carpenters and Joiners, Carpentry, Civil Engineering Contractors, Commercial Interior Designers Construction Companies, Contractor General, Contractors Turnkey Projects, Electromechanical, Electromechanical Contractors, Fitout Contractors, Fitouts, General Contractors, Glass Partitions, Indoor & Outdoor Sign Manufacturer, Interior Decoration, Interior Decorators, Interior Decorators And Designers, Interior Design, Interior Design and Execution, Interior Design Company, Interior Design Services, Interior Designer, Interior Designers, Interior Designers and Consultants, Interior Designers and Contracting, Interior Designers and Decorators, Interior Designers and Fitouts, Interior Designers Contractors, Interior Designing, Interior Designing Services, Interiors, MEP Contracting, MEP Contractors, Office Fitout, Office Furniture, Oilfield Contractors, Oilfield Contractors & Services, Painting, Partitions, Renovation Companies, Renovation Contractors, Retail Contractor, Retail Renovation, Road Contractors, Turnkey Projects Read More",,02-6394336,https://www.uae-yellowpages.ae/listing-category/electromechanical-contractors/?page=4,
02 5465600 054 4417007,"02 5465600 054 4417007 Products & Services Electromechanical Contractors, General Contractors",,02 5465600,https://www.uae-yellowpages.ae/listing-category/electromechanical-contractors/?page=4,
Products & Services,"02 5465600 054 4417007 Products & Services Electromechanical Contractors, General Contractors",,02 5465600,https://www.uae-yellowpages.ae/listing-category/electromechanical-contractors/?page=4,
"Office 384, Mussafah, M- 43","Trenton General Contracting more info Office 384, Mussafah, M- 43 Abu Dhabi 02 8776643 055 4869988 Products & Services Electromechanical Contractors, General Contractors, Offshore Construction & Supplies, Offshore Construction Services, Oilfield Contractors Images Send Enquiry",Abu Dhabi,02 8776643,https://www.uae-yellowpages.ae/listing-category/electromechanical-contractors/?page=4,
Abu Dhabi,Abu Dhabi,Abu Dhabi,,https://www.uae-yellowpages.ae/listing-category/electromechanical-contractors/?page=4,
02 8776643 055 4869988,"02 8776643 055 4869988 Products & Services Electromechanical Contractors, General Contractors, Offshore Construction & Supplies, Offshore Construction Services, Oilfield Contractors",,02 8776643,https://www.uae-yellowpages.ae/listing-category/electromechanical-contractors/?page=4,
Products & Services,"02 8776643 055 4869988 Products & Services Electromechanical Contractors, General Contractors, Offshore Construction & Supplies, Offshore Construction Services, Oilfield Contractors",,02 8776643,https://www.uae-yellowpages.ae/listing-category/electromechanical-contractors/?page=4,
"1503, Lulu Centre, Salam Street","Insulation Dynamics more info 1503, Lulu Centre, Salam Street Abu Dhabi 94378 02-6773543 Products & Services Adhesives, Civil Engineering Contractors, Contractor General, Contractors Electromechanical, Contractors General Contractors Turnkey Projects, Electromechanical Contractors, External Insulation-EIFS, Fire Rated Sealants, Fire Stop Material Supplies, Fireproofing Contractors, Fireproofing Contractors And Materials, General Contractors, Insulation and Cladding Contractors, Insulation Contractors, Insulation Contractors and Material Suppliers, Insulation Materials Acoustics, Offshore Construction, Offshore Construction & Supplies, Offshore Construction Services, Oilfield Contractors, Passive Fire Protection, Sealants, Thermal Insulation Read More Brands BOSTIK Adhesives | BOSTIK Sealants | DEN BRAVEN Adhesives | DEN BRAVEN Sealants | Read More Features Maps Images Send Enquiry Website",Abu Dhabi,02-6773543,https://www.uae-yellowpages.ae/listing-category/electromechanical-contractors/?page=4,
Abu Dhabi 94378,Abu Dhabi 94378,Abu Dhabi,,https://www.uae-yellowpages.ae/listing-category/electromechanical-contractors/?page=4,
02-6773543,"02-6773543 Products & Services Adhesives, Civil Engineering Contractors, Contractor General, Contractors Electromechanical, Contractors General Contractors Turnkey Projects, Electromechanical Contractors, External Insulation-EIFS, Fire Rated Sealants, Fire Stop Material Supplies, Fireproofing Contractors, Fireproofing Contractors And Materials, General Contractors, Insulation and Cladding Contractors, Insulation Contractors, Insulation Contractors and Material Suppliers, Insulation Materials Acoustics, Offshore Construction, Offshore Construction & Supplies, Offshore Construction Services, Oilfield Contractors, Passive Fire Protection, Sealants, Thermal Insulation Read More Brands BOSTIK Adhesives | BOSTIK Sealants | DEN BRAVEN Adhesives | DEN BRAVEN Sealants | Read More Features",,02-6773543,https://www.uae-yellowpages.ae/listing-category/electromechanical-contractors/?page=4,
Products & Services,"02-6773543 Products & Services Adhesives, Civil Engineering Contractors, Contractor General, Contractors Electromechanical, Contractors General Contractors Turnkey Projects, Electromechanical Contractors, External Insulation-EIFS, Fire Rated Sealants, Fire Stop Material Supplies, Fireproofing Contractors, Fireproofing Contractors And Materials, General Contractors, Insulation and Cladding Contractors, Insulation Contractors, Insulation Contractors and Material Suppliers, Insulation Materials Acoustics, Offshore Construction, Offshore Construction & Supplies, Offshore Construction Services, Oilfield Contractors, Passive Fire Protection, Sealants, Thermal Insulation Read More Brands BOSTIK Adhesives | BOSTIK Sealants | DEN BRAVEN Adhesives | DEN BRAVEN Sealants | Read More Features",,02-6773543,https://www.uae-yellowpages.ae/listing-category/electromechanical-contractors/?page=4,
Brands,"02-6773543 Products & Services Adhesives, Civil Engineering Contractors, Contractor General, Contractors Electromechanical, Contractors General Contractors Turnkey Projects, Electromechanical Contractors, External Insulation-EIFS, Fire Rated Sealants, Fire Stop Material Supplies, Fireproofing Contractors, Fireproofing Contractors And Materials, General Contractors, Insulation and Cladding Contractors, Insulation Contractors, Insulation Contractors and Material Suppliers, Insulation Materials Acoustics, Offshore Construction, Offshore Construction & Supplies, Offshore Construction Services, Oilfield Contractors, Passive Fire Protection, Sealants, Thermal Insulation Read More Brands BOSTIK Adhesives | BOSTIK Sealants | DEN BRAVEN Adhesives | DEN BRAVEN Sealants | Read More Features",,02-6773543,https://www.uae-yellowpages.ae/listing-category/electromechanical-contractors/?page=4,
"112, Granada Building 7, Al Hudaiba St, Near Indian Public School, Al Nakheel","Top Line Electromechanical Engineering LLC more info 112, Granada Building 7, Al Hudaiba St, Near Indian Public School, Al Nakheel Ras Al Khaimah 13230 07-2363871 050-5391038 052-6739840 Products & Services AC Maintenance Contract, Air Conditioning Duct Accessories Manufacturers and Supplier, Chilled Water Systems, Chillers, Contractors Electromechanical Contractors General, Electromechanical Contractors, HVAC Grillers and Diffusers, HVAC Maintenance Contract, HVAC Products, Offshore Construction, Oilfield Contractors Read More Map Images Send Enquiry",Ras Al Khaimah,07-2363871,https://www.uae-yellowpages.ae/listing-category/electromechanical-contractors/?page=4,
Ras Al Khaimah 13230,Ras Al Khaimah 13230,Ras Al Khaimah,,https://www.uae-yellowpages.ae/listing-category/electromechanical-contractors/?page=4,
07-2363871 050-5391038 052-6739840,"07-2363871 050-5391038 052-6739840 Products & Services AC Maintenance Contract, Air Conditioning Duct Accessories Manufacturers and Supplier, Chilled Water Systems, Chillers, Contractors Electromechanical Contractors General, Electromechanical Contractors, HVAC Grillers and Diffusers, HVAC Maintenance Contract, HVAC Products, Offshore Construction, Oilfield Contractors Read More",,07-2363871,https://www.uae-yellowpages.ae/listing-category/electromechanical-contractors/?page=4,
Products & Services,"07-2363871 050-5391038 052-6739840 Products & Services AC Maintenance Contract, Air Conditioning Duct Accessories Manufacturers and Supplier, Chilled Water Systems, Chillers, Contractors Electromechanical Contractors General, Electromechanical Contractors, HVAC Grillers and Diffusers, HVAC Maintenance Contract, HVAC Products, Offshore Construction, Oilfield Contractors Read More",,07-2363871,https://www.uae-yellowpages.ae/listing-category/electromechanical-contractors/?page=4,
"Emirates Islamic Bank Building, Hamdan Bin Abdullah Street","Leopard Contracting And Steel Construction LLC more info Emirates Islamic Bank Building, Hamdan Bin Abdullah Street Fujairah 8698 09-2229896 050-3661147 Products & Services Anchor Bolts, Car Park Shades, Chain link Fencing PVC Coated, Civil Industrial Works, Cladding Sheets Conveyor Belts, Design And Build Contracting, Electromechanical Contractors, Fencing Contractors, Fencing Work, General Contractors, Hot Rolled Steel, Industrial Construction, Industrial Contractors, Land Development, Metal Works, Offshore Construction & Supplies, Offshore Construction Services, Oilfield Contractors, PEB, Pipe Supports, Sandwich Panels, Silos, Staircases, Steel Fabricators, Steel Fabricators and Engineers, Steel Structures, Steel Warehouses, Storage Sheds, Storage Tanks, Warehouses, Warehousing And Storage Read More Map Images Send Enquiry",Fujairah,09-2229896,https://www.uae-yellowpages.ae/listing-category/electromechanical-contractors/?page=4,
Fujairah 8698,Fujairah 8698,Fujairah,,https://www.uae-yellowpages.ae/listing-category/electromechanical-contractors/?page=4,
09-2229896 050-3661147,"09-2229896 050-3661147 Products & Services Anchor Bolts, Car Park Shades, Chain link Fencing PVC Coated, Civil Industrial Works, Cladding Sheets Conveyor Belts, Design And Build Contracting, Electromechanical Contractors, Fencing Contractors, Fencing Work, General Contractors, Hot Rolled Steel, Industrial Construction, Industrial Contractors, Land Development, Metal Works, Offshore Construction & Supplies, Offshore Construction Services, Oilfield Contractors, PEB, Pipe Supports, Sandwich Panels, Silos, Staircases, Steel Fabricators, Steel Fabricators and Engineers, Steel Structures, Steel Warehouses, Storage Sheds, Storage Tanks, Warehouses, Warehousing And Storage Read More",,09-2229896,https://www.uae-yellowpages.ae/listing-category/electromechanical-contractors/?page=4,
Products & Services,"09-2229896 050-3661147 Products & Services Anchor Bolts, Car Park Shades, Chain link Fencing PVC Coated, Civil Industrial Works, Cladding Sheets Conveyor Belts, Design And Build Contracting, Electromechanical Contractors, Fencing Contractors, Fencing Work, General Contractors, Hot Rolled Steel, Industrial Construction, Industrial Contractors, Land Development, Metal Works, Offshore Construction & Supplies, Offshore Construction Services, Oilfield Contractors, PEB, Pipe Supports, Sandwich Panels, Silos, Staircases, Steel Fabricators, Steel Fabricators and Engineers, Steel Structures, Steel Warehouses, Storage Sheds, Storage Tanks, Warehouses, Warehousing And Storage Read More",,09-2229896,https://www.uae-yellowpages.ae/listing-category/electromechanical-contractors/?page=4,
"Warehouse 4, 26th Street, Al Quoz Industrial Area 4","Keletron Electromechanical Works LLC more info Warehouse 4, 26th Street, Al Quoz Industrial Area 4 Dubai 63245 04-3332185 052-2473124 050-6404610 Products & Services AC Installation, Air Conditioning Contractors, DEWA Additional Load Approval, DEWA Approval, Dewa Approved Contractors DEWA Approved Electrical Contractor, DEWA Fitout Approval, Electrical Contractors, Electrical Maintenance, Electrical Works, Electrical-Plumbing and Sanitary Ware Repairs and Services, Electromechanical Contractors, HVAC Contractors, MEP Contractors, Plumbing Contractors, Plumbing Works Read More Map Send Enquiry",Dubai,04-3332185,https://www.uae-yellowpages.ae/listing-category/electromechanical-contractors/?page=4,
Dubai 63245,Dubai 63245,Dubai,,https://www.uae-yellowpages.ae/listing-category/electromechanical-contractors/?page=4,
04-3332185 052-2473124 050-6404610,"04-3332185 052-2473124 050-6404610 Products & Services AC Installation, Air Conditioning Contractors, DEWA Additional Load Approval, DEWA Approval, Dewa Approved Contractors DEWA Approved Electrical Contractor, DEWA Fitout Approval, Electrical Contractors, Electrical Maintenance, Electrical Works, Electrical-Plumbing and Sanitary Ware Repairs and Services, Electromechanical Contractors, HVAC Contractors, MEP Contractors, Plumbing Contractors, Plumbing Works Read More",,04-3332185,https://www.uae-yellowpages.ae/listing-category/electromechanical-contractors/?page=4,
Products & Services,"04-3332185 052-2473124 050-6404610 Products & Services AC Installation, Air Conditioning Contractors, DEWA Additional Load Approval, DEWA Approval, Dewa Approved Contractors DEWA Approved Electrical Contractor, DEWA Fitout Approval, Electrical Contractors, Electrical Maintenance, Electrical Works, Electrical-Plumbing and Sanitary Ware Repairs and Services, Electromechanical Contractors, HVAC Contractors, MEP Contractors, Plumbing Contractors, Plumbing Works Read More",,04-3332185,https://www.uae-yellowpages.ae/listing-category/electromechanical-contractors/?page=4,
"Shk Ahmed Bldg, 2nd Dec Rd, Satwa","Al Thamer Electromechanical Works LLC more info Shk Ahmed Bldg, 2nd Dec Rd, Satwa Dubai 44913 04-3987840 04-3987850 Products & Services Contractors Electromechanical, Electrical Contractors and Electricians, Electromechanical Contractors Send Enquiry",Dubai,04-3987840,https://www.uae-yellowpages.ae/listing-category/electromechanical-contractors/?page=4,
Dubai 44913,Dubai 44913,Dubai,,https://www.uae-yellowpages.ae/listing-category/electromechanical-contractors/?page=4,
04-3987840 04-3987850,"04-3987840 04-3987850 Products & Services Contractors Electromechanical, Electrical Contractors and Electricians, Electromechanical Contractors",,04-3987840,https://www.uae-yellowpages.ae/listing-category/electromechanical-contractors/?page=4,
Products & Services,"04-3987840 04-3987850 Products & Services Contractors Electromechanical, Electrical Contractors and Electricians, Electromechanical Contractors",,04-3987840,https://www.uae-yellowpages.ae/listing-category/electromechanical-contractors/?page=4,
Al Qusais Indl Area 3,"Chugtai Technical Services Company more info Al Qusais Indl Area 3 Dubai 7102 04-2671412 04-2671409 Products & Services Contractors Electromechanical, Electromechanical Contractors Map Send Enquiry",Dubai,04-2671412,https://www.uae-yellowpages.ae/listing-category/electromechanical-contractors/?page=4,
Dubai 7102,Dubai 7102,Dubai,,https://www.uae-yellowpages.ae/listing-category/electromechanical-contractors/?page=4,
04-2671412 04-2671409,"04-2671412 04-2671409 Products & Services Contractors Electromechanical, Electromechanical Contractors",,04-2671412,https://www.uae-yellowpages.ae/listing-category/electromechanical-contractors/?page=4,
Products & Services,"04-2671412 04-2671409 Products & Services Contractors Electromechanical, Electromechanical Contractors",,04-2671412,https://www.uae-yellowpages.ae/listing-category/electromechanical-contractors/?page=4,
"11th Floor, Galleries 4, Jebel Ali Down Town","Daikin Middle East and Africa FZE more info 11th Floor, Galleries 4, Jebel Ali Down Town Dubai 18674 04-8159300 056-7367536 Products & Services AHU, Air Condition Equipment, Air Conditioning and Refrigeration Compressors Repairs, Air Conditioning Consultants, Air Conditioning Contractors Air Conditioning Duct Accessories Manufacturers, Air Conditioning Engineers Installation And Maintenance, Air Conditioning Equipment and Systems, Air Conditioning Equipment And Systems Parts And Supplies, Air Conditioning Equipment And Systems Repairs And Maintenance, Air Conditioning Equipment Suppliers, Air Conditioning Installation, Air Conditioning Installation And Maintenance, Air Conditioning Services, Air Handling Unit, Central Air Conditioners, Chillers, Control Systems, Control Systems Industrial and Residential, Cooling Equipment, Domestic and Commercial Chillers, Electromechanical Contractors, Fan Coil Unit, HVAC Control, HVAC Control Suppliers, Hvac Grilles And Diffusers, HVAC Products, Hvac Testing And Commissioning, Inverter, Variable Refrigerant Flow Read More Map Send Enquiry",Dubai,04-8159300,https://www.uae-yellowpages.ae/listing-category/electromechanical-contractors/?page=4,
Dubai 18674,Dubai 18674,Dubai,,https://www.uae-yellowpages.ae/listing-category/electromechanical-contractors/?page=4,
04-8159300 056-7367536,"04-8159300 056-7367536 Products & Services AHU, Air Condition Equipment, Air Conditioning and Refrigeration Compressors Repairs, Air Conditioning Consultants, Air Conditioning Contractors Air Conditioning Duct Accessories Manufacturers, Air Conditioning Engineers Installation And Maintenance, Air Conditioning Equipment and Systems, Air Conditioning Equipment And Systems Parts And Supplies, Air Conditioning Equipment And Systems Repairs And Maintenance, Air Conditioning Equipment Suppliers, Air Conditioning Installation, Air Conditioning Installation And Maintenance, Air Conditioning Services, Air Handling Unit, Central Air Conditioners, Chillers, Control Systems, Control Systems Industrial and Residential, Cooling Equipment, Domestic and Commercial Chillers, Electromechanical Contractors, Fan Coil Unit, HVAC Control, HVAC Control Suppliers, Hvac Grilles And Diffusers, HVAC Products, Hvac Testing And Commissioning, Inverter, Variable Refrigerant Flow Read More",,04-8159300,https://www.uae-yellowpages.ae/listing-category/electromechanical-contractors/?page=4,
Products & Services,"04-8159300 056-7367536 Products & Services AHU, Air Condition Equipment, Air Conditioning and Refrigeration Compressors Repairs, Air Conditioning Consultants, Air Conditioning Contractors Air Conditioning Duct Accessories Manufacturers, Air Conditioning Engineers Installation And Maintenance, Air Conditioning Equipment and Systems, Air Conditioning Equipment And Systems Parts And Supplies, Air Conditioning Equipment And Systems Repairs And Maintenance, Air Conditioning Equipment Suppliers, Air Conditioning Installation, Air Conditioning Installation And Maintenance, Air Conditioning Services, Air Handling Unit, Central Air Conditioners, Chillers, Control Systems, Control Systems Industrial and Residential, Cooling Equipment, Domestic and Commercial Chillers, Electromechanical Contractors, Fan Coil Unit, HVAC Control, HVAC Control Suppliers, Hvac Grilles And Diffusers, HVAC Products, Hvac Testing And Commissioning, Inverter, Variable Refrigerant Flow Read More",,04-8159300,https://www.uae-yellowpages.ae/listing-category/electromechanical-contractors/?page=4,
"Office #210, 2nd Floor, Bayan Business Center, Dubai Investment Park 1","Centaur Electro Mechanical Contracting Company LLC more info Office #210, 2nd Floor, Bayan Business Center, Dubai Investment Park 1 Dubai 25024 04-3541955 04-3541956 Products & Services Contractors Electromechanical, Electromechanical Contractors, Electromechanical Equipment, High Voltage Cabling And Substations, Overhead Transmission Lines Transformers Manufacturers and Suppliers Read More Send Enquiry",Dubai,04-3541955,https://www.uae-yellowpages.ae/listing-category/electromechanical-contractors/?page=4,
Dubai 25024,Dubai 25024,Dubai,,https://www.uae-yellowpages.ae/listing-category/electromechanical-contractors/?page=4,
04-3541955 04-3541956,"04-3541955 04-3541956 Products & Services Contractors Electromechanical, Electromechanical Contractors, Electromechanical Equipment, High Voltage Cabling And Substations, Overhead Transmission Lines Transformers Manufacturers and Suppliers Read More",,04-3541955,https://www.uae-yellowpages.ae/listing-category/electromechanical-contractors/?page=4,
Products & Services,"04-3541955 04-3541956 Products & Services Contractors Electromechanical, Electromechanical Contractors, Electromechanical Equipment, High Voltage Cabling And Substations, Overhead Transmission Lines Transformers Manufacturers and Suppliers Read More",,04-3541955,https://www.uae-yellowpages.ae/listing-category/electromechanical-contractors/?page=4,
"Shop #5, Block R6, Sheikh Hamdan Colony, Karama","Aldebaran Technical Services LLC more info Shop #5, Block R6, Sheikh Hamdan Colony, Karama Dubai 122820 055-3494942 056-1885529 Products & Services Air Conditioning Contractors, Air Conditioning Engineers Installation And Maintenance, Air Conditioning Installation And Maintenance, Anti Slip Floor Coatings, Building Cleaning Ceiling And Partitions, Ceilings, Cementitious Self Leveling, Cleaning and Janitorial Services, Cold Room Flooring, Contractors Electromechanical, Electrical Installation, Electromechanical Contractors, Epoxy, Epoxy Floor Coating, Epoxy Flooring, Epoxy Resin Floor Screeds, Epoxy Screed Work, Epoxy Self Leveling, Flooring, Floors Wooden, Line Marking Paints and Coatings, Painting Contractors, Polyurethane Resin Floor Screed, PVC Flooring, Technical Services, Tiles Fixing, Variable Refrigerant Flow, Vinyl Flooring, Wooden floors Read More Map Images Send Enquiry",Dubai,055-3494942,https://www.uae-yellowpages.ae/listing-category/electromechanical-contractors/?page=4,
Dubai 122820,Dubai 122820,Dubai,,https://www.uae-yellowpages.ae/listing-category/electromechanical-contractors/?page=4,
055-3494942 056-1885529,"055-3494942 056-1885529 Products & Services Air Conditioning Contractors, Air Conditioning Engineers Installation And Maintenance, Air Conditioning Installation And Maintenance, Anti Slip Floor Coatings, Building Cleaning Ceiling And Partitions, Ceilings, Cementitious Self Leveling, Cleaning and Janitorial Services, Cold Room Flooring, Contractors Electromechanical, Electrical Installation, Electromechanical Contractors, Epoxy, Epoxy Floor Coating, Epoxy Flooring, Epoxy Resin Floor Screeds, Epoxy Screed Work, Epoxy Self Leveling, Flooring, Floors Wooden, Line Marking Paints and Coatings, Painting Contractors, Polyurethane Resin Floor Screed, PVC Flooring, Technical Services, Tiles Fixing, Variable Refrigerant Flow, Vinyl Flooring, Wooden floors Read More",,055-3494942,https://www.uae-yellowpages.ae/listing-category/electromechanical-contractors/?page=4,
Products & Services,"055-3494942 056-1885529 Products & Services Air Conditioning Contractors, Air Conditioning Engineers Installation And Maintenance, Air Conditioning Installation And Maintenance, Anti Slip Floor Coatings, Building Cleaning Ceiling And Partitions, Ceilings, Cementitious Self Leveling, Cleaning and Janitorial Services, Cold Room Flooring, Contractors Electromechanical, Electrical Installation, Electromechanical Contractors, Epoxy, Epoxy Floor Coating, Epoxy Flooring, Epoxy Resin Floor Screeds, Epoxy Screed Work, Epoxy Self Leveling, Flooring, Floors Wooden, Line Marking Paints and Coatings, Painting Contractors, Polyurethane Resin Floor Screed, PVC Flooring, Technical Services, Tiles Fixing, Variable Refrigerant Flow, Vinyl Flooring, Wooden floors Read More",,055-3494942,https://www.uae-yellowpages.ae/listing-category/electromechanical-contractors/?page=4,
"Near To Golden Square Hotel, Al-Nakheel Road, Deira","Sayed Fayyaz Hussain Technical Services LLC more info Near To Golden Square Hotel, Al-Nakheel Road, Deira Dubai 381049 055-5667214 04-2223516 Products & Services Air Conditioning, Air Conditioning Engineers Installation And Maintenance, Electromechanical Contractors, Painters and Painting Contractors, Plumbing and Sanitary Contractors Tiles Fixing Read More Map Send Enquiry",Dubai,04-2223516,https://www.uae-yellowpages.ae/listing-category/electromechanical-contractors/?page=4,
Dubai 381049,Dubai 381049,Dubai,,https://www.uae-yellowpages.ae/listing-category/electromechanical-contractors/?page=4,
055-5667214 04-2223516,"055-5667214 04-2223516 Products & Services Air Conditioning, Air Conditioning Engineers Installation And Maintenance, Electromechanical Contractors, Painters and Painting Contractors, Plumbing and Sanitary Contractors Tiles Fixing Read More",,04-2223516,https://www.uae-yellowpages.ae/listing-category/electromechanical-contractors/?page=4,
Products & Services,"055-5667214 04-2223516 Products & Services Air Conditioning, Air Conditioning Engineers Installation And Maintenance, Electromechanical Contractors, Painters and Painting Contractors, Plumbing and Sanitary Contractors Tiles Fixing Read More",,04-2223516,https://www.uae-yellowpages.ae/listing-category/electromechanical-contractors/?page=4,
"Galadari Bldg, Opp Mazda Showroom, Deira","Najmat Group Of Companies more info Galadari Bldg, Opp Mazda Showroom, Deira Dubai 112155 04-2666389 04-2667389 Products & Services Contractors Electromechanical, Electromechanical Contractors Send Enquiry",Dubai,04-2666389,https://www.uae-yellowpages.ae/listing-category/electromechanical-contractors/?page=4,
Dubai 112155,Dubai 112155,Dubai,,https://www.uae-yellowpages.ae/listing-category/electromechanical-contractors/?page=4,
04-2666389 04-2667389,"04-2666389 04-2667389 Products & Services Contractors Electromechanical, Electromechanical Contractors",,04-2666389,https://www.uae-yellowpages.ae/listing-category/electromechanical-contractors/?page=4,
Products & Services,"04-2666389 04-2667389 Products & Services Contractors Electromechanical, Electromechanical Contractors",,04-2666389,https://www.uae-yellowpages.ae/listing-category/electromechanical-contractors/?page=4,
"205, PTC Bldg, Damascus St, Al Qusais","Najmat Al Ras Electro Mechanical Works LLC more info 205, PTC Bldg, Damascus St, Al Qusais Dubai 113650 04-2511708 055-5564892 04-2511709 Products & Services Contractors Electromechanical, Electrical Contractors and Electricians, Electromechanical Contractors, Plumbing and Electrical Contractors Map Send Enquiry",Dubai,04-2511708,https://www.uae-yellowpages.ae/listing-category/electromechanical-contractors/?page=4,
Dubai 113650,Dubai 113650,Dubai,,https://www.uae-yellowpages.ae/listing-category/electromechanical-contractors/?page=4,
04-2511708 055-5564892 04-2511709,"04-2511708 055-5564892 04-2511709 Products & Services Contractors Electromechanical, Electrical Contractors and Electricians, Electromechanical Contractors, Plumbing and Electrical Contractors",,04-2511708,https://www.uae-yellowpages.ae/listing-category/electromechanical-contractors/?page=4,
Products & Services,"04-2511708 055-5564892 04-2511709 Products & Services Contractors Electromechanical, Electrical Contractors and Electricians, Electromechanical Contractors, Plumbing and Electrical Contractors",,04-2511708,https://www.uae-yellowpages.ae/listing-category/electromechanical-contractors/?page=4,
"705, Damac Business Tower, Business Bay","Pathak Middle East Electromechanical LLC more info 705, Damac Business Tower, Business Bay Dubai 89350 04-3586520 04-3586530 Products & Services Air Conditioning Contractors, Cladding Lift and Escalator, Contractors Electromechanical, Electrical Contractors and Electricians, Electromechanical Contractors Electromechanical Engineers and Consultants, Fire Alarm Systems, Fire Protection and Fire Fighting Equipment and Service, Fitout Contractors, Insulation Contractors and Material Suppliers Read More Map Send Enquiry",Dubai,04-3586520,https://www.uae-yellowpages.ae/listing-category/electromechanical-contractors/?page=4,
Dubai 89350,Dubai 89350,Dubai,,https://www.uae-yellowpages.ae/listing-category/electromechanical-contractors/?page=4,
04-3586520 04-3586530,"04-3586520 04-3586530 Products & Services Air Conditioning Contractors, Cladding Lift and Escalator, Contractors Electromechanical, Electrical Contractors and Electricians, Electromechanical Contractors Electromechanical Engineers and Consultants, Fire Alarm Systems, Fire Protection and Fire Fighting Equipment and Service, Fitout Contractors, Insulation Contractors and Material Suppliers Read More",,04-3586520,https://www.uae-yellowpages.ae/listing-category/electromechanical-contractors/?page=4,
Products & Services,"04-3586520 04-3586530 Products & Services Air Conditioning Contractors, Cladding Lift and Escalator, Contractors Electromechanical, Electrical Contractors and Electricians, Electromechanical Contractors Electromechanical Engineers and Consultants, Fire Alarm Systems, Fire Protection and Fire Fighting Equipment and Service, Fitout Contractors, Insulation Contractors and Material Suppliers Read More",,04-3586520,https://www.uae-yellowpages.ae/listing-category/electromechanical-contractors/?page=4,
"Office 857, 8th Floor, Al Gaith Tower, Near Lulu Express, Hamdan Street","Stylish Advanced Decor more info Office 857, 8th Floor, Al Gaith Tower, Near Lulu Express, Hamdan Street Abu Dhabi 108744 02-5089124 050-5121868 Products & Services 3D Visualization, AC Contractors, AC Maintenance, Aluminium and Glass Works, Architectural Design Authority Approvals, Bathroom Renovation, Carpentry, Carpet Flooring, Commercial Kitchen, Commercial Space Design and Fitouts, Decoration Works, Electromechanical Contractors, Exhibition Stands, False Ceiling, Fire Rated Doors, Fitout Contractors, Flooring, Glass Doors, Glass Partition Works, Glass Partitions, Glass Works, Gypsum Decoration, Gypsum Decoration Works, Gypsum Interior Decorators, Gypsum Partition, HVAC Contractors, Interior Decorators, Interior Decorators And Designers, Interior Fitouts, Joinery, Kiosks, Kitchen Cabinets, Mashrabiya Pattern, MEP Contractors, Office Fitout, Office Modification, Office Renovation, Parquet Flooring, Partitions, Renovation Companies, Restaurant Decoration, Restaurant Fitouts, Restaurant Interiors, Tiles Fixing, Turnkey Projects, Villa Renovation, Wooden Cladding, Wooden Doors Read More Map Images Send Enquiry",Abu Dhabi,02-5089124,https://www.uae-yellowpages.ae/listing-category/electromechanical-contractors/?page=4,
Abu Dhabi 108744,Abu Dhabi 108744,Abu Dhabi,,https://www.uae-yellowpages.ae/listing-category/electromechanical-contractors/?page=4,
02-5089124 050-5121868,"02-5089124 050-5121868 Products & Services 3D Visualization, AC Contractors, AC Maintenance, Aluminium and Glass Works, Architectural Design Authority Approvals, Bathroom Renovation, Carpentry, Carpet Flooring, Commercial Kitchen, Commercial Space Design and Fitouts, Decoration Works, Electromechanical Contractors, Exhibition Stands, False Ceiling, Fire Rated Doors, Fitout Contractors, Flooring, Glass Doors, Glass Partition Works, Glass Partitions, Glass Works, Gypsum Decoration, Gypsum Decoration Works, Gypsum Interior Decorators, Gypsum Partition, HVAC Contractors, Interior Decorators, Interior Decorators And Designers, Interior Fitouts, Joinery, Kiosks, Kitchen Cabinets, Mashrabiya Pattern, MEP Contractors, Office Fitout, Office Modification, Office Renovation, Parquet Flooring, Partitions, Renovation Companies, Restaurant Decoration, Restaurant Fitouts, Restaurant Interiors, Tiles Fixing, Turnkey Projects, Villa Renovation, Wooden Cladding, Wooden Doors Read More",,02-5089124,https://www.uae-yellowpages.ae/listing-category/electromechanical-contractors/?page=4,
Products & Services,"02-5089124 050-5121868 Products & Services 3D Visualization, AC Contractors, AC Maintenance, Aluminium and Glass Works, Architectural Design Authority Approvals, Bathroom Renovation, Carpentry, Carpet Flooring, Commercial Kitchen, Commercial Space Design and Fitouts, Decoration Works, Electromechanical Contractors, Exhibition Stands, False Ceiling, Fire Rated Doors, Fitout Contractors, Flooring, Glass Doors, Glass Partition Works, Glass Partitions, Glass Works, Gypsum Decoration, Gypsum Decoration Works, Gypsum Interior Decorators, Gypsum Partition, HVAC Contractors, Interior Decorators, Interior Decorators And Designers, Interior Fitouts, Joinery, Kiosks, Kitchen Cabinets, Mashrabiya Pattern, MEP Contractors, Office Fitout, Office Modification, Office Renovation, Parquet Flooring, Partitions, Renovation Companies, Restaurant Decoration, Restaurant Fitouts, Restaurant Interiors, Tiles Fixing, Turnkey Projects, Villa Renovation, Wooden Cladding, Wooden Doors Read More",,02-5089124,https://www.uae-yellowpages.ae/listing-category/electromechanical-contractors/?page=4,
"M1, Concord Salon Bldg, Khalidiya","New Age Technology LLC more info M1, Concord Salon Bldg, Khalidiya Abu Dhabi 42355 02-6662004 050-7868158 02-6662360 Products & Services Air Conditioning Engineers Installation And Maintenance, Building Maintenance, CCTV, Contractors Electromechanical, Electromechanical Contractors Map Send Enquiry",Abu Dhabi,02-6662004,https://www.uae-yellowpages.ae/listing-category/electromechanical-contractors/?page=4,
Abu Dhabi 42355,Abu Dhabi 42355,Abu Dhabi,,https://www.uae-yellowpages.ae/listing-category/electromechanical-contractors/?page=4,
02-6662004 050-7868158 02-6662360,"02-6662004 050-7868158 02-6662360 Products & Services Air Conditioning Engineers Installation And Maintenance, Building Maintenance, CCTV, Contractors Electromechanical, Electromechanical Contractors",,02-6662004,https://www.uae-yellowpages.ae/listing-category/electromechanical-contractors/?page=4,
Products & Services,"02-6662004 050-7868158 02-6662360 Products & Services Air Conditioning Engineers Installation And Maintenance, Building Maintenance, CCTV, Contractors Electromechanical, Electromechanical Contractors",,02-6662004,https://www.uae-yellowpages.ae/listing-category/electromechanical-contractors/?page=4,
"Office 04, ME-10, Shabiya Near UAE Exchange","Power Logic Electro Mechanical LLC more info Office 04, ME-10, Shabiya Near UAE Exchange Abu Dhabi 110348 02-5519720 02-5519721 Products & Services Cable Laying Contractors, Contractors Electromechanical, Electromechanical Contractors, Electromechanical Engineers and Consultants Map Send Enquiry",Abu Dhabi,02-5519720,https://www.uae-yellowpages.ae/listing-category/electromechanical-contractors/?page=4,
Abu Dhabi 110348,Abu Dhabi 110348,Abu Dhabi,,https://www.uae-yellowpages.ae/listing-category/electromechanical-contractors/?page=4,
02-5519720 02-5519721,"02-5519720 02-5519721 Products & Services Cable Laying Contractors, Contractors Electromechanical, Electromechanical Contractors, Electromechanical Engineers and Consultants",,02-5519720,https://www.uae-yellowpages.ae/listing-category/electromechanical-contractors/?page=4,
Products & Services,"02-5519720 02-5519721 Products & Services Cable Laying Contractors, Contractors Electromechanical, Electromechanical Contractors, Electromechanical Engineers and Consultants",,02-5519720,https://www.uae-yellowpages.ae/listing-category/electromechanical-contractors/?page=4,
Mussafah 34,"Silver Lake Electromechanical Works LLC more info Mussafah 34 Abu Dhabi 89144 050-6723547 050-1119028 Products & Services AC, AC Annual Maintenance, AC Contractors, AC Installation, AC Installation and Maintenance AC Maintenance, AC Maintenance and Services, AC Repair, AC Services, AC Servicing, Air Conditioning Contractors, Air Conditioning Engineers Installation And Maintenance, Air Conditioning Equipment and Systems, Air Conditioning Equipment And Systems Repairs And Maintenance, Central AC Maintenance, Chiller Maintenance, Chiller Repairing, Electrical Contractors and Electricians, Electromechanical, Electromechanical Contractors, HVAC and AMC Contract, HVAC Contractors Read More Map Images Send Enquiry",Abu Dhabi,050-6723547,https://www.uae-yellowpages.ae/listing-category/electromechanical-contractors/?page=4,
Abu Dhabi 89144,Abu Dhabi 89144,Abu Dhabi,,https://www.uae-yellowpages.ae/listing-category/electromechanical-contractors/?page=4,
050-6723547 050-1119028,"050-6723547 050-1119028 Products & Services AC, AC Annual Maintenance, AC Contractors, AC Installation, AC Installation and Maintenance AC Maintenance, AC Maintenance and Services, AC Repair, AC Services, AC Servicing, Air Conditioning Contractors, Air Conditioning Engineers Installation And Maintenance, Air Conditioning Equipment and Systems, Air Conditioning Equipment And Systems Repairs And Maintenance, Central AC Maintenance, Chiller Maintenance, Chiller Repairing, Electrical Contractors and Electricians, Electromechanical, Electromechanical Contractors, HVAC and AMC Contract, HVAC Contractors Read More",,050-6723547,https://www.uae-yellowpages.ae/listing-category/electromechanical-contractors/?page=4,
Products & Services,"050-6723547 050-1119028 Products & Services AC, AC Annual Maintenance, AC Contractors, AC Installation, AC Installation and Maintenance AC Maintenance, AC Maintenance and Services, AC Repair, AC Services, AC Servicing, Air Conditioning Contractors, Air Conditioning Engineers Installation And Maintenance, Air Conditioning Equipment and Systems, Air Conditioning Equipment And Systems Repairs And Maintenance, Central AC Maintenance, Chiller Maintenance, Chiller Repairing, Electrical Contractors and Electricians, Electromechanical, Electromechanical Contractors, HVAC and AMC Contract, HVAC Contractors Read More",,050-6723547,https://www.uae-yellowpages.ae/listing-category/electromechanical-contractors/?page=4,
"Scan Electromechanical Building, Behind Tuba Intl, Indl Area No 5","Scan Electromechanical Contracting Company LLC more info Scan Electromechanical Building, Behind Tuba Intl, Indl Area No 5 Sharjah 31599 06-5422773 06-5422986 Products & Services Cable Laying Contractors, Contractors Electromechanical, Electromechanical Contractors, Overhead Transmission Lines, Power Transformer Transformers, Transformers Manufacturers and Suppliers Read More Brand(s) MCCLOSKEY HDD Machines Map Images Send Enquiry",Sharjah,06-5422773,https://www.uae-yellowpages.ae/listing-category/electromechanical-contractors/?page=4,
Sharjah 31599,Sharjah 31599,Sharjah,,https://www.uae-yellowpages.ae/listing-category/electromechanical-contractors/?page=4,
06-5422773 06-5422986,"06-5422773 06-5422986 Products & Services Cable Laying Contractors, Contractors Electromechanical, Electromechanical Contractors, Overhead Transmission Lines, Power Transformer Transformers, Transformers Manufacturers and Suppliers Read More Brand(s) MCCLOSKEY HDD Machines",,06-5422773,https://www.uae-yellowpages.ae/listing-category/electromechanical-contractors/?page=4,
Products & Services,"06-5422773 06-5422986 Products & Services Cable Laying Contractors, Contractors Electromechanical, Electromechanical Contractors, Overhead Transmission Lines, Power Transformer Transformers, Transformers Manufacturers and Suppliers Read More Brand(s) MCCLOSKEY HDD Machines",,06-5422773,https://www.uae-yellowpages.ae/listing-category/electromechanical-contractors/?page=4,
Brand(s),"06-5422773 06-5422986 Products & Services Cable Laying Contractors, Contractors Electromechanical, Electromechanical Contractors, Overhead Transmission Lines, Power Transformer Transformers, Transformers Manufacturers and Suppliers Read More Brand(s) MCCLOSKEY HDD Machines",,06-5422773,https://www.uae-yellowpages.ae/listing-category/electromechanical-contractors/?page=4,
"6, First Floor, Times Coffee Shop Bldg, Near Jumbo Plastic, Mussafah-43, Sanaya","Unique Style General Transport & Contracting more info 6, First Floor, Times Coffee Shop Bldg, Near Jumbo Plastic, Mussafah-43, Sanaya Abu Dhabi 30586 02-5593514 055-3882921 02-5531503 Products & Services Construction Equipment And Machinery Rental, Contractor General, Crane Hire, Electrical Contractors, Electromechanical Contractors Epoxy, Epoxy Coating and Protective Coating, Epoxy Painting, Forklift Suppliers, Forklifts Rental Parts And Service, Labour Supply, Manpower Suppliers, Off Shore, Oil And Gas Consultancy And Services, Oilfield Contractors and Services, Oilfield Equipment Rental, On Shore, Painters and Painting Contractors, Painting and Blasting, Steel Fabrication, Transport Companies, Transportation Consultants, Waterproofing Contractors Read More Map Send Enquiry",Abu Dhabi,02-5593514,https://www.uae-yellowpages.ae/listing-category/electromechanical-contractors/?page=4,
Abu Dhabi 30586,Abu Dhabi 30586,Abu Dhabi,,https://www.uae-yellowpages.ae/listing-category/electromechanical-contractors/?page=4,
02-5593514 055-3882921 02-5531503,"02-5593514 055-3882921 02-5531503 Products & Services Construction Equipment And Machinery Rental, Contractor General, Crane Hire, Electrical Contractors, Electromechanical Contractors Epoxy, Epoxy Coating and Protective Coating, Epoxy Painting, Forklift Suppliers, Forklifts Rental Parts And Service, Labour Supply, Manpower Suppliers, Off Shore, Oil And Gas Consultancy And Services, Oilfield Contractors and Services, Oilfield Equipment Rental, On Shore, Painters and Painting Contractors, Painting and Blasting, Steel Fabrication, Transport Companies, Transportation Consultants, Waterproofing Contractors Read More",,02-5593514,https://www.uae-yellowpages.ae/listing-category/electromechanical-contractors/?page=4,
Products & Services,"02-5593514 055-3882921 02-5531503 Products & Services Construction Equipment And Machinery Rental, Contractor General, Crane Hire, Electrical Contractors, Electromechanical Contractors Epoxy, Epoxy Coating and Protective Coating, Epoxy Painting, Forklift Suppliers, Forklifts Rental Parts And Service, Labour Supply, Manpower Suppliers, Off Shore, Oil And Gas Consultancy And Services, Oilfield Contractors and Services, Oilfield Equipment Rental, On Shore, Painters and Painting Contractors, Painting and Blasting, Steel Fabrication, Transport Companies, Transportation Consultants, Waterproofing Contractors Read More",,02-5593514,https://www.uae-yellowpages.ae/listing-category/electromechanical-contractors/?page=4,
"Plot 7, Street No 29, Mussafah, M-2","Genfocus Electro Mechanical Contracting Establishment more info Plot 7, Street No 29, Mussafah, M-2 Abu Dhabi 91696 02-5551453 02-5551451 Products & Services Cable Fault Finding, Contractor General, Contractors Electromechanical, Electrical Testing, Electromechanical Contractors Electromechanical Engineers and Consultants, Transformer Oil Filtration Read More Map Send Enquiry",Abu Dhabi,02-5551453,https://www.uae-yellowpages.ae/listing-category/electromechanical-contractors/?page=4,
Abu Dhabi 91696,Abu Dhabi 91696,Abu Dhabi,,https://www.uae-yellowpages.ae/listing-category/electromechanical-contractors/?page=4,
02-5551453 02-5551451,"02-5551453 02-5551451 Products & Services Cable Fault Finding, Contractor General, Contractors Electromechanical, Electrical Testing, Electromechanical Contractors Electromechanical Engineers and Consultants, Transformer Oil Filtration Read More",,02-5551453,https://www.uae-yellowpages.ae/listing-category/electromechanical-contractors/?page=4,
Products & Services,"02-5551453 02-5551451 Products & Services Cable Fault Finding, Contractor General, Contractors Electromechanical, Electrical Testing, Electromechanical Contractors Electromechanical Engineers and Consultants, Transformer Oil Filtration Read More",,02-5551453,https://www.uae-yellowpages.ae/listing-category/electromechanical-contractors/?page=4,
"12, M32/1, Near Malayalam Samaj, Musaffah","Daar Al Taaqa Technical Works more info 12, M32/1, Near Malayalam Samaj, Musaffah Abu Dhabi 050-2104144 Products & Services Ac Annual Maintenance Contractor, AC Installation, AC Maintenance, AC Repair, AC Supply and Installation Air Conditioning Contractors, Air Conditioning Engineers Installation And Maintenance, Chiller Maintenance, Chiller Repair, Electromechanical Contractors, Electromechanical Works, HVAC, HVAC and AMC Contract, HVAC Contractors, MEP Contractors, MEP Works Read More Map Images Send Enquiry",Abu Dhabi,050-2104144,https://www.uae-yellowpages.ae/listing-category/electromechanical-contractors/?page=4,
Abu Dhabi,Abu Dhabi,Abu Dhabi,,https://www.uae-yellowpages.ae/listing-category/electromechanical-contractors/?page=4,
050-2104144,"050-2104144 Products & Services Ac Annual Maintenance Contractor, AC Installation, AC Maintenance, AC Repair, AC Supply and Installation Air Conditioning Contractors, Air Conditioning Engineers Installation And Maintenance, Chiller Maintenance, Chiller Repair, Electromechanical Contractors, Electromechanical Works, HVAC, HVAC and AMC Contract, HVAC Contractors, MEP Contractors, MEP Works Read More",,050-2104144,https://www.uae-yellowpages.ae/listing-category/electromechanical-contractors/?page=4,
Products & Services,"050-2104144 Products & Services Ac Annual Maintenance Contractor, AC Installation, AC Maintenance, AC Repair, AC Supply and Installation Air Conditioning Contractors, Air Conditioning Engineers Installation And Maintenance, Chiller Maintenance, Chiller Repair, Electromechanical Contractors, Electromechanical Works, HVAC, HVAC and AMC Contract, HVAC Contractors, MEP Contractors, MEP Works Read More",,050-2104144,https://www.uae-yellowpages.ae/listing-category/electromechanical-contractors/?page=4,
"Office 1, City Tower, Abu Shagara","Al Zahriah Electro Mechanical Contracting more info Office 1, City Tower, Abu Shagara Sharjah 20394 06-5535811 06-5444613 Products & Services Concrete Cutting, Contractors Electromechanical, Electromechanical, Electromechanical Contractors, Electromechanical Engineers and Consultants MEP Contracting, Precise Cording, Telecom Tower Erection Read More Map Send Enquiry",Sharjah,06-5535811,https://www.uae-yellowpages.ae/listing-category/electromechanical-contractors/?page=4,
Sharjah 20394,Sharjah 20394,Sharjah,,https://www.uae-yellowpages.ae/listing-category/electromechanical-contractors/?page=4,
06-5535811 06-5444613,"06-5535811 06-5444613 Products & Services Concrete Cutting, Contractors Electromechanical, Electromechanical, Electromechanical Contractors, Electromechanical Engineers and Consultants MEP Contracting, Precise Cording, Telecom Tower Erection Read More",,06-5535811,https://www.uae-yellowpages.ae/listing-category/electromechanical-contractors/?page=4,
Products & Services,"06-5535811 06-5444613 Products & Services Concrete Cutting, Contractors Electromechanical, Electromechanical, Electromechanical Contractors, Electromechanical Engineers and Consultants MEP Contracting, Precise Cording, Telecom Tower Erection Read More",,06-5535811,https://www.uae-yellowpages.ae/listing-category/electromechanical-contractors/?page=4,
"Office 34, Mazyad Mall Business Center, Tower 1, Musaffah","Capricorn General Maintenance more info Office 34, Mazyad Mall Business Center, Tower 1, Musaffah Abu Dhabi 050-5071276 Products & Services AC Contractors, Air Conditioning Contractors, Air Conditioning Equipment And Systems Repairs And Maintenance, Chilled Water Pipes, Chiller Maintenance Electrical Contractors, Electrical Contractors and Electricians, Electrical Maintenance, Electromechanical, Electromechanical Contractors, HVAC and AMC Contract, HVAC Contractors, MEP Contractors, Plumbing And Electrical Works, Plumbing and Sanitary Contractors Read More Map Send Enquiry",Abu Dhabi,050-5071276,https://www.uae-yellowpages.ae/listing-category/electromechanical-contractors/?page=4,
Abu Dhabi,Abu Dhabi,Abu Dhabi,,https://www.uae-yellowpages.ae/listing-category/electromechanical-contractors/?page=4,
050-5071276,"050-5071276 Products & Services AC Contractors, Air Conditioning Contractors, Air Conditioning Equipment And Systems Repairs And Maintenance, Chilled Water Pipes, Chiller Maintenance Electrical Contractors, Electrical Contractors and Electricians, Electrical Maintenance, Electromechanical, Electromechanical Contractors, HVAC and AMC Contract, HVAC Contractors, MEP Contractors, Plumbing And Electrical Works, Plumbing and Sanitary Contractors Read More",,050-5071276,https://www.uae-yellowpages.ae/listing-category/electromechanical-contractors/?page=4,
Products & Services,"050-5071276 Products & Services AC Contractors, Air Conditioning Contractors, Air Conditioning Equipment And Systems Repairs And Maintenance, Chilled Water Pipes, Chiller Maintenance Electrical Contractors, Electrical Contractors and Electricians, Electrical Maintenance, Electromechanical, Electromechanical Contractors, HVAC and AMC Contract, HVAC Contractors, MEP Contractors, Plumbing And Electrical Works, Plumbing and Sanitary Contractors Read More",,050-5071276,https://www.uae-yellowpages.ae/listing-category/electromechanical-contractors/?page=4,
"105-106, 1st Flr, Old JVC Bldg, Opp Etisalat, Airport Rd","Al Inayah Electro-mechanical Works LLC more info 105-106, 1st Flr, Old JVC Bldg, Opp Etisalat, Airport Rd Abu Dhabi 71611 02-6337921 02-6335732 Products & Services Air Conditioning Contractors, Air Conditioning Engineers Installation And Maintenance, Contractors Electromechanical, Electromechanical Contractors, MEP Contractors Map Send Enquiry",Abu Dhabi,02-6337921,https://www.uae-yellowpages.ae/listing-category/electromechanical-contractors/?page=4,
Abu Dhabi 71611,Abu Dhabi 71611,Abu Dhabi,,https://www.uae-yellowpages.ae/listing-category/electromechanical-contractors/?page=4,
02-6337921 02-6335732,"02-6337921 02-6335732 Products & Services Air Conditioning Contractors, Air Conditioning Engineers Installation And Maintenance, Contractors Electromechanical, Electromechanical Contractors, MEP Contractors",,02-6337921,https://www.uae-yellowpages.ae/listing-category/electromechanical-contractors/?page=4,
Products & Services,"02-6337921 02-6335732 Products & Services Air Conditioning Contractors, Air Conditioning Engineers Installation And Maintenance, Contractors Electromechanical, Electromechanical Contractors, MEP Contractors",,02-6337921,https://www.uae-yellowpages.ae/listing-category/electromechanical-contractors/?page=4,
Advertise With Us,Advertise With Us,,,https://www.uae-yellowpages.ae/listing-category/electromechanical-contractors/?page=4,
Zayed 1st Street (Electra Road),"Granite Construction Co W.L.L more info Zayed 1st Street (Electra Road) Abu Dhabi 842 02-6770080 02-6774729 Products & Services Electromechanical Contractors, General Contractors, Offshore Construction & Supplies, Offshore Construction Services, Oilfield Contractors Maps Images Website Send Enquiry",Abu Dhabi,02-6770080,https://www.uae-yellowpages.ae/listing-category/electromechanical-contractors/?page=5,
Abu Dhabi 842,Abu Dhabi 842,Abu Dhabi,,https://www.uae-yellowpages.ae/listing-category/electromechanical-contractors/?page=5,
02-6770080 02-6774729,"02-6770080 02-6774729 Products & Services Electromechanical Contractors, General Contractors, Offshore Construction & Supplies, Offshore Construction Services, Oilfield Contractors",,02-6770080,https://www.uae-yellowpages.ae/listing-category/electromechanical-contractors/?page=5,
Products & Services,"02-6770080 02-6774729 Products & Services Electromechanical Contractors, General Contractors, Offshore Construction & Supplies, Offshore Construction Services, Oilfield Contractors",,02-6770080,https://www.uae-yellowpages.ae/listing-category/electromechanical-contractors/?page=5,
"Block 1, D 153, M 33, Sanaya Road, Musaffah","Taurus Group more info Block 1, D 153, M 33, Sanaya Road, Musaffah Abu Dhabi 778380 02-5582800 054-5817080 02-5582770 Products & Services Ac Brackets & Slotted Channels, Ac Equipment & Systems, AC Installation, AC Maintenance, Ac Manufacturers AC Parts, Ac Parts & Tools, AC Spare Parts, AHA Training, Air Compressor, Air Conditioning, Air Conditioning Engineers Installation And Maintenance, Air Conditioning Equipment Suppliers, Air Curtains, BLS Training, Building Management Systems, Building Management Systems-BMS, Civil Defense Approved Contractors, Electrical Labour Supply, Electromechanical Contractors, Emergency Exit Light System, Emergency Lighting, Facilities Management, Fire Alarm Systems, Fire Damper, Fire Extinguishers, Fire Fighting Contractors, Fire Fighting Equipment, Fire Fighting Equipment Manufacturers, Fire Fighting Maintenance, Fire Hose, Fire Protection, Fire Protection and Fire Fighting Equipment and Service, Fire Suppression System, First Aid AED, First Aid AHA, First Aid CRP, First Aid Training, FM 200 Fire Suppression, FM 200 System, General Contractors, HassanTuk Fire Alarm Monitor, HVAC Controls, Hvac Controls Thermostats And Transformers, HVAC Labour Supply, Hvac Products & Accessories, Labour Supply, Labour Supply Services, Manpower Suppliers, Manpower Supply, Midea Air Conditioners, Mitsubishi Air Conditioners, Offshore Construction & Supplies, Offshore Construction Services, Oilfield Contractors, Oilfield Contractors & Services, Safety Equipment, Sprinkler System, Transport Companies Read More Brand(s) ALDES Fans | ALDES Fire Damper | ALDES Pressure Fans | ALDES Smoke Control System | ALDES Ventilation Control System HASSANTUK Fire Alarm Monitor | MINIMAX Fire Alarm | MINIMAX Fire Fighting Equipment | MINIMAX Fire Hose | MINIMAX Fire Solutions | MINIMAX FM 200 Fire Suppression | MINIMAX Sprinkler System | SVT Fire Sealant | SVT Fire Stop | VESDA Aspirating Smoke Detector Read More Features Maps Images Website Send Enquiry",Abu Dhabi,02-5582800,https://www.uae-yellowpages.ae/listing-category/electromechanical-contractors/?page=5,
Abu Dhabi 778380,Abu Dhabi 778380,Abu Dhabi,,https://www.uae-yellowpages.ae/listing-category/electromechanical-contractors/?page=5,
02-5582800 054-5817080 02-5582770,"02-5582800 054-5817080 02-5582770 Products & Services Ac Brackets & Slotted Channels, Ac Equipment & Systems, AC Installation, AC Maintenance, Ac Manufacturers AC Parts, Ac Parts & Tools, AC Spare Parts, AHA Training, Air Compressor, Air Conditioning, Air Conditioning Engineers Installation And Maintenance, Air Conditioning Equipment Suppliers, Air Curtains, BLS Training, Building Management Systems, Building Management Systems-BMS, Civil Defense Approved Contractors, Electrical Labour Supply, Electromechanical Contractors, Emergency Exit Light System, Emergency Lighting, Facilities Management, Fire Alarm Systems, Fire Damper, Fire Extinguishers, Fire Fighting Contractors, Fire Fighting Equipment, Fire Fighting Equipment Manufacturers, Fire Fighting Maintenance, Fire Hose, Fire Protection, Fire Protection and Fire Fighting Equipment and Service, Fire Suppression System, First Aid AED, First Aid AHA, First Aid CRP, First Aid Training, FM 200 Fire Suppression, FM 200 System, General Contractors, HassanTuk Fire Alarm Monitor, HVAC Controls, Hvac Controls Thermostats And Transformers, HVAC Labour Supply, Hvac Products & Accessories, Labour Supply, Labour Supply Services, Manpower Suppliers, Manpower Supply, Midea Air Conditioners, Mitsubishi Air Conditioners, Offshore Construction & Supplies, Offshore Construction Services, Oilfield Contractors, Oilfield Contractors & Services, Safety Equipment, Sprinkler System, Transport Companies Read More Brand(s) ALDES Fans | ALDES Fire Damper | ALDES Pressure Fans | ALDES Smoke Control System | ALDES Ventilation Control System HASSANTUK Fire Alarm Monitor | MINIMAX Fire Alarm | MINIMAX Fire Fighting Equipment | MINIMAX Fire Hose | MINIMAX Fire Solutions | MINIMAX FM 200 Fire Suppression | MINIMAX Sprinkler System | SVT Fire Sealant | SVT Fire Stop | VESDA Aspirating Smoke Detector Read More Features",,02-5582800,https://www.uae-yellowpages.ae/listing-category/electromechanical-contractors/?page=5,
Products & Services,"02-5582800 054-5817080 02-5582770 Products & Services Ac Brackets & Slotted Channels, Ac Equipment & Systems, AC Installation, AC Maintenance, Ac Manufacturers AC Parts, Ac Parts & Tools, AC Spare Parts, AHA Training, Air Compressor, Air Conditioning, Air Conditioning Engineers Installation And Maintenance, Air Conditioning Equipment Suppliers, Air Curtains, BLS Training, Building Management Systems, Building Management Systems-BMS, Civil Defense Approved Contractors, Electrical Labour Supply, Electromechanical Contractors, Emergency Exit Light System, Emergency Lighting, Facilities Management, Fire Alarm Systems, Fire Damper, Fire Extinguishers, Fire Fighting Contractors, Fire Fighting Equipment, Fire Fighting Equipment Manufacturers, Fire Fighting Maintenance, Fire Hose, Fire Protection, Fire Protection and Fire Fighting Equipment and Service, Fire Suppression System, First Aid AED, First Aid AHA, First Aid CRP, First Aid Training, FM 200 Fire Suppression, FM 200 System, General Contractors, HassanTuk Fire Alarm Monitor, HVAC Controls, Hvac Controls Thermostats And Transformers, HVAC Labour Supply, Hvac Products & Accessories, Labour Supply, Labour Supply Services, Manpower Suppliers, Manpower Supply, Midea Air Conditioners, Mitsubishi Air Conditioners, Offshore Construction & Supplies, Offshore Construction Services, Oilfield Contractors, Oilfield Contractors & Services, Safety Equipment, Sprinkler System, Transport Companies Read More Brand(s) ALDES Fans | ALDES Fire Damper | ALDES Pressure Fans | ALDES Smoke Control System | ALDES Ventilation Control System HASSANTUK Fire Alarm Monitor | MINIMAX Fire Alarm | MINIMAX Fire Fighting Equipment | MINIMAX Fire Hose | MINIMAX Fire Solutions | MINIMAX FM 200 Fire Suppression | MINIMAX Sprinkler System | SVT Fire Sealant | SVT Fire Stop | VESDA Aspirating Smoke Detector Read More Features",,02-5582800,https://www.uae-yellowpages.ae/listing-category/electromechanical-contractors/?page=5,
Brand(s),"02-5582800 054-5817080 02-5582770 Products & Services Ac Brackets & Slotted Channels, Ac Equipment & Systems, AC Installation, AC Maintenance, Ac Manufacturers AC Parts, Ac Parts & Tools, AC Spare Parts, AHA Training, Air Compressor, Air Conditioning, Air Conditioning Engineers Installation And Maintenance, Air Conditioning Equipment Suppliers, Air Curtains, BLS Training, Building Management Systems, Building Management Systems-BMS, Civil Defense Approved Contractors, Electrical Labour Supply, Electromechanical Contractors, Emergency Exit Light System, Emergency Lighting, Facilities Management, Fire Alarm Systems, Fire Damper, Fire Extinguishers, Fire Fighting Contractors, Fire Fighting Equipment, Fire Fighting Equipment Manufacturers, Fire Fighting Maintenance, Fire Hose, Fire Protection, Fire Protection and Fire Fighting Equipment and Service, Fire Suppression System, First Aid AED, First Aid AHA, First Aid CRP, First Aid Training, FM 200 Fire Suppression, FM 200 System, General Contractors, HassanTuk Fire Alarm Monitor, HVAC Controls, Hvac Controls Thermostats And Transformers, HVAC Labour Supply, Hvac Products & Accessories, Labour Supply, Labour Supply Services, Manpower Suppliers, Manpower Supply, Midea Air Conditioners, Mitsubishi Air Conditioners, Offshore Construction & Supplies, Offshore Construction Services, Oilfield Contractors, Oilfield Contractors & Services, Safety Equipment, Sprinkler System, Transport Companies Read More Brand(s) ALDES Fans | ALDES Fire Damper | ALDES Pressure Fans | ALDES Smoke Control System | ALDES Ventilation Control System HASSANTUK Fire Alarm Monitor | MINIMAX Fire Alarm | MINIMAX Fire Fighting Equipment | MINIMAX Fire Hose | MINIMAX Fire Solutions | MINIMAX FM 200 Fire Suppression | MINIMAX Sprinkler System | SVT Fire Sealant | SVT Fire Stop | VESDA Aspirating Smoke Detector Read More Features",,02-5582800,https://www.uae-yellowpages.ae/listing-category/electromechanical-contractors/?page=5,
Al Qusais Industrial Area 1,"A C M E Electromechanical Works LLC more info Al Qusais Industrial Area 1 Dubai 120656 04-2583122 Products & Services Cable Laying Contractors, Calibration Services, Contractor General, Contractors Electromechanical, Contractors General Control Systems Industrial and Residential, Earthing And Lightning Protection Equipment, Electrical Contractors, Electrical Contractors and Electricians, Electrical Engineers, Electrical-Plumbing and Sanitary Ware Repairs and Services, Electromechanical Contractors, Electromechanical Equipment, Explosion Control Equipment and Systems, Flow Meters, Fuel Handling Equipment, Instrumentation, Marine and Offshore Electrical and Electronic Eqpt and Services, MEP Contractors, Process Automation Solutions Read More Maps Images Website Send Enquiry",Dubai,04-2583122,https://www.uae-yellowpages.ae/listing-category/electromechanical-contractors/?page=5,
Dubai 120656,Dubai 120656,Dubai,,https://www.uae-yellowpages.ae/listing-category/electromechanical-contractors/?page=5,
04-2583122,"04-2583122 Products & Services Cable Laying Contractors, Calibration Services, Contractor General, Contractors Electromechanical, Contractors General Control Systems Industrial and Residential, Earthing And Lightning Protection Equipment, Electrical Contractors, Electrical Contractors and Electricians, Electrical Engineers, Electrical-Plumbing and Sanitary Ware Repairs and Services, Electromechanical Contractors, Electromechanical Equipment, Explosion Control Equipment and Systems, Flow Meters, Fuel Handling Equipment, Instrumentation, Marine and Offshore Electrical and Electronic Eqpt and Services, MEP Contractors, Process Automation Solutions Read More",,04-2583122,https://www.uae-yellowpages.ae/listing-category/electromechanical-contractors/?page=5,
Products & Services,"04-2583122 Products & Services Cable Laying Contractors, Calibration Services, Contractor General, Contractors Electromechanical, Contractors General Control Systems Industrial and Residential, Earthing And Lightning Protection Equipment, Electrical Contractors, Electrical Contractors and Electricians, Electrical Engineers, Electrical-Plumbing and Sanitary Ware Repairs and Services, Electromechanical Contractors, Electromechanical Equipment, Explosion Control Equipment and Systems, Flow Meters, Fuel Handling Equipment, Instrumentation, Marine and Offshore Electrical and Electronic Eqpt and Services, MEP Contractors, Process Automation Solutions Read More",,04-2583122,https://www.uae-yellowpages.ae/listing-category/electromechanical-contractors/?page=5,
"Office 204, Happy Textile Building, Al Dhafra Dental Clinic, Hamdan Street","Uptown Technical Services LLC more info Office 204, Happy Textile Building, Al Dhafra Dental Clinic, Hamdan Street Abu Dhabi 112808 02-6394336 056-6777552 02-6394339 Products & Services Aluminum and Glass, Carpenters and Joiners, Carpentry, Civil Engineering Contractors, Commercial Interior Designers Construction Companies, Contractor General, Contractors Turnkey Projects, Electromechanical, Electromechanical Contractors, Fitout Contractors, Fitouts, General Contractors, Glass Partitions, Indoor & Outdoor Sign Manufacturer, Interior Decoration, Interior Decorators, Interior Decorators And Designers, Interior Design, Interior Design and Execution, Interior Design Company, Interior Design Services, Interior Designer, Interior Designers, Interior Designers and Consultants, Interior Designers and Contracting, Interior Designers and Decorators, Interior Designers and Fitouts, Interior Designers Contractors, Interior Designing, Interior Designing Services, Interiors, MEP Contracting, MEP Contractors, Office Fitout, Office Furniture, Oilfield Contractors, Oilfield Contractors & Services, Painting, Partitions, Renovation Companies, Renovation Contractors, Retail Contractor, Retail Renovation, Road Contractors, Turnkey Projects Read More Maps Images Send Enquiry",Abu Dhabi,02-6394336,https://www.uae-yellowpages.ae/listing-category/electromechanical-contractors/?page=5,
Abu Dhabi 112808,Abu Dhabi 112808,Abu Dhabi,,https://www.uae-yellowpages.ae/listing-category/electromechanical-contractors/?page=5,
02-6394336 056-6777552 02-6394339,"02-6394336 056-6777552 02-6394339 Products & Services Aluminum and Glass, Carpenters and Joiners, Carpentry, Civil Engineering Contractors, Commercial Interior Designers Construction Companies, Contractor General, Contractors Turnkey Projects, Electromechanical, Electromechanical Contractors, Fitout Contractors, Fitouts, General Contractors, Glass Partitions, Indoor & Outdoor Sign Manufacturer, Interior Decoration, Interior Decorators, Interior Decorators And Designers, Interior Design, Interior Design and Execution, Interior Design Company, Interior Design Services, Interior Designer, Interior Designers, Interior Designers and Consultants, Interior Designers and Contracting, Interior Designers and Decorators, Interior Designers and Fitouts, Interior Designers Contractors, Interior Designing, Interior Designing Services, Interiors, MEP Contracting, MEP Contractors, Office Fitout, Office Furniture, Oilfield Contractors, Oilfield Contractors & Services, Painting, Partitions, Renovation Companies, Renovation Contractors, Retail Contractor, Retail Renovation, Road Contractors, Turnkey Projects Read More",,02-6394336,https://www.uae-yellowpages.ae/listing-category/electromechanical-contractors/?page=5,
Products & Services,"02-6394336 056-6777552 02-6394339 Products & Services Aluminum and Glass, Carpenters and Joiners, Carpentry, Civil Engineering Contractors, Commercial Interior Designers Construction Companies, Contractor General, Contractors Turnkey Projects, Electromechanical, Electromechanical Contractors, Fitout Contractors, Fitouts, General Contractors, Glass Partitions, Indoor & Outdoor Sign Manufacturer, Interior Decoration, Interior Decorators, Interior Decorators And Designers, Interior Design, Interior Design and Execution, Interior Design Company, Interior Design Services, Interior Designer, Interior Designers, Interior Designers and Consultants, Interior Designers and Contracting, Interior Designers and Decorators, Interior Designers and Fitouts, Interior Designers Contractors, Interior Designing, Interior Designing Services, Interiors, MEP Contracting, MEP Contractors, Office Fitout, Office Furniture, Oilfield Contractors, Oilfield Contractors & Services, Painting, Partitions, Renovation Companies, Renovation Contractors, Retail Contractor, Retail Renovation, Road Contractors, Turnkey Projects Read More",,02-6394336,https://www.uae-yellowpages.ae/listing-category/electromechanical-contractors/?page=5,
02 5465600 054 4417007,"02 5465600 054 4417007 Products & Services Electromechanical Contractors, General Contractors",,02 5465600,https://www.uae-yellowpages.ae/listing-category/electromechanical-contractors/?page=5,
Products & Services,"02 5465600 054 4417007 Products & Services Electromechanical Contractors, General Contractors",,02 5465600,https://www.uae-yellowpages.ae/listing-category/electromechanical-contractors/?page=5,
"Office 384, Mussafah, M- 43","Trenton General Contracting more info Office 384, Mussafah, M- 43 Abu Dhabi 02 8776643 055 4869988 Products & Services Electromechanical Contractors, General Contractors, Offshore Construction & Supplies, Offshore Construction Services, Oilfield Contractors Images Send Enquiry",Abu Dhabi,02 8776643,https://www.uae-yellowpages.ae/listing-category/electromechanical-contractors/?page=5,
Abu Dhabi,Abu Dhabi,Abu Dhabi,,https://www.uae-yellowpages.ae/listing-category/electromechanical-contractors/?page=5,
02 8776643 055 4869988,"02 8776643 055 4869988 Products & Services Electromechanical Contractors, General Contractors, Offshore Construction & Supplies, Offshore Construction Services, Oilfield Contractors",,02 8776643,https://www.uae-yellowpages.ae/listing-category/electromechanical-contractors/?page=5,
Products & Services,"02 8776643 055 4869988 Products & Services Electromechanical Contractors, General Contractors, Offshore Construction & Supplies, Offshore Construction Services, Oilfield Contractors",,02 8776643,https://www.uae-yellowpages.ae/listing-category/electromechanical-contractors/?page=5,
"1503, Lulu Centre, Salam Street","Insulation Dynamics more info 1503, Lulu Centre, Salam Street Abu Dhabi 94378 02-6773543 Products & Services Adhesives, Civil Engineering Contractors, Contractor General, Contractors Electromechanical, Contractors General Contractors Turnkey Projects, Electromechanical Contractors, External Insulation-EIFS, Fire Rated Sealants, Fire Stop Material Supplies, Fireproofing Contractors, Fireproofing Contractors And Materials, General Contractors, Insulation and Cladding Contractors, Insulation Contractors, Insulation Contractors and Material Suppliers, Insulation Materials Acoustics, Offshore Construction, Offshore Construction & Supplies, Offshore Construction Services, Oilfield Contractors, Passive Fire Protection, Sealants, Thermal Insulation Read More Brands BOSTIK Adhesives | BOSTIK Sealants | DEN BRAVEN Adhesives | DEN BRAVEN Sealants | Read More Features Maps Images Send Enquiry Website",Abu Dhabi,02-6773543,https://www.uae-yellowpages.ae/listing-category/electromechanical-contractors/?page=5,
Abu Dhabi 94378,Abu Dhabi 94378,Abu Dhabi,,https://www.uae-yellowpages.ae/listing-category/electromechanical-contractors/?page=5,
02-6773543,"02-6773543 Products & Services Adhesives, Civil Engineering Contractors, Contractor General, Contractors Electromechanical, Contractors General Contractors Turnkey Projects, Electromechanical Contractors, External Insulation-EIFS, Fire Rated Sealants, Fire Stop Material Supplies, Fireproofing Contractors, Fireproofing Contractors And Materials, General Contractors, Insulation and Cladding Contractors, Insulation Contractors, Insulation Contractors and Material Suppliers, Insulation Materials Acoustics, Offshore Construction, Offshore Construction & Supplies, Offshore Construction Services, Oilfield Contractors, Passive Fire Protection, Sealants, Thermal Insulation Read More Brands BOSTIK Adhesives | BOSTIK Sealants | DEN BRAVEN Adhesives | DEN BRAVEN Sealants | Read More Features",,02-6773543,https://www.uae-yellowpages.ae/listing-category/electromechanical-contractors/?page=5,
Products & Services,"02-6773543 Products & Services Adhesives, Civil Engineering Contractors, Contractor General, Contractors Electromechanical, Contractors General Contractors Turnkey Projects, Electromechanical Contractors, External Insulation-EIFS, Fire Rated Sealants, Fire Stop Material Supplies, Fireproofing Contractors, Fireproofing Contractors And Materials, General Contractors, Insulation and Cladding Contractors, Insulation Contractors, Insulation Contractors and Material Suppliers, Insulation Materials Acoustics, Offshore Construction, Offshore Construction & Supplies, Offshore Construction Services, Oilfield Contractors, Passive Fire Protection, Sealants, Thermal Insulation Read More Brands BOSTIK Adhesives | BOSTIK Sealants | DEN BRAVEN Adhesives | DEN BRAVEN Sealants | Read More Features",,02-6773543,https://www.uae-yellowpages.ae/listing-category/electromechanical-contractors/?page=5,
Brands,"02-6773543 Products & Services Adhesives, Civil Engineering Contractors, Contractor General, Contractors Electromechanical, Contractors General Contractors Turnkey Projects, Electromechanical Contractors, External Insulation-EIFS, Fire Rated Sealants, Fire Stop Material Supplies, Fireproofing Contractors, Fireproofing Contractors And Materials, General Contractors, Insulation and Cladding Contractors, Insulation Contractors, Insulation Contractors and Material Suppliers, Insulation Materials Acoustics, Offshore Construction, Offshore Construction & Supplies, Offshore Construction Services, Oilfield Contractors, Passive Fire Protection, Sealants, Thermal Insulation Read More Brands BOSTIK Adhesives | BOSTIK Sealants | DEN BRAVEN Adhesives | DEN BRAVEN Sealants | Read More Features",,02-6773543,https://www.uae-yellowpages.ae/listing-category/electromechanical-contractors/?page=5,
"112, Granada Building 7, Al Hudaiba St, Near Indian Public School, Al Nakheel","Top Line Electromechanical Engineering LLC more info 112, Granada Building 7, Al Hudaiba St, Near Indian Public School, Al Nakheel Ras Al Khaimah 13230 07-2363871 050-5391038 052-6739840 Products & Services AC Maintenance Contract, Air Conditioning Duct Accessories Manufacturers and Supplier, Chilled Water Systems, Chillers, Contractors Electromechanical Contractors General, Electromechanical Contractors, HVAC Grillers and Diffusers, HVAC Maintenance Contract, HVAC Products, Offshore Construction, Oilfield Contractors Read More Map Images Send Enquiry",Ras Al Khaimah,07-2363871,https://www.uae-yellowpages.ae/listing-category/electromechanical-contractors/?page=5,
Ras Al Khaimah 13230,Ras Al Khaimah 13230,Ras Al Khaimah,,https://www.uae-yellowpages.ae/listing-category/electromechanical-contractors/?page=5,
07-2363871 050-5391038 052-6739840,"07-2363871 050-5391038 052-6739840 Products & Services AC Maintenance Contract, Air Conditioning Duct Accessories Manufacturers and Supplier, Chilled Water Systems, Chillers, Contractors Electromechanical Contractors General, Electromechanical Contractors, HVAC Grillers and Diffusers, HVAC Maintenance Contract, HVAC Products, Offshore Construction, Oilfield Contractors Read More",,07-2363871,https://www.uae-yellowpages.ae/listing-category/electromechanical-contractors/?page=5,
Products & Services,"07-2363871 050-5391038 052-6739840 Products & Services AC Maintenance Contract, Air Conditioning Duct Accessories Manufacturers and Supplier, Chilled Water Systems, Chillers, Contractors Electromechanical Contractors General, Electromechanical Contractors, HVAC Grillers and Diffusers, HVAC Maintenance Contract, HVAC Products, Offshore Construction, Oilfield Contractors Read More",,07-2363871,https://www.uae-yellowpages.ae/listing-category/electromechanical-contractors/?page=5,
"Emirates Islamic Bank Building, Hamdan Bin Abdullah Street","Leopard Contracting And Steel Construction LLC more info Emirates Islamic Bank Building, Hamdan Bin Abdullah Street Fujairah 8698 09-2229896 050-3661147 Products & Services Anchor Bolts, Car Park Shades, Chain link Fencing PVC Coated, Civil Industrial Works, Cladding Sheets Conveyor Belts, Design And Build Contracting, Electromechanical Contractors, Fencing Contractors, Fencing Work, General Contractors, Hot Rolled Steel, Industrial Construction, Industrial Contractors, Land Development, Metal Works, Offshore Construction & Supplies, Offshore Construction Services, Oilfield Contractors, PEB, Pipe Supports, Sandwich Panels, Silos, Staircases, Steel Fabricators, Steel Fabricators and Engineers, Steel Structures, Steel Warehouses, Storage Sheds, Storage Tanks, Warehouses, Warehousing And Storage Read More Map Images Send Enquiry",Fujairah,09-2229896,https://www.uae-yellowpages.ae/listing-category/electromechanical-contractors/?page=5,
Fujairah 8698,Fujairah 8698,Fujairah,,https://www.uae-yellowpages.ae/listing-category/electromechanical-contractors/?page=5,
09-2229896 050-3661147,"09-2229896 050-3661147 Products & Services Anchor Bolts, Car Park Shades, Chain link Fencing PVC Coated, Civil Industrial Works, Cladding Sheets Conveyor Belts, Design And Build Contracting, Electromechanical Contractors, Fencing Contractors, Fencing Work, General Contractors, Hot Rolled Steel, Industrial Construction, Industrial Contractors, Land Development, Metal Works, Offshore Construction & Supplies, Offshore Construction Services, Oilfield Contractors, PEB, Pipe Supports, Sandwich Panels, Silos, Staircases, Steel Fabricators, Steel Fabricators and Engineers, Steel Structures, Steel Warehouses, Storage Sheds, Storage Tanks, Warehouses, Warehousing And Storage Read More",,09-2229896,https://www.uae-yellowpages.ae/listing-category/electromechanical-contractors/?page=5,
Products & Services,"09-2229896 050-3661147 Products & Services Anchor Bolts, Car Park Shades, Chain link Fencing PVC Coated, Civil Industrial Works, Cladding Sheets Conveyor Belts, Design And Build Contracting, Electromechanical Contractors, Fencing Contractors, Fencing Work, General Contractors, Hot Rolled Steel, Industrial Construction, Industrial Contractors, Land Development, Metal Works, Offshore Construction & Supplies, Offshore Construction Services, Oilfield Contractors, PEB, Pipe Supports, Sandwich Panels, Silos, Staircases, Steel Fabricators, Steel Fabricators and Engineers, Steel Structures, Steel Warehouses, Storage Sheds, Storage Tanks, Warehouses, Warehousing And Storage Read More",,09-2229896,https://www.uae-yellowpages.ae/listing-category/electromechanical-contractors/?page=5,
"Warehouse 4, 26th Street, Al Quoz Industrial Area 4","Keletron Electromechanical Works LLC more info Warehouse 4, 26th Street, Al Quoz Industrial Area 4 Dubai 63245 04-3332185 052-2473124 050-6404610 Products & Services AC Installation, Air Conditioning Contractors, DEWA Additional Load Approval, DEWA Approval, Dewa Approved Contractors DEWA Approved Electrical Contractor, DEWA Fitout Approval, Electrical Contractors, Electrical Maintenance, Electrical Works, Electrical-Plumbing and Sanitary Ware Repairs and Services, Electromechanical Contractors, HVAC Contractors, MEP Contractors, Plumbing Contractors, Plumbing Works Read More Map Send Enquiry",Dubai,04-3332185,https://www.uae-yellowpages.ae/listing-category/electromechanical-contractors/?page=5,
Dubai 63245,Dubai 63245,Dubai,,https://www.uae-yellowpages.ae/listing-category/electromechanical-contractors/?page=5,
04-3332185 052-2473124 050-6404610,"04-3332185 052-2473124 050-6404610 Products & Services AC Installation, Air Conditioning Contractors, DEWA Additional Load Approval, DEWA Approval, Dewa Approved Contractors DEWA Approved Electrical Contractor, DEWA Fitout Approval, Electrical Contractors, Electrical Maintenance, Electrical Works, Electrical-Plumbing and Sanitary Ware Repairs and Services, Electromechanical Contractors, HVAC Contractors, MEP Contractors, Plumbing Contractors, Plumbing Works Read More",,04-3332185,https://www.uae-yellowpages.ae/listing-category/electromechanical-contractors/?page=5,
Products & Services,"04-3332185 052-2473124 050-6404610 Products & Services AC Installation, Air Conditioning Contractors, DEWA Additional Load Approval, DEWA Approval, Dewa Approved Contractors DEWA Approved Electrical Contractor, DEWA Fitout Approval, Electrical Contractors, Electrical Maintenance, Electrical Works, Electrical-Plumbing and Sanitary Ware Repairs and Services, Electromechanical Contractors, HVAC Contractors, MEP Contractors, Plumbing Contractors, Plumbing Works Read More",,04-3332185,https://www.uae-yellowpages.ae/listing-category/electromechanical-contractors/?page=5,
"Shk Ahmed Bldg, 2nd Dec Rd, Satwa","Al Thamer Electromechanical Works LLC more info Shk Ahmed Bldg, 2nd Dec Rd, Satwa Dubai 44913 04-3987840 04-3987850 Products & Services Contractors Electromechanical, Electrical Contractors and Electricians, Electromechanical Contractors Send Enquiry",Dubai,04-3987840,https://www.uae-yellowpages.ae/listing-category/electromechanical-contractors/?page=5,
Dubai 44913,Dubai 44913,Dubai,,https://www.uae-yellowpages.ae/listing-category/electromechanical-contractors/?page=5,
04-3987840 04-3987850,"04-3987840 04-3987850 Products & Services Contractors Electromechanical, Electrical Contractors and Electricians, Electromechanical Contractors",,04-3987840,https://www.uae-yellowpages.ae/listing-category/electromechanical-contractors/?page=5,
Products & Services,"04-3987840 04-3987850 Products & Services Contractors Electromechanical, Electrical Contractors and Electricians, Electromechanical Contractors",,04-3987840,https://www.uae-yellowpages.ae/listing-category/electromechanical-contractors/?page=5,
Al Qusais Indl Area 3,"Chugtai Technical Services Company more info Al Qusais Indl Area 3 Dubai 7102 04-2671412 04-2671409 Products & Services Contractors Electromechanical, Electromechanical Contractors Map Send Enquiry",Dubai,04-2671412,https://www.uae-yellowpages.ae/listing-category/electromechanical-contractors/?page=5,
Dubai 7102,Dubai 7102,Dubai,,https://www.uae-yellowpages.ae/listing-category/electromechanical-contractors/?page=5,
04-2671412 04-2671409,"04-2671412 04-2671409 Products & Services Contractors Electromechanical, Electromechanical Contractors",,04-2671412,https://www.uae-yellowpages.ae/listing-category/electromechanical-contractors/?page=5,
Products & Services,"04-2671412 04-2671409 Products & Services Contractors Electromechanical, Electromechanical Contractors",,04-2671412,https://www.uae-yellowpages.ae/listing-category/electromechanical-contractors/?page=5,
"11th Floor, Galleries 4, Jebel Ali Down Town","Daikin Middle East and Africa FZE more info 11th Floor, Galleries 4, Jebel Ali Down Town Dubai 18674 04-8159300 056-7367536 Products & Services AHU, Air Condition Equipment, Air Conditioning and Refrigeration Compressors Repairs, Air Conditioning Consultants, Air Conditioning Contractors Air Conditioning Duct Accessories Manufacturers, Air Conditioning Engineers Installation And Maintenance, Air Conditioning Equipment and Systems, Air Conditioning Equipment And Systems Parts And Supplies, Air Conditioning Equipment And Systems Repairs And Maintenance, Air Conditioning Equipment Suppliers, Air Conditioning Installation, Air Conditioning Installation And Maintenance, Air Conditioning Services, Air Handling Unit, Central Air Conditioners, Chillers, Control Systems, Control Systems Industrial and Residential, Cooling Equipment, Domestic and Commercial Chillers, Electromechanical Contractors, Fan Coil Unit, HVAC Control, HVAC Control Suppliers, Hvac Grilles And Diffusers, HVAC Products, Hvac Testing And Commissioning, Inverter, Variable Refrigerant Flow Read More Map Send Enquiry",Dubai,04-8159300,https://www.uae-yellowpages.ae/listing-category/electromechanical-contractors/?page=5,
Dubai 18674,Dubai 18674,Dubai,,https://www.uae-yellowpages.ae/listing-category/electromechanical-contractors/?page=5,
04-8159300 056-7367536,"04-8159300 056-7367536 Products & Services AHU, Air Condition Equipment, Air Conditioning and Refrigeration Compressors Repairs, Air Conditioning Consultants, Air Conditioning Contractors Air Conditioning Duct Accessories Manufacturers, Air Conditioning Engineers Installation And Maintenance, Air Conditioning Equipment and Systems, Air Conditioning Equipment And Systems Parts And Supplies, Air Conditioning Equipment And Systems Repairs And Maintenance, Air Conditioning Equipment Suppliers, Air Conditioning Installation, Air Conditioning Installation And Maintenance, Air Conditioning Services, Air Handling Unit, Central Air Conditioners, Chillers, Control Systems, Control Systems Industrial and Residential, Cooling Equipment, Domestic and Commercial Chillers, Electromechanical Contractors, Fan Coil Unit, HVAC Control, HVAC Control Suppliers, Hvac Grilles And Diffusers, HVAC Products, Hvac Testing And Commissioning, Inverter, Variable Refrigerant Flow Read More",,04-8159300,https://www.uae-yellowpages.ae/listing-category/electromechanical-contractors/?page=5,
Products & Services,"04-8159300 056-7367536 Products & Services AHU, Air Condition Equipment, Air Conditioning and Refrigeration Compressors Repairs, Air Conditioning Consultants, Air Conditioning Contractors Air Conditioning Duct Accessories Manufacturers, Air Conditioning Engineers Installation And Maintenance, Air Conditioning Equipment and Systems, Air Conditioning Equipment And Systems Parts And Supplies, Air Conditioning Equipment And Systems Repairs And Maintenance, Air Conditioning Equipment Suppliers, Air Conditioning Installation, Air Conditioning Installation And Maintenance, Air Conditioning Services, Air Handling Unit, Central Air Conditioners, Chillers, Control Systems, Control Systems Industrial and Residential, Cooling Equipment, Domestic and Commercial Chillers, Electromechanical Contractors, Fan Coil Unit, HVAC Control, HVAC Control Suppliers, Hvac Grilles And Diffusers, HVAC Products, Hvac Testing And Commissioning, Inverter, Variable Refrigerant Flow Read More",,04-8159300,https://www.uae-yellowpages.ae/listing-category/electromechanical-contractors/?page=5,
"Office #210, 2nd Floor, Bayan Business Center, Dubai Investment Park 1","Centaur Electro Mechanical Contracting Company LLC more info Office #210, 2nd Floor, Bayan Business Center, Dubai Investment Park 1 Dubai 25024 04-3541955 04-3541956 Products & Services Contractors Electromechanical, Electromechanical Contractors, Electromechanical Equipment, High Voltage Cabling And Substations, Overhead Transmission Lines Transformers Manufacturers and Suppliers Read More Send Enquiry",Dubai,04-3541955,https://www.uae-yellowpages.ae/listing-category/electromechanical-contractors/?page=5,
Dubai 25024,Dubai 25024,Dubai,,https://www.uae-yellowpages.ae/listing-category/electromechanical-contractors/?page=5,
04-3541955 04-3541956,"04-3541955 04-3541956 Products & Services Contractors Electromechanical, Electromechanical Contractors, Electromechanical Equipment, High Voltage Cabling And Substations, Overhead Transmission Lines Transformers Manufacturers and Suppliers Read More",,04-3541955,https://www.uae-yellowpages.ae/listing-category/electromechanical-contractors/?page=5,
Products & Services,"04-3541955 04-3541956 Products & Services Contractors Electromechanical, Electromechanical Contractors, Electromechanical Equipment, High Voltage Cabling And Substations, Overhead Transmission Lines Transformers Manufacturers and Suppliers Read More",,04-3541955,https://www.uae-yellowpages.ae/listing-category/electromechanical-contractors/?page=5,
"Shop #5, Block R6, Sheikh Hamdan Colony, Karama","Aldebaran Technical Services LLC more info Shop #5, Block R6, Sheikh Hamdan Colony, Karama Dubai 122820 055-3494942 056-1885529 Products & Services Air Conditioning Contractors, Air Conditioning Engineers Installation And Maintenance, Air Conditioning Installation And Maintenance, Anti Slip Floor Coatings, Building Cleaning Ceiling And Partitions, Ceilings, Cementitious Self Leveling, Cleaning and Janitorial Services, Cold Room Flooring, Contractors Electromechanical, Electrical Installation, Electromechanical Contractors, Epoxy, Epoxy Floor Coating, Epoxy Flooring, Epoxy Resin Floor Screeds, Epoxy Screed Work, Epoxy Self Leveling, Flooring, Floors Wooden, Line Marking Paints and Coatings, Painting Contractors, Polyurethane Resin Floor Screed, PVC Flooring, Technical Services, Tiles Fixing, Variable Refrigerant Flow, Vinyl Flooring, Wooden floors Read More Map Images Send Enquiry",Dubai,055-3494942,https://www.uae-yellowpages.ae/listing-category/electromechanical-contractors/?page=5,
Dubai 122820,Dubai 122820,Dubai,,https://www.uae-yellowpages.ae/listing-category/electromechanical-contractors/?page=5,
055-3494942 056-1885529,"055-3494942 056-1885529 Products & Services Air Conditioning Contractors, Air Conditioning Engineers Installation And Maintenance, Air Conditioning Installation And Maintenance, Anti Slip Floor Coatings, Building Cleaning Ceiling And Partitions, Ceilings, Cementitious Self Leveling, Cleaning and Janitorial Services, Cold Room Flooring, Contractors Electromechanical, Electrical Installation, Electromechanical Contractors, Epoxy, Epoxy Floor Coating, Epoxy Flooring, Epoxy Resin Floor Screeds, Epoxy Screed Work, Epoxy Self Leveling, Flooring, Floors Wooden, Line Marking Paints and Coatings, Painting Contractors, Polyurethane Resin Floor Screed, PVC Flooring, Technical Services, Tiles Fixing, Variable Refrigerant Flow, Vinyl Flooring, Wooden floors Read More",,055-3494942,https://www.uae-yellowpages.ae/listing-category/electromechanical-contractors/?page=5,
Products & Services,"055-3494942 056-1885529 Products & Services Air Conditioning Contractors, Air Conditioning Engineers Installation And Maintenance, Air Conditioning Installation And Maintenance, Anti Slip Floor Coatings, Building Cleaning Ceiling And Partitions, Ceilings, Cementitious Self Leveling, Cleaning and Janitorial Services, Cold Room Flooring, Contractors Electromechanical, Electrical Installation, Electromechanical Contractors, Epoxy, Epoxy Floor Coating, Epoxy Flooring, Epoxy Resin Floor Screeds, Epoxy Screed Work, Epoxy Self Leveling, Flooring, Floors Wooden, Line Marking Paints and Coatings, Painting Contractors, Polyurethane Resin Floor Screed, PVC Flooring, Technical Services, Tiles Fixing, Variable Refrigerant Flow, Vinyl Flooring, Wooden floors Read More",,055-3494942,https://www.uae-yellowpages.ae/listing-category/electromechanical-contractors/?page=5,
"Near To Golden Square Hotel, Al-Nakheel Road, Deira","Sayed Fayyaz Hussain Technical Services LLC more info Near To Golden Square Hotel, Al-Nakheel Road, Deira Dubai 381049 055-5667214 04-2223516 Products & Services Air Conditioning, Air Conditioning Engineers Installation And Maintenance, Electromechanical Contractors, Painters and Painting Contractors, Plumbing and Sanitary Contractors Tiles Fixing Read More Map Send Enquiry",Dubai,04-2223516,https://www.uae-yellowpages.ae/listing-category/electromechanical-contractors/?page=5,
Dubai 381049,Dubai 381049,Dubai,,https://www.uae-yellowpages.ae/listing-category/electromechanical-contractors/?page=5,
055-5667214 04-2223516,"055-5667214 04-2223516 Products & Services Air Conditioning, Air Conditioning Engineers Installation And Maintenance, Electromechanical Contractors, Painters and Painting Contractors, Plumbing and Sanitary Contractors Tiles Fixing Read More",,04-2223516,https://www.uae-yellowpages.ae/listing-category/electromechanical-contractors/?page=5,
Products & Services,"055-5667214 04-2223516 Products & Services Air Conditioning, Air Conditioning Engineers Installation And Maintenance, Electromechanical Contractors, Painters and Painting Contractors, Plumbing and Sanitary Contractors Tiles Fixing Read More",,04-2223516,https://www.uae-yellowpages.ae/listing-category/electromechanical-contractors/?page=5,
"Galadari Bldg, Opp Mazda Showroom, Deira","Najmat Group Of Companies more info Galadari Bldg, Opp Mazda Showroom, Deira Dubai 112155 04-2666389 04-2667389 Products & Services Contractors Electromechanical, Electromechanical Contractors Send Enquiry",Dubai,04-2666389,https://www.uae-yellowpages.ae/listing-category/electromechanical-contractors/?page=5,
Dubai 112155,Dubai 112155,Dubai,,https://www.uae-yellowpages.ae/listing-category/electromechanical-contractors/?page=5,
04-2666389 04-2667389,"04-2666389 04-2667389 Products & Services Contractors Electromechanical, Electromechanical Contractors",,04-2666389,https://www.uae-yellowpages.ae/listing-category/electromechanical-contractors/?page=5,
Products & Services,"04-2666389 04-2667389 Products & Services Contractors Electromechanical, Electromechanical Contractors",,04-2666389,https://www.uae-yellowpages.ae/listing-category/electromechanical-contractors/?page=5,
"205, PTC Bldg, Damascus St, Al Qusais","Najmat Al Ras Electro Mechanical Works LLC more info 205, PTC Bldg, Damascus St, Al Qusais Dubai 113650 04-2511708 055-5564892 04-2511709 Products & Services Contractors Electromechanical, Electrical Contractors and Electricians, Electromechanical Contractors, Plumbing and Electrical Contractors Map Send Enquiry",Dubai,04-2511708,https://www.uae-yellowpages.ae/listing-category/electromechanical-contractors/?page=5,
Dubai 113650,Dubai 113650,Dubai,,https://www.uae-yellowpages.ae/listing-category/electromechanical-contractors/?page=5,
04-2511708 055-5564892 04-2511709,"04-2511708 055-5564892 04-2511709 Products & Services Contractors Electromechanical, Electrical Contractors and Electricians, Electromechanical Contractors, Plumbing and Electrical Contractors",,04-2511708,https://www.uae-yellowpages.ae/listing-category/electromechanical-contractors/?page=5,
Products & Services,"04-2511708 055-5564892 04-2511709 Products & Services Contractors Electromechanical, Electrical Contractors and Electricians, Electromechanical Contractors, Plumbing and Electrical Contractors",,04-2511708,https://www.uae-yellowpages.ae/listing-category/electromechanical-contractors/?page=5,
"705, Damac Business Tower, Business Bay","Pathak Middle East Electromechanical LLC more info 705, Damac Business Tower, Business Bay Dubai 89350 04-3586520 04-3586530 Products & Services Air Conditioning Contractors, Cladding Lift and Escalator, Contractors Electromechanical, Electrical Contractors and Electricians, Electromechanical Contractors Electromechanical Engineers and Consultants, Fire Alarm Systems, Fire Protection and Fire Fighting Equipment and Service, Fitout Contractors, Insulation Contractors and Material Suppliers Read More Map Send Enquiry",Dubai,04-3586520,https://www.uae-yellowpages.ae/listing-category/electromechanical-contractors/?page=5,
Dubai 89350,Dubai 89350,Dubai,,https://www.uae-yellowpages.ae/listing-category/electromechanical-contractors/?page=5,
04-3586520 04-3586530,"04-3586520 04-3586530 Products & Services Air Conditioning Contractors, Cladding Lift and Escalator, Contractors Electromechanical, Electrical Contractors and Electricians, Electromechanical Contractors Electromechanical Engineers and Consultants, Fire Alarm Systems, Fire Protection and Fire Fighting Equipment and Service, Fitout Contractors, Insulation Contractors and Material Suppliers Read More",,04-3586520,https://www.uae-yellowpages.ae/listing-category/electromechanical-contractors/?page=5,
Products & Services,"04-3586520 04-3586530 Products & Services Air Conditioning Contractors, Cladding Lift and Escalator, Contractors Electromechanical, Electrical Contractors and Electricians, Electromechanical Contractors Electromechanical Engineers and Consultants, Fire Alarm Systems, Fire Protection and Fire Fighting Equipment and Service, Fitout Contractors, Insulation Contractors and Material Suppliers Read More",,04-3586520,https://www.uae-yellowpages.ae/listing-category/electromechanical-contractors/?page=5,
"Office 857, 8th Floor, Al Gaith Tower, Near Lulu Express, Hamdan Street","Stylish Advanced Decor more info Office 857, 8th Floor, Al Gaith Tower, Near Lulu Express, Hamdan Street Abu Dhabi 108744 02-5089124 050-5121868 Products & Services 3D Visualization, AC Contractors, AC Maintenance, Aluminium and Glass Works, Architectural Design Authority Approvals, Bathroom Renovation, Carpentry, Carpet Flooring, Commercial Kitchen, Commercial Space Design and Fitouts, Decoration Works, Electromechanical Contractors, Exhibition Stands, False Ceiling, Fire Rated Doors, Fitout Contractors, Flooring, Glass Doors, Glass Partition Works, Glass Partitions, Glass Works, Gypsum Decoration, Gypsum Decoration Works, Gypsum Interior Decorators, Gypsum Partition, HVAC Contractors, Interior Decorators, Interior Decorators And Designers, Interior Fitouts, Joinery, Kiosks, Kitchen Cabinets, Mashrabiya Pattern, MEP Contractors, Office Fitout, Office Modification, Office Renovation, Parquet Flooring, Partitions, Renovation Companies, Restaurant Decoration, Restaurant Fitouts, Restaurant Interiors, Tiles Fixing, Turnkey Projects, Villa Renovation, Wooden Cladding, Wooden Doors Read More Map Images Send Enquiry",Abu Dhabi,02-5089124,https://www.uae-yellowpages.ae/listing-category/electromechanical-contractors/?page=5,
Abu Dhabi 108744,Abu Dhabi 108744,Abu Dhabi,,https://www.uae-yellowpages.ae/listing-category/electromechanical-contractors/?page=5,
02-5089124 050-5121868,"02-5089124 050-5121868 Products & Services 3D Visualization, AC Contractors, AC Maintenance, Aluminium and Glass Works, Architectural Design Authority Approvals, Bathroom Renovation, Carpentry, Carpet Flooring, Commercial Kitchen, Commercial Space Design and Fitouts, Decoration Works, Electromechanical Contractors, Exhibition Stands, False Ceiling, Fire Rated Doors, Fitout Contractors, Flooring, Glass Doors, Glass Partition Works, Glass Partitions, Glass Works, Gypsum Decoration, Gypsum Decoration Works, Gypsum Interior Decorators, Gypsum Partition, HVAC Contractors, Interior Decorators, Interior Decorators And Designers, Interior Fitouts, Joinery, Kiosks, Kitchen Cabinets, Mashrabiya Pattern, MEP Contractors, Office Fitout, Office Modification, Office Renovation, Parquet Flooring, Partitions, Renovation Companies, Restaurant Decoration, Restaurant Fitouts, Restaurant Interiors, Tiles Fixing, Turnkey Projects, Villa Renovation, Wooden Cladding, Wooden Doors Read More",,02-5089124,https://www.uae-yellowpages.ae/listing-category/electromechanical-contractors/?page=5,
Products & Services,"02-5089124 050-5121868 Products & Services 3D Visualization, AC Contractors, AC Maintenance, Aluminium and Glass Works, Architectural Design Authority Approvals, Bathroom Renovation, Carpentry, Carpet Flooring, Commercial Kitchen, Commercial Space Design and Fitouts, Decoration Works, Electromechanical Contractors, Exhibition Stands, False Ceiling, Fire Rated Doors, Fitout Contractors, Flooring, Glass Doors, Glass Partition Works, Glass Partitions, Glass Works, Gypsum Decoration, Gypsum Decoration Works, Gypsum Interior Decorators, Gypsum Partition, HVAC Contractors, Interior Decorators, Interior Decorators And Designers, Interior Fitouts, Joinery, Kiosks, Kitchen Cabinets, Mashrabiya Pattern, MEP Contractors, Office Fitout, Office Modification, Office Renovation, Parquet Flooring, Partitions, Renovation Companies, Restaurant Decoration, Restaurant Fitouts, Restaurant Interiors, Tiles Fixing, Turnkey Projects, Villa Renovation, Wooden Cladding, Wooden Doors Read More",,02-5089124,https://www.uae-yellowpages.ae/listing-category/electromechanical-contractors/?page=5,
"M1, Concord Salon Bldg, Khalidiya","New Age Technology LLC more info M1, Concord Salon Bldg, Khalidiya Abu Dhabi 42355 02-6662004 050-7868158 02-6662360 Products & Services Air Conditioning Engineers Installation And Maintenance, Building Maintenance, CCTV, Contractors Electromechanical, Electromechanical Contractors Map Send Enquiry",Abu Dhabi,02-6662004,https://www.uae-yellowpages.ae/listing-category/electromechanical-contractors/?page=5,
Abu Dhabi 42355,Abu Dhabi 42355,Abu Dhabi,,https://www.uae-yellowpages.ae/listing-category/electromechanical-contractors/?page=5,
02-6662004 050-7868158 02-6662360,"02-6662004 050-7868158 02-6662360 Products & Services Air Conditioning Engineers Installation And Maintenance, Building Maintenance, CCTV, Contractors Electromechanical, Electromechanical Contractors",,02-6662004,https://www.uae-yellowpages.ae/listing-category/electromechanical-contractors/?page=5,
Products & Services,"02-6662004 050-7868158 02-6662360 Products & Services Air Conditioning Engineers Installation And Maintenance, Building Maintenance, CCTV, Contractors Electromechanical, Electromechanical Contractors",,02-6662004,https://www.uae-yellowpages.ae/listing-category/electromechanical-contractors/?page=5,
"Office 04, ME-10, Shabiya Near UAE Exchange","Power Logic Electro Mechanical LLC more info Office 04, ME-10, Shabiya Near UAE Exchange Abu Dhabi 110348 02-5519720 02-5519721 Products & Services Cable Laying Contractors, Contractors Electromechanical, Electromechanical Contractors, Electromechanical Engineers and Consultants Map Send Enquiry",Abu Dhabi,02-5519720,https://www.uae-yellowpages.ae/listing-category/electromechanical-contractors/?page=5,
Abu Dhabi 110348,Abu Dhabi 110348,Abu Dhabi,,https://www.uae-yellowpages.ae/listing-category/electromechanical-contractors/?page=5,
02-5519720 02-5519721,"02-5519720 02-5519721 Products & Services Cable Laying Contractors, Contractors Electromechanical, Electromechanical Contractors, Electromechanical Engineers and Consultants",,02-5519720,https://www.uae-yellowpages.ae/listing-category/electromechanical-contractors/?page=5,
Products & Services,"02-5519720 02-5519721 Products & Services Cable Laying Contractors, Contractors Electromechanical, Electromechanical Contractors, Electromechanical Engineers and Consultants",,02-5519720,https://www.uae-yellowpages.ae/listing-category/electromechanical-contractors/?page=5,
Mussafah 34,"Silver Lake Electromechanical Works LLC more info Mussafah 34 Abu Dhabi 89144 050-6723547 050-1119028 Products & Services AC, AC Annual Maintenance, AC Contractors, AC Installation, AC Installation and Maintenance AC Maintenance, AC Maintenance and Services, AC Repair, AC Services, AC Servicing, Air Conditioning Contractors, Air Conditioning Engineers Installation And Maintenance, Air Conditioning Equipment and Systems, Air Conditioning Equipment And Systems Repairs And Maintenance, Central AC Maintenance, Chiller Maintenance, Chiller Repairing, Electrical Contractors and Electricians, Electromechanical, Electromechanical Contractors, HVAC and AMC Contract, HVAC Contractors Read More Map Images Send Enquiry",Abu Dhabi,050-6723547,https://www.uae-yellowpages.ae/listing-category/electromechanical-contractors/?page=5,
Abu Dhabi 89144,Abu Dhabi 89144,Abu Dhabi,,https://www.uae-yellowpages.ae/listing-category/electromechanical-contractors/?page=5,
050-6723547 050-1119028,"050-6723547 050-1119028 Products & Services AC, AC Annual Maintenance, AC Contractors, AC Installation, AC Installation and Maintenance AC Maintenance, AC Maintenance and Services, AC Repair, AC Services, AC Servicing, Air Conditioning Contractors, Air Conditioning Engineers Installation And Maintenance, Air Conditioning Equipment and Systems, Air Conditioning Equipment And Systems Repairs And Maintenance, Central AC Maintenance, Chiller Maintenance, Chiller Repairing, Electrical Contractors and Electricians, Electromechanical, Electromechanical Contractors, HVAC and AMC Contract, HVAC Contractors Read More",,050-6723547,https://www.uae-yellowpages.ae/listing-category/electromechanical-contractors/?page=5,
Products & Services,"050-6723547 050-1119028 Products & Services AC, AC Annual Maintenance, AC Contractors, AC Installation, AC Installation and Maintenance AC Maintenance, AC Maintenance and Services, AC Repair, AC Services, AC Servicing, Air Conditioning Contractors, Air Conditioning Engineers Installation And Maintenance, Air Conditioning Equipment and Systems, Air Conditioning Equipment And Systems Repairs And Maintenance, Central AC Maintenance, Chiller Maintenance, Chiller Repairing, Electrical Contractors and Electricians, Electromechanical, Electromechanical Contractors, HVAC and AMC Contract, HVAC Contractors Read More",,050-6723547,https://www.uae-yellowpages.ae/listing-category/electromechanical-contractors/?page=5,
"Scan Electromechanical Building, Behind Tuba Intl, Indl Area No 5","Scan Electromechanical Contracting Company LLC more info Scan Electromechanical Building, Behind Tuba Intl, Indl Area No 5 Sharjah 31599 06-5422773 06-5422986 Products & Services Cable Laying Contractors, Contractors Electromechanical, Electromechanical Contractors, Overhead Transmission Lines, Power Transformer Transformers, Transformers Manufacturers and Suppliers Read More Brand(s) MCCLOSKEY HDD Machines Map Images Send Enquiry",Sharjah,06-5422773,https://www.uae-yellowpages.ae/listing-category/electromechanical-contractors/?page=5,
Sharjah 31599,Sharjah 31599,Sharjah,,https://www.uae-yellowpages.ae/listing-category/electromechanical-contractors/?page=5,
06-5422773 06-5422986,"06-5422773 06-5422986 Products & Services Cable Laying Contractors, Contractors Electromechanical, Electromechanical Contractors, Overhead Transmission Lines, Power Transformer Transformers, Transformers Manufacturers and Suppliers Read More Brand(s) MCCLOSKEY HDD Machines",,06-5422773,https://www.uae-yellowpages.ae/listing-category/electromechanical-contractors/?page=5,
Products & Services,"06-5422773 06-5422986 Products & Services Cable Laying Contractors, Contractors Electromechanical, Electromechanical Contractors, Overhead Transmission Lines, Power Transformer Transformers, Transformers Manufacturers and Suppliers Read More Brand(s) MCCLOSKEY HDD Machines",,06-5422773,https://www.uae-yellowpages.ae/listing-category/electromechanical-contractors/?page=5,
Brand(s),"06-5422773 06-5422986 Products & Services Cable Laying Contractors, Contractors Electromechanical, Electromechanical Contractors, Overhead Transmission Lines, Power Transformer Transformers, Transformers Manufacturers and Suppliers Read More Brand(s) MCCLOSKEY HDD Machines",,06-5422773,https://www.uae-yellowpages.ae/listing-category/electromechanical-contractors/?page=5,
"6, First Floor, Times Coffee Shop Bldg, Near Jumbo Plastic, Mussafah-43, Sanaya","Unique Style General Transport & Contracting more info 6, First Floor, Times Coffee Shop Bldg, Near Jumbo Plastic, Mussafah-43, Sanaya Abu Dhabi 30586 02-5593514 055-3882921 02-5531503 Products & Services Construction Equipment And Machinery Rental, Contractor General, Crane Hire, Electrical Contractors, Electromechanical Contractors Epoxy, Epoxy Coating and Protective Coating, Epoxy Painting, Forklift Suppliers, Forklifts Rental Parts And Service, Labour Supply, Manpower Suppliers, Off Shore, Oil And Gas Consultancy And Services, Oilfield Contractors and Services, Oilfield Equipment Rental, On Shore, Painters and Painting Contractors, Painting and Blasting, Steel Fabrication, Transport Companies, Transportation Consultants, Waterproofing Contractors Read More Map Send Enquiry",Abu Dhabi,02-5593514,https://www.uae-yellowpages.ae/listing-category/electromechanical-contractors/?page=5,
Abu Dhabi 30586,Abu Dhabi 30586,Abu Dhabi,,https://www.uae-yellowpages.ae/listing-category/electromechanical-contractors/?page=5,
02-5593514 055-3882921 02-5531503,"02-5593514 055-3882921 02-5531503 Products & Services Construction Equipment And Machinery Rental, Contractor General, Crane Hire, Electrical Contractors, Electromechanical Contractors Epoxy, Epoxy Coating and Protective Coating, Epoxy Painting, Forklift Suppliers, Forklifts Rental Parts And Service, Labour Supply, Manpower Suppliers, Off Shore, Oil And Gas Consultancy And Services, Oilfield Contractors and Services, Oilfield Equipment Rental, On Shore, Painters and Painting Contractors, Painting and Blasting, Steel Fabrication, Transport Companies, Transportation Consultants, Waterproofing Contractors Read More",,02-5593514,https://www.uae-yellowpages.ae/listing-category/electromechanical-contractors/?page=5,
Products & Services,"02-5593514 055-3882921 02-5531503 Products & Services Construction Equipment And Machinery Rental, Contractor General, Crane Hire, Electrical Contractors, Electromechanical Contractors Epoxy, Epoxy Coating and Protective Coating, Epoxy Painting, Forklift Suppliers, Forklifts Rental Parts And Service, Labour Supply, Manpower Suppliers, Off Shore, Oil And Gas Consultancy And Services, Oilfield Contractors and Services, Oilfield Equipment Rental, On Shore, Painters and Painting Contractors, Painting and Blasting, Steel Fabrication, Transport Companies, Transportation Consultants, Waterproofing Contractors Read More",,02-5593514,https://www.uae-yellowpages.ae/listing-category/electromechanical-contractors/?page=5,
"Plot 7, Street No 29, Mussafah, M-2","Genfocus Electro Mechanical Contracting Establishment more info Plot 7, Street No 29, Mussafah, M-2 Abu Dhabi 91696 02-5551453 02-5551451 Products & Services Cable Fault Finding, Contractor General, Contractors Electromechanical, Electrical Testing, Electromechanical Contractors Electromechanical Engineers and Consultants, Transformer Oil Filtration Read More Map Send Enquiry",Abu Dhabi,02-5551453,https://www.uae-yellowpages.ae/listing-category/electromechanical-contractors/?page=5,
Abu Dhabi 91696,Abu Dhabi 91696,Abu Dhabi,,https://www.uae-yellowpages.ae/listing-category/electromechanical-contractors/?page=5,
02-5551453 02-5551451,"02-5551453 02-5551451 Products & Services Cable Fault Finding, Contractor General, Contractors Electromechanical, Electrical Testing, Electromechanical Contractors Electromechanical Engineers and Consultants, Transformer Oil Filtration Read More",,02-5551453,https://www.uae-yellowpages.ae/listing-category/electromechanical-contractors/?page=5,
Products & Services,"02-5551453 02-5551451 Products & Services Cable Fault Finding, Contractor General, Contractors Electromechanical, Electrical Testing, Electromechanical Contractors Electromechanical Engineers and Consultants, Transformer Oil Filtration Read More",,02-5551453,https://www.uae-yellowpages.ae/listing-category/electromechanical-contractors/?page=5,
"12, M32/1, Near Malayalam Samaj, Musaffah","Daar Al Taaqa Technical Works more info 12, M32/1, Near Malayalam Samaj, Musaffah Abu Dhabi 050-2104144 Products & Services Ac Annual Maintenance Contractor, AC Installation, AC Maintenance, AC Repair, AC Supply and Installation Air Conditioning Contractors, Air Conditioning Engineers Installation And Maintenance, Chiller Maintenance, Chiller Repair, Electromechanical Contractors, Electromechanical Works, HVAC, HVAC and AMC Contract, HVAC Contractors, MEP Contractors, MEP Works Read More Map Images Send Enquiry",Abu Dhabi,050-2104144,https://www.uae-yellowpages.ae/listing-category/electromechanical-contractors/?page=5,
Abu Dhabi,Abu Dhabi,Abu Dhabi,,https://www.uae-yellowpages.ae/listing-category/electromechanical-contractors/?page=5,
050-2104144,"050-2104144 Products & Services Ac Annual Maintenance Contractor, AC Installation, AC Maintenance, AC Repair, AC Supply and Installation Air Conditioning Contractors, Air Conditioning Engineers Installation And Maintenance, Chiller Maintenance, Chiller Repair, Electromechanical Contractors, Electromechanical Works, HVAC, HVAC and AMC Contract, HVAC Contractors, MEP Contractors, MEP Works Read More",,050-2104144,https://www.uae-yellowpages.ae/listing-category/electromechanical-contractors/?page=5,
Products & Services,"050-2104144 Products & Services Ac Annual Maintenance Contractor, AC Installation, AC Maintenance, AC Repair, AC Supply and Installation Air Conditioning Contractors, Air Conditioning Engineers Installation And Maintenance, Chiller Maintenance, Chiller Repair, Electromechanical Contractors, Electromechanical Works, HVAC, HVAC and AMC Contract, HVAC Contractors, MEP Contractors, MEP Works Read More",,050-2104144,https://www.uae-yellowpages.ae/listing-category/electromechanical-contractors/?page=5,
"Office 1, City Tower, Abu Shagara","Al Zahriah Electro Mechanical Contracting more info Office 1, City Tower, Abu Shagara Sharjah 20394 06-5535811 06-5444613 Products & Services Concrete Cutting, Contractors Electromechanical, Electromechanical, Electromechanical Contractors, Electromechanical Engineers and Consultants MEP Contracting, Precise Cording, Telecom Tower Erection Read More Map Send Enquiry",Sharjah,06-5535811,https://www.uae-yellowpages.ae/listing-category/electromechanical-contractors/?page=5,
Sharjah 20394,Sharjah 20394,Sharjah,,https://www.uae-yellowpages.ae/listing-category/electromechanical-contractors/?page=5,
06-5535811 06-5444613,"06-5535811 06-5444613 Products & Services Concrete Cutting, Contractors Electromechanical, Electromechanical, Electromechanical Contractors, Electromechanical Engineers and Consultants MEP Contracting, Precise Cording, Telecom Tower Erection Read More",,06-5535811,https://www.uae-yellowpages.ae/listing-category/electromechanical-contractors/?page=5,
Products & Services,"06-5535811 06-5444613 Products & Services Concrete Cutting, Contractors Electromechanical, Electromechanical, Electromechanical Contractors, Electromechanical Engineers and Consultants MEP Contracting, Precise Cording, Telecom Tower Erection Read More",,06-5535811,https://www.uae-yellowpages.ae/listing-category/electromechanical-contractors/?page=5,
"Office 34, Mazyad Mall Business Center, Tower 1, Musaffah","Capricorn General Maintenance more info Office 34, Mazyad Mall Business Center, Tower 1, Musaffah Abu Dhabi 050-5071276 Products & Services AC Contractors, Air Conditioning Contractors, Air Conditioning Equipment And Systems Repairs And Maintenance, Chilled Water Pipes, Chiller Maintenance Electrical Contractors, Electrical Contractors and Electricians, Electrical Maintenance, Electromechanical, Electromechanical Contractors, HVAC and AMC Contract, HVAC Contractors, MEP Contractors, Plumbing And Electrical Works, Plumbing and Sanitary Contractors Read More Map Send Enquiry",Abu Dhabi,050-5071276,https://www.uae-yellowpages.ae/listing-category/electromechanical-contractors/?page=5,
Abu Dhabi,Abu Dhabi,Abu Dhabi,,https://www.uae-yellowpages.ae/listing-category/electromechanical-contractors/?page=5,
050-5071276,"050-5071276 Products & Services AC Contractors, Air Conditioning Contractors, Air Conditioning Equipment And Systems Repairs And Maintenance, Chilled Water Pipes, Chiller Maintenance Electrical Contractors, Electrical Contractors and Electricians, Electrical Maintenance, Electromechanical, Electromechanical Contractors, HVAC and AMC Contract, HVAC Contractors, MEP Contractors, Plumbing And Electrical Works, Plumbing and Sanitary Contractors Read More",,050-5071276,https://www.uae-yellowpages.ae/listing-category/electromechanical-contractors/?page=5,
Products & Services,"050-5071276 Products & Services AC Contractors, Air Conditioning Contractors, Air Conditioning Equipment And Systems Repairs And Maintenance, Chilled Water Pipes, Chiller Maintenance Electrical Contractors, Electrical Contractors and Electricians, Electrical Maintenance, Electromechanical, Electromechanical Contractors, HVAC and AMC Contract, HVAC Contractors, MEP Contractors, Plumbing And Electrical Works, Plumbing and Sanitary Contractors Read More",,050-5071276,https://www.uae-yellowpages.ae/listing-category/electromechanical-contractors/?page=5,
"105-106, 1st Flr, Old JVC Bldg, Opp Etisalat, Airport Rd","Al Inayah Electro-mechanical Works LLC more info 105-106, 1st Flr, Old JVC Bldg, Opp Etisalat, Airport Rd Abu Dhabi 71611 02-6337921 02-6335732 Products & Services Air Conditioning Contractors, Air Conditioning Engineers Installation And Maintenance, Contractors Electromechanical, Electromechanical Contractors, MEP Contractors Map Send Enquiry",Abu Dhabi,02-6337921,https://www.uae-yellowpages.ae/listing-category/electromechanical-contractors/?page=5,
Abu Dhabi 71611,Abu Dhabi 71611,Abu Dhabi,,https://www.uae-yellowpages.ae/listing-category/electromechanical-contractors/?page=5,
02-6337921 02-6335732,"02-6337921 02-6335732 Products & Services Air Conditioning Contractors, Air Conditioning Engineers Installation And Maintenance, Contractors Electromechanical, Electromechanical Contractors, MEP Contractors",,02-6337921,https://www.uae-yellowpages.ae/listing-category/electromechanical-contractors/?page=5,
Products & Services,"02-6337921 02-6335732 Products & Services Air Conditioning Contractors, Air Conditioning Engineers Installation And Maintenance, Contractors Electromechanical, Electromechanical Contractors, MEP Contractors",,02-6337921,https://www.uae-yellowpages.ae/listing-category/electromechanical-contractors/?page=5,
Advertise With Us,Advertise With Us,,,https://www.uae-yellowpages.ae/listing-category/electromechanical-contractors/?page=5,
